-- MySQL dump 10.13  Distrib 5.5.58, for debian-linux-gnu (i686)
--
-- Host: localhost    Database: ang22
-- ------------------------------------------------------
-- Server version	5.5.58-0+deb8u1

/*!40101 SET @OLD_CHARACTER_SET_CLIENT=@@CHARACTER_SET_CLIENT */;
/*!40101 SET @OLD_CHARACTER_SET_RESULTS=@@CHARACTER_SET_RESULTS */;
/*!40101 SET @OLD_COLLATION_CONNECTION=@@COLLATION_CONNECTION */;
/*!40101 SET NAMES utf8 */;
/*!40103 SET @OLD_TIME_ZONE=@@TIME_ZONE */;
/*!40103 SET TIME_ZONE='+00:00' */;
/*!40014 SET @OLD_UNIQUE_CHECKS=@@UNIQUE_CHECKS, UNIQUE_CHECKS=0 */;
/*!40014 SET @OLD_FOREIGN_KEY_CHECKS=@@FOREIGN_KEY_CHECKS, FOREIGN_KEY_CHECKS=0 */;
/*!40101 SET @OLD_SQL_MODE=@@SQL_MODE, SQL_MODE='NO_AUTO_VALUE_ON_ZERO' */;
/*!40111 SET @OLD_SQL_NOTES=@@SQL_NOTES, SQL_NOTES=0 */;

--
-- Table structure for table `oc_address`
--

DROP TABLE IF EXISTS `oc_address`;
/*!40101 SET @saved_cs_client     = @@character_set_client */;
/*!40101 SET character_set_client = utf8 */;
CREATE TABLE `oc_address` (
  `address_id` int(11) NOT NULL AUTO_INCREMENT,
  `customer_id` int(11) NOT NULL,
  `firstname` varchar(32) NOT NULL,
  `lastname` varchar(32) NOT NULL,
  `company` varchar(40) NOT NULL,
  `address_1` varchar(128) NOT NULL,
  `address_2` varchar(128) NOT NULL,
  `city` varchar(128) NOT NULL,
  `postcode` varchar(10) NOT NULL,
  `country_id` int(11) NOT NULL DEFAULT '0',
  `zone_id` int(11) NOT NULL DEFAULT '0',
  `custom_field` text NOT NULL,
  PRIMARY KEY (`address_id`),
  KEY `customer_id` (`customer_id`)
) ENGINE=MyISAM AUTO_INCREMENT=2 DEFAULT CHARSET=utf8;
/*!40101 SET character_set_client = @saved_cs_client */;

--
-- Dumping data for table `oc_address`
--

LOCK TABLES `oc_address` WRITE;
/*!40000 ALTER TABLE `oc_address` DISABLE KEYS */;
INSERT INTO `oc_address` VALUES (1,1,'plaza','themes','','plaza','','plaza','plaza',222,3525,'');
/*!40000 ALTER TABLE `oc_address` ENABLE KEYS */;
UNLOCK TABLES;

--
-- Table structure for table `oc_affiliate`
--

DROP TABLE IF EXISTS `oc_affiliate`;
/*!40101 SET @saved_cs_client     = @@character_set_client */;
/*!40101 SET character_set_client = utf8 */;
CREATE TABLE `oc_affiliate` (
  `affiliate_id` int(11) NOT NULL AUTO_INCREMENT,
  `firstname` varchar(32) NOT NULL,
  `lastname` varchar(32) NOT NULL,
  `email` varchar(96) NOT NULL,
  `telephone` varchar(32) NOT NULL,
  `fax` varchar(32) NOT NULL,
  `password` varchar(40) NOT NULL,
  `salt` varchar(9) NOT NULL,
  `company` varchar(40) NOT NULL,
  `website` varchar(255) NOT NULL,
  `address_1` varchar(128) NOT NULL,
  `address_2` varchar(128) NOT NULL,
  `city` varchar(128) NOT NULL,
  `postcode` varchar(10) NOT NULL,
  `country_id` int(11) NOT NULL,
  `zone_id` int(11) NOT NULL,
  `code` varchar(64) NOT NULL,
  `commission` decimal(4,2) NOT NULL DEFAULT '0.00',
  `tax` varchar(64) NOT NULL,
  `payment` varchar(6) NOT NULL,
  `cheque` varchar(100) NOT NULL,
  `paypal` varchar(64) NOT NULL,
  `bank_name` varchar(64) NOT NULL,
  `bank_branch_number` varchar(64) NOT NULL,
  `bank_swift_code` varchar(64) NOT NULL,
  `bank_account_name` varchar(64) NOT NULL,
  `bank_account_number` varchar(64) NOT NULL,
  `ip` varchar(40) NOT NULL,
  `status` tinyint(1) NOT NULL,
  `approved` tinyint(1) NOT NULL,
  `date_added` datetime NOT NULL,
  PRIMARY KEY (`affiliate_id`)
) ENGINE=MyISAM DEFAULT CHARSET=utf8;
/*!40101 SET character_set_client = @saved_cs_client */;

--
-- Dumping data for table `oc_affiliate`
--

LOCK TABLES `oc_affiliate` WRITE;
/*!40000 ALTER TABLE `oc_affiliate` DISABLE KEYS */;
/*!40000 ALTER TABLE `oc_affiliate` ENABLE KEYS */;
UNLOCK TABLES;

--
-- Table structure for table `oc_affiliate_activity`
--

DROP TABLE IF EXISTS `oc_affiliate_activity`;
/*!40101 SET @saved_cs_client     = @@character_set_client */;
/*!40101 SET character_set_client = utf8 */;
CREATE TABLE `oc_affiliate_activity` (
  `affiliate_activity_id` int(11) NOT NULL AUTO_INCREMENT,
  `affiliate_id` int(11) NOT NULL,
  `key` varchar(64) NOT NULL,
  `data` text NOT NULL,
  `ip` varchar(40) NOT NULL,
  `date_added` datetime NOT NULL,
  PRIMARY KEY (`affiliate_activity_id`)
) ENGINE=MyISAM DEFAULT CHARSET=utf8;
/*!40101 SET character_set_client = @saved_cs_client */;

--
-- Dumping data for table `oc_affiliate_activity`
--

LOCK TABLES `oc_affiliate_activity` WRITE;
/*!40000 ALTER TABLE `oc_affiliate_activity` DISABLE KEYS */;
/*!40000 ALTER TABLE `oc_affiliate_activity` ENABLE KEYS */;
UNLOCK TABLES;

--
-- Table structure for table `oc_affiliate_login`
--

DROP TABLE IF EXISTS `oc_affiliate_login`;
/*!40101 SET @saved_cs_client     = @@character_set_client */;
/*!40101 SET character_set_client = utf8 */;
CREATE TABLE `oc_affiliate_login` (
  `affiliate_login_id` int(11) NOT NULL AUTO_INCREMENT,
  `email` varchar(96) NOT NULL,
  `ip` varchar(40) NOT NULL,
  `total` int(4) NOT NULL,
  `date_added` datetime NOT NULL,
  `date_modified` datetime NOT NULL,
  PRIMARY KEY (`affiliate_login_id`),
  KEY `email` (`email`),
  KEY `ip` (`ip`)
) ENGINE=MyISAM DEFAULT CHARSET=utf8;
/*!40101 SET character_set_client = @saved_cs_client */;

--
-- Dumping data for table `oc_affiliate_login`
--

LOCK TABLES `oc_affiliate_login` WRITE;
/*!40000 ALTER TABLE `oc_affiliate_login` DISABLE KEYS */;
/*!40000 ALTER TABLE `oc_affiliate_login` ENABLE KEYS */;
UNLOCK TABLES;

--
-- Table structure for table `oc_affiliate_transaction`
--

DROP TABLE IF EXISTS `oc_affiliate_transaction`;
/*!40101 SET @saved_cs_client     = @@character_set_client */;
/*!40101 SET character_set_client = utf8 */;
CREATE TABLE `oc_affiliate_transaction` (
  `affiliate_transaction_id` int(11) NOT NULL AUTO_INCREMENT,
  `affiliate_id` int(11) NOT NULL,
  `order_id` int(11) NOT NULL,
  `description` text NOT NULL,
  `amount` decimal(15,4) NOT NULL,
  `date_added` datetime NOT NULL,
  PRIMARY KEY (`affiliate_transaction_id`)
) ENGINE=MyISAM DEFAULT CHARSET=utf8;
/*!40101 SET character_set_client = @saved_cs_client */;

--
-- Dumping data for table `oc_affiliate_transaction`
--

LOCK TABLES `oc_affiliate_transaction` WRITE;
/*!40000 ALTER TABLE `oc_affiliate_transaction` DISABLE KEYS */;
/*!40000 ALTER TABLE `oc_affiliate_transaction` ENABLE KEYS */;
UNLOCK TABLES;

--
-- Table structure for table `oc_api`
--

DROP TABLE IF EXISTS `oc_api`;
/*!40101 SET @saved_cs_client     = @@character_set_client */;
/*!40101 SET character_set_client = utf8 */;
CREATE TABLE `oc_api` (
  `api_id` int(11) NOT NULL AUTO_INCREMENT,
  `name` varchar(64) NOT NULL,
  `key` text NOT NULL,
  `status` tinyint(1) NOT NULL,
  `date_added` datetime NOT NULL,
  `date_modified` datetime NOT NULL,
  PRIMARY KEY (`api_id`)
) ENGINE=MyISAM AUTO_INCREMENT=3 DEFAULT CHARSET=utf8;
/*!40101 SET character_set_client = @saved_cs_client */;

--
-- Dumping data for table `oc_api`
--

LOCK TABLES `oc_api` WRITE;
/*!40000 ALTER TABLE `oc_api` DISABLE KEYS */;
INSERT INTO `oc_api` VALUES (1,'Default','3fFgrpyw1Ecm2GLxzNmcSjSHL0TcwK9RSA16MZJIrySwEmIcYdh6kkzVMluGgIDVHcnnBpyW9eEgPtqaVwYmGc31fxOErevFMBdVplqvYEU88eYOGVM927XwMNdh6KAS01uMfnDpz35ZIB8nP5nplLhggv7578Y3ZnvFlZNBoWgQjMc3NXnfWnELj0b6PMM5oRvxZkMpcrqX56nm9YveCDQ7gGBuUlYBgWhQ6no7yiIJT1xvvisKwE2uiyKQKgof',1,'2016-12-06 15:08:34','2016-12-06 15:08:34'),(2,'Default','msbx4Q21m56TU7mWpEgBXmmtKQfEe1hqxQkdiee9geb7JiBbeti5yBHjQj2lV3jYJ9G6P2mJ79ycE6o0dOzYybNL1UYrvEvmBRpJZrzchq1b0a8dMkkCeONvD7fH6v3ZCxQ6FJd2TKPhmufQp0rYihLMGIx7F2BiYWKJ7QXRHrQVspdgLDvVyuiWAcEJTzHGRkReqgDbxZLkoJLT6H6YqsBGJjmcouWaXsNWakvR0p1qjUFJvAl4ZfUfEG4ubztT',1,'2017-11-29 23:47:11','2017-11-29 23:47:11');
/*!40000 ALTER TABLE `oc_api` ENABLE KEYS */;
UNLOCK TABLES;

--
-- Table structure for table `oc_api_ip`
--

DROP TABLE IF EXISTS `oc_api_ip`;
/*!40101 SET @saved_cs_client     = @@character_set_client */;
/*!40101 SET character_set_client = utf8 */;
CREATE TABLE `oc_api_ip` (
  `api_ip_id` int(11) NOT NULL AUTO_INCREMENT,
  `api_id` int(11) NOT NULL,
  `ip` varchar(40) NOT NULL,
  PRIMARY KEY (`api_ip_id`)
) ENGINE=MyISAM DEFAULT CHARSET=utf8;
/*!40101 SET character_set_client = @saved_cs_client */;

--
-- Dumping data for table `oc_api_ip`
--

LOCK TABLES `oc_api_ip` WRITE;
/*!40000 ALTER TABLE `oc_api_ip` DISABLE KEYS */;
/*!40000 ALTER TABLE `oc_api_ip` ENABLE KEYS */;
UNLOCK TABLES;

--
-- Table structure for table `oc_api_session`
--

DROP TABLE IF EXISTS `oc_api_session`;
/*!40101 SET @saved_cs_client     = @@character_set_client */;
/*!40101 SET character_set_client = utf8 */;
CREATE TABLE `oc_api_session` (
  `api_session_id` int(11) NOT NULL AUTO_INCREMENT,
  `api_id` int(11) NOT NULL,
  `token` varchar(32) NOT NULL,
  `session_id` varchar(32) NOT NULL,
  `session_name` varchar(32) NOT NULL,
  `ip` varchar(40) NOT NULL,
  `date_added` datetime NOT NULL,
  `date_modified` datetime NOT NULL,
  PRIMARY KEY (`api_session_id`)
) ENGINE=MyISAM DEFAULT CHARSET=utf8;
/*!40101 SET character_set_client = @saved_cs_client */;

--
-- Dumping data for table `oc_api_session`
--

LOCK TABLES `oc_api_session` WRITE;
/*!40000 ALTER TABLE `oc_api_session` DISABLE KEYS */;
/*!40000 ALTER TABLE `oc_api_session` ENABLE KEYS */;
UNLOCK TABLES;

--
-- Table structure for table `oc_article`
--

DROP TABLE IF EXISTS `oc_article`;
/*!40101 SET @saved_cs_client     = @@character_set_client */;
/*!40101 SET character_set_client = utf8 */;
CREATE TABLE `oc_article` (
  `article_id` int(11) NOT NULL AUTO_INCREMENT,
  `sort_order` int(11) NOT NULL DEFAULT '0',
  `status` tinyint(1) NOT NULL DEFAULT '0',
  `date_added` datetime NOT NULL,
  `date_modified` datetime NOT NULL,
  `image` varchar(255) DEFAULT NULL,
  `author` varchar(100) DEFAULT NULL,
  PRIMARY KEY (`article_id`)
) ENGINE=InnoDB AUTO_INCREMENT=20 DEFAULT CHARSET=utf8;
/*!40101 SET character_set_client = @saved_cs_client */;

--
-- Dumping data for table `oc_article`
--

LOCK TABLES `oc_article` WRITE;
/*!40000 ALTER TABLE `oc_article` DISABLE KEYS */;
INSERT INTO `oc_article` VALUES (1,1,1,'2015-07-22 09:06:31','2016-12-19 16:21:47','catalog/blog/img-blog.jpg','towerthemes'),(8,1,1,'2015-07-24 17:18:16','2016-12-19 16:23:36','catalog/blog/img1-blog.jpg','towerthemes'),(9,1,1,'2015-07-24 17:18:16','2016-12-19 16:26:00','catalog/blog/img3-blog.jpg','towerthemes'),(11,1,1,'2015-07-24 17:18:17','2016-12-19 16:24:39','catalog/blog/img2-blog.jpg','towerthemes'),(12,1,1,'2017-03-29 10:24:27','0000-00-00 00:00:00','catalog/blog/im4-blog.jpg','towerthemes'),(13,1,1,'2017-03-29 10:25:57','2017-12-23 08:27:25','catalog/blog/img5-blog.jpg','towerthemes'),(14,1,1,'2017-03-29 10:27:55','0000-00-00 00:00:00','catalog/blog/img6-blog.jpg','towerthemes'),(15,1,1,'2017-03-29 10:30:35','0000-00-00 00:00:00','catalog/blog/im4-blog.jpg','towerthemes'),(16,1,1,'2017-04-03 09:33:23','2017-04-03 09:39:17','catalog/blog/img7-blog.jpg','towerthemes'),(17,1,1,'2017-04-03 09:39:31','2017-04-03 09:41:10','catalog/blog/img8-blog.jpg','towerthemes'),(18,1,1,'2017-04-03 09:40:22','2017-04-03 09:40:58','catalog/blog/img8-blog.jpg','towerthemes'),(19,1,1,'2017-04-03 09:41:17','2017-04-03 09:41:52','catalog/blog/img9-blog.jpg','towerthemes');
/*!40000 ALTER TABLE `oc_article` ENABLE KEYS */;
UNLOCK TABLES;

--
-- Table structure for table `oc_article_description`
--

DROP TABLE IF EXISTS `oc_article_description`;
/*!40101 SET @saved_cs_client     = @@character_set_client */;
/*!40101 SET character_set_client = utf8 */;
CREATE TABLE `oc_article_description` (
  `article_id` int(11) NOT NULL,
  `language_id` int(11) NOT NULL,
  `name` varchar(255) NOT NULL,
  `description` text NOT NULL,
  `intro_text` text NOT NULL,
  `meta_title` varchar(255) NOT NULL,
  `meta_description` varchar(255) NOT NULL,
  `meta_keyword` varchar(255) NOT NULL,
  PRIMARY KEY (`article_id`,`language_id`),
  KEY `name` (`name`)
) ENGINE=InnoDB DEFAULT CHARSET=utf8;
/*!40101 SET character_set_client = @saved_cs_client */;

--
-- Dumping data for table `oc_article_description`
--

LOCK TABLES `oc_article_description` WRITE;
/*!40000 ALTER TABLE `oc_article_description` DISABLE KEYS */;
INSERT INTO `oc_article_description` VALUES (1,1,'Sony’s wireless 3-in-1 Walkman WH Series headphones rock...','Nunc facilisis sagittis ullamcorper. Proin lectus ipsum, gravida et mattis vulputate, tristique ut lectus. Sed et lorem nunc. Vestibulum ante ipsum primis in faucibus orci luctus et ultrices posuere cubilia Curae; Aenean eleifend laoreet congue. Vivamus adipiscing nisl ut dolor dignissim semper. Nulla luctus malesuada tincidunt. Class aptent taciti sociosqu ad litora torquent per conubia nostra, per inceptos himenaeos. Integer enim purus, posuere at ultricies eu, placerat a felis. Suspendisse aliquet urna pretium eros convallis interdum. Quisque in arcu id dui vulputate mollis eget non arcu. Aenean et nulla purus. Mauris vel tellus non nunc mattis lobortis.Nunc facilisis sagittis ullamcorper. Proin lectus ipsum, gravida et mattis vulputate, tristique ut lectus. Sed et lorem nunc. Vestibulum ante ipsum primis in faucibus orci luctus et ultrices posuere cubilia Curae; Aenean eleifend laoreet congue. Vivamus adipiscing nisl ut dolor dignissim semper. Nulla luctus malesuada tincidunt. Class aptent taciti sociosqu ad litora torquent per conubia nostra, per inceptos himenaeos. Integer enim purus, posuere at ultricies eu, placerat a felis. Suspendisse aliquet urna pretium eros convallis interdum. Quisque in arcu id dui vulputate mollis eget non arcu. Aenean et nulla purus. Mauris vel tellus non nunc mattis lobortis','Lorem ipsum dolor sit amet, consectetuer adipiscing elit, sed diam nonummy nibh euismod tincidunt. Lorem ipsum dolor sit amet, consectetuer...','Lorem ipsum dolor sit amet','',''),(1,2,'Sony’s wireless 3-in-1 Walkman WH Series headphones rock...','Nunc facilisis sagittis ullamcorper. Proin lectus ipsum, gravida et mattis vulputate, tristique ut lectus. Sed et lorem nunc. Vestibulum ante ipsum primis in faucibus orci luctus et ultrices posuere cubilia Curae; Aenean eleifend laoreet congue. Vivamus adipiscing nisl ut dolor dignissim semper. Nulla luctus malesuada tincidunt. Class aptent taciti sociosqu ad litora torquent per conubia nostra, per inceptos himenaeos. Integer enim purus, posuere at ultricies eu, placerat a felis. Suspendisse aliquet urna pretium eros convallis interdum. Quisque in arcu id dui vulputate mollis eget non arcu. Aenean et nulla purus. Mauris vel tellus non nunc mattis lobortis.Nunc facilisis sagittis ullamcorper. Proin lectus ipsum, gravida et mattis vulputate, tristique ut lectus. Sed et lorem nunc. Vestibulum ante ipsum primis in faucibus orci luctus et ultrices posuere cubilia Curae; Aenean eleifend laoreet congue. Vivamus adipiscing nisl ut dolor dignissim semper. Nulla luctus malesuada tincidunt. Class aptent taciti sociosqu ad litora torquent per conubia nostra, per inceptos himenaeos. Integer enim purus, posuere at ultricies eu, placerat a felis. Suspendisse aliquet urna pretium eros convallis interdum. Quisque in arcu id dui vulputate mollis eget non arcu. Aenean et nulla purus. Mauris vel tellus non nunc mattis lobortis','Lorem ipsum dolor sit amet, consectetuer adipiscing elit, sed diam nonummy nibh euismod tincidunt. Lorem ipsum dolor sit amet, consectetuer...','Lorem ipsum dolor sit amet','',''),(1,3,'Sony’s wireless 3-in-1 Walkman WH Series headphones rock...','Nunc facilisis sagittis ullamcorper. Proin lectus ipsum, gravida et mattis vulputate, tristique ut lectus. Sed et lorem nunc. Vestibulum ante ipsum primis in faucibus orci luctus et ultrices posuere cubilia Curae; Aenean eleifend laoreet congue. Vivamus adipiscing nisl ut dolor dignissim semper. Nulla luctus malesuada tincidunt. Class aptent taciti sociosqu ad litora torquent per conubia nostra, per inceptos himenaeos. Integer enim purus, posuere at ultricies eu, placerat a felis. Suspendisse aliquet urna pretium eros convallis interdum. Quisque in arcu id dui vulputate mollis eget non arcu. Aenean et nulla purus. Mauris vel tellus non nunc mattis lobortis.Nunc facilisis sagittis ullamcorper. Proin lectus ipsum, gravida et mattis vulputate, tristique ut lectus. Sed et lorem nunc. Vestibulum ante ipsum primis in faucibus orci luctus et ultrices posuere cubilia Curae; Aenean eleifend laoreet congue. Vivamus adipiscing nisl ut dolor dignissim semper. Nulla luctus malesuada tincidunt. Class aptent taciti sociosqu ad litora torquent per conubia nostra, per inceptos himenaeos. Integer enim purus, posuere at ultricies eu, placerat a felis. Suspendisse aliquet urna pretium eros convallis interdum. Quisque in arcu id dui vulputate mollis eget non arcu. Aenean et nulla purus. Mauris vel tellus non nunc mattis lobortis','Lorem ipsum dolor sit amet, consectetuer adipiscing elit, sed diam nonummy nibh euismod tincidunt. Lorem ipsum dolor sit amet, consectetuer...','Lorem ipsum dolor sit amet','',''),(1,4,'Sony’s wireless 3-in-1 Walkman WH Series headphones rock...','Nunc facilisis sagittis ullamcorper. Proin lectus ipsum, gravida et mattis vulputate, tristique ut lectus. Sed et lorem nunc. Vestibulum ante ipsum primis in faucibus orci luctus et ultrices posuere cubilia Curae; Aenean eleifend laoreet congue. Vivamus adipiscing nisl ut dolor dignissim semper. Nulla luctus malesuada tincidunt. Class aptent taciti sociosqu ad litora torquent per conubia nostra, per inceptos himenaeos. Integer enim purus, posuere at ultricies eu, placerat a felis. Suspendisse aliquet urna pretium eros convallis interdum. Quisque in arcu id dui vulputate mollis eget non arcu. Aenean et nulla purus. Mauris vel tellus non nunc mattis lobortis.Nunc facilisis sagittis ullamcorper. Proin lectus ipsum, gravida et mattis vulputate, tristique ut lectus. Sed et lorem nunc. Vestibulum ante ipsum primis in faucibus orci luctus et ultrices posuere cubilia Curae; Aenean eleifend laoreet congue. Vivamus adipiscing nisl ut dolor dignissim semper. Nulla luctus malesuada tincidunt. Class aptent taciti sociosqu ad litora torquent per conubia nostra, per inceptos himenaeos. Integer enim purus, posuere at ultricies eu, placerat a felis. Suspendisse aliquet urna pretium eros convallis interdum. Quisque in arcu id dui vulputate mollis eget non arcu. Aenean et nulla purus. Mauris vel tellus non nunc mattis lobortis','Lorem ipsum dolor sit amet, consectetuer adipiscing elit, sed diam nonummy nibh euismod tincidunt. Lorem ipsum dolor sit amet, consectetuer...','Lorem ipsum dolor sit amet','',''),(8,1,'NFL bans players from wearing Beats headphones on camera','Nunc facilisis sagittis ullamcorper. Proin lectus ipsum, gravida et mattis vulputate, tristique ut lectus. Sed et lorem nunc. Vestibulum ante ipsum primis in faucibus orci luctus et ultrices posuere cubilia Curae; Aenean eleifend laoreet congue. Vivamus adipiscing nisl ut dolor dignissim semper. Nulla luctus malesuada tincidunt. Class aptent taciti sociosqu ad litora torquent per conubia nostra, per inceptos himenaeos. Integer enim purus, posuere at ultricies eu, placerat a felis. Suspendisse aliquet urna pretium eros convallis interdum. Quisque in arcu id dui vulputate mollis eget non arcu. Aenean et nulla purus. Mauris vel tellus non nunc mattis lobortis.Nunc facilisis sagittis ullamcorper. Proin lectus ipsum, gravida et mattis vulputate, tristique ut lectus. Sed et lorem nunc. Vestibulum ante ipsum primis in faucibus orci luctus et ultrices posuere cubilia Curae; Aenean eleifend laoreet congue. Vivamus adipiscing nisl ut dolor dignissim semper. Nulla luctus malesuada tincidunt. Class aptent taciti sociosqu ad litora torquent per conubia nostra, per inceptos himenaeos. Integer enim purus, posuere at ultricies eu, placerat a felis. Suspendisse aliquet urna pretium eros convallis interdum. Quisque in arcu id dui vulputate mollis eget non arcu. Aenean et nulla purus. Mauris vel tellus non nunc mattis lobortis\r\n','Lorem ipsum dolor sit amet, consectetuer adipiscing elit, sed diam nonummy nibh euismod tincidunt. Lorem ipsum dolor sit amet, consectetuer...','NFL bans players from wearing Beats headphones on camera','',''),(8,2,'NFL bans players from wearing Beats headphones on camera','Nunc facilisis sagittis ullamcorper. Proin lectus ipsum, gravida et mattis vulputate, tristique ut lectus. Sed et lorem nunc. Vestibulum ante ipsum primis in faucibus orci luctus et ultrices posuere cubilia Curae; Aenean eleifend laoreet congue. Vivamus adipiscing nisl ut dolor dignissim semper. Nulla luctus malesuada tincidunt. Class aptent taciti sociosqu ad litora torquent per conubia nostra, per inceptos himenaeos. Integer enim purus, posuere at ultricies eu, placerat a felis. Suspendisse aliquet urna pretium eros convallis interdum. Quisque in arcu id dui vulputate mollis eget non arcu. Aenean et nulla purus. Mauris vel tellus non nunc mattis lobortis.Nunc facilisis sagittis ullamcorper. Proin lectus ipsum, gravida et mattis vulputate, tristique ut lectus. Sed et lorem nunc. Vestibulum ante ipsum primis in faucibus orci luctus et ultrices posuere cubilia Curae; Aenean eleifend laoreet congue. Vivamus adipiscing nisl ut dolor dignissim semper. Nulla luctus malesuada tincidunt. Class aptent taciti sociosqu ad litora torquent per conubia nostra, per inceptos himenaeos. Integer enim purus, posuere at ultricies eu, placerat a felis. Suspendisse aliquet urna pretium eros convallis interdum. Quisque in arcu id dui vulputate mollis eget non arcu. Aenean et nulla purus. Mauris vel tellus non nunc mattis lobortis\r\n','Lorem ipsum dolor sit amet, consectetuer adipiscing elit, sed diam nonummy nibh euismod tincidunt. Lorem ipsum dolor sit amet, consectetuer...','NFL bans players from wearing Beats headphones on camera','',''),(8,3,'NFL bans players from wearing Beats headphones on camera','Nunc facilisis sagittis ullamcorper. Proin lectus ipsum, gravida et mattis vulputate, tristique ut lectus. Sed et lorem nunc. Vestibulum ante ipsum primis in faucibus orci luctus et ultrices posuere cubilia Curae; Aenean eleifend laoreet congue. Vivamus adipiscing nisl ut dolor dignissim semper. Nulla luctus malesuada tincidunt. Class aptent taciti sociosqu ad litora torquent per conubia nostra, per inceptos himenaeos. Integer enim purus, posuere at ultricies eu, placerat a felis. Suspendisse aliquet urna pretium eros convallis interdum. Quisque in arcu id dui vulputate mollis eget non arcu. Aenean et nulla purus. Mauris vel tellus non nunc mattis lobortis.Nunc facilisis sagittis ullamcorper. Proin lectus ipsum, gravida et mattis vulputate, tristique ut lectus. Sed et lorem nunc. Vestibulum ante ipsum primis in faucibus orci luctus et ultrices posuere cubilia Curae; Aenean eleifend laoreet congue. Vivamus adipiscing nisl ut dolor dignissim semper. Nulla luctus malesuada tincidunt. Class aptent taciti sociosqu ad litora torquent per conubia nostra, per inceptos himenaeos. Integer enim purus, posuere at ultricies eu, placerat a felis. Suspendisse aliquet urna pretium eros convallis interdum. Quisque in arcu id dui vulputate mollis eget non arcu. Aenean et nulla purus. Mauris vel tellus non nunc mattis lobortis\r\n','Lorem ipsum dolor sit amet, consectetuer adipiscing elit, sed diam nonummy nibh euismod tincidunt. Lorem ipsum dolor sit amet, consectetuer...','NFL bans players from wearing Beats headphones on camera','',''),(8,4,'NFL bans players from wearing Beats headphones on camera','Nunc facilisis sagittis ullamcorper. Proin lectus ipsum, gravida et mattis vulputate, tristique ut lectus. Sed et lorem nunc. Vestibulum ante ipsum primis in faucibus orci luctus et ultrices posuere cubilia Curae; Aenean eleifend laoreet congue. Vivamus adipiscing nisl ut dolor dignissim semper. Nulla luctus malesuada tincidunt. Class aptent taciti sociosqu ad litora torquent per conubia nostra, per inceptos himenaeos. Integer enim purus, posuere at ultricies eu, placerat a felis. Suspendisse aliquet urna pretium eros convallis interdum. Quisque in arcu id dui vulputate mollis eget non arcu. Aenean et nulla purus. Mauris vel tellus non nunc mattis lobortis.Nunc facilisis sagittis ullamcorper. Proin lectus ipsum, gravida et mattis vulputate, tristique ut lectus. Sed et lorem nunc. Vestibulum ante ipsum primis in faucibus orci luctus et ultrices posuere cubilia Curae; Aenean eleifend laoreet congue. Vivamus adipiscing nisl ut dolor dignissim semper. Nulla luctus malesuada tincidunt. Class aptent taciti sociosqu ad litora torquent per conubia nostra, per inceptos himenaeos. Integer enim purus, posuere at ultricies eu, placerat a felis. Suspendisse aliquet urna pretium eros convallis interdum. Quisque in arcu id dui vulputate mollis eget non arcu. Aenean et nulla purus. Mauris vel tellus non nunc mattis lobortis\r\n','Lorem ipsum dolor sit amet, consectetuer adipiscing elit, sed diam nonummy nibh euismod tincidunt. Lorem ipsum dolor sit amet, consectetuer...','NFL bans players from wearing Beats headphones on camera','',''),(9,1,'Sony is bringing its awesome stabilized 4K action cam to...','Nunc facilisis sagittis ullamcorper. Proin lectus ipsum, gravida et mattis vulputate, tristique ut lectus. Sed et lorem nunc. Vestibulum ante ipsum primis in faucibus orci luctus et ultrices posuere cubilia Curae; Aenean eleifend laoreet congue. Vivamus adipiscing nisl ut dolor dignissim semper. Nulla luctus malesuada tincidunt. Class aptent taciti sociosqu ad litora torquent per conubia nostra, per inceptos himenaeos. Integer enim purus, posuere at ultricies eu, placerat a felis. Suspendisse aliquet urna pretium eros convallis interdum. Quisque in arcu id dui vulputate mollis eget non arcu. Aenean et nulla purus. Mauris vel tellus non nunc mattis lobortis.Nunc facilisis sagittis ullamcorper. Proin lectus ipsum, gravida et mattis vulputate, tristique ut lectus. Sed et lorem nunc. Vestibulum ante ipsum primis in faucibus orci luctus et ultrices posuere cubilia Curae; Aenean eleifend laoreet congue. Vivamus adipiscing nisl ut dolor dignissim semper. Nulla luctus malesuada tincidunt. Class aptent taciti sociosqu ad litora torquent per conubia nostra, per inceptos himenaeos. Integer enim purus, posuere at ultricies eu, placerat a felis. Suspendisse aliquet urna pretium eros convallis interdum. Quisque in arcu id dui vulputate mollis eget non arcu. Aenean et nulla purus. Mauris vel tellus non nunc mattis lobortis','Lorem ipsum dolor sit amet, consectetuer adipiscing elit, sed diam nonummy nibh euismod tincidunt. Lorem ipsum dolor sit amet, consectetuer...','Sony is bringing its awesome stabilized 4K action cam to...','',''),(9,2,'Sony is bringing its awesome stabilized 4K action cam to...','Nunc facilisis sagittis ullamcorper. Proin lectus ipsum, gravida et mattis vulputate, tristique ut lectus. Sed et lorem nunc. Vestibulum ante ipsum primis in faucibus orci luctus et ultrices posuere cubilia Curae; Aenean eleifend laoreet congue. Vivamus adipiscing nisl ut dolor dignissim semper. Nulla luctus malesuada tincidunt. Class aptent taciti sociosqu ad litora torquent per conubia nostra, per inceptos himenaeos. Integer enim purus, posuere at ultricies eu, placerat a felis. Suspendisse aliquet urna pretium eros convallis interdum. Quisque in arcu id dui vulputate mollis eget non arcu. Aenean et nulla purus. Mauris vel tellus non nunc mattis lobortis.Nunc facilisis sagittis ullamcorper. Proin lectus ipsum, gravida et mattis vulputate, tristique ut lectus. Sed et lorem nunc. Vestibulum ante ipsum primis in faucibus orci luctus et ultrices posuere cubilia Curae; Aenean eleifend laoreet congue. Vivamus adipiscing nisl ut dolor dignissim semper. Nulla luctus malesuada tincidunt. Class aptent taciti sociosqu ad litora torquent per conubia nostra, per inceptos himenaeos. Integer enim purus, posuere at ultricies eu, placerat a felis. Suspendisse aliquet urna pretium eros convallis interdum. Quisque in arcu id dui vulputate mollis eget non arcu. Aenean et nulla purus. Mauris vel tellus non nunc mattis lobortis\r\n','Lorem ipsum dolor sit amet, consectetuer adipiscing elit, sed diam nonummy nibh euismod tincidunt. Lorem ipsum dolor sit amet, consectetuer...','Sony is bringing its awesome stabilized 4K action cam to...','',''),(9,3,'Sony is bringing its awesome stabilized 4K action cam to...','Nunc facilisis sagittis ullamcorper. Proin lectus ipsum, gravida et mattis vulputate, tristique ut lectus. Sed et lorem nunc. Vestibulum ante ipsum primis in faucibus orci luctus et ultrices posuere cubilia Curae; Aenean eleifend laoreet congue. Vivamus adipiscing nisl ut dolor dignissim semper. Nulla luctus malesuada tincidunt. Class aptent taciti sociosqu ad litora torquent per conubia nostra, per inceptos himenaeos. Integer enim purus, posuere at ultricies eu, placerat a felis. Suspendisse aliquet urna pretium eros convallis interdum. Quisque in arcu id dui vulputate mollis eget non arcu. Aenean et nulla purus. Mauris vel tellus non nunc mattis lobortis.Nunc facilisis sagittis ullamcorper. Proin lectus ipsum, gravida et mattis vulputate, tristique ut lectus. Sed et lorem nunc. Vestibulum ante ipsum primis in faucibus orci luctus et ultrices posuere cubilia Curae; Aenean eleifend laoreet congue. Vivamus adipiscing nisl ut dolor dignissim semper. Nulla luctus malesuada tincidunt. Class aptent taciti sociosqu ad litora torquent per conubia nostra, per inceptos himenaeos. Integer enim purus, posuere at ultricies eu, placerat a felis. Suspendisse aliquet urna pretium eros convallis interdum. Quisque in arcu id dui vulputate mollis eget non arcu. Aenean et nulla purus. Mauris vel tellus non nunc mattis lobortis','Lorem ipsum dolor sit amet, consectetuer adipiscing elit, sed diam nonummy nibh euismod tincidunt. Lorem ipsum dolor sit amet, consectetuer...','Sony is bringing its awesome stabilized 4K action cam to...','',''),(9,4,'Sony is bringing its awesome stabilized 4K action cam to...','Nunc facilisis sagittis ullamcorper. Proin lectus ipsum, gravida et mattis vulputate, tristique ut lectus. Sed et lorem nunc. Vestibulum ante ipsum primis in faucibus orci luctus et ultrices posuere cubilia Curae; Aenean eleifend laoreet congue. Vivamus adipiscing nisl ut dolor dignissim semper. Nulla luctus malesuada tincidunt. Class aptent taciti sociosqu ad litora torquent per conubia nostra, per inceptos himenaeos. Integer enim purus, posuere at ultricies eu, placerat a felis. Suspendisse aliquet urna pretium eros convallis interdum. Quisque in arcu id dui vulputate mollis eget non arcu. Aenean et nulla purus. Mauris vel tellus non nunc mattis lobortis.Nunc facilisis sagittis ullamcorper. Proin lectus ipsum, gravida et mattis vulputate, tristique ut lectus. Sed et lorem nunc. Vestibulum ante ipsum primis in faucibus orci luctus et ultrices posuere cubilia Curae; Aenean eleifend laoreet congue. Vivamus adipiscing nisl ut dolor dignissim semper. Nulla luctus malesuada tincidunt. Class aptent taciti sociosqu ad litora torquent per conubia nostra, per inceptos himenaeos. Integer enim purus, posuere at ultricies eu, placerat a felis. Suspendisse aliquet urna pretium eros convallis interdum. Quisque in arcu id dui vulputate mollis eget non arcu. Aenean et nulla purus. Mauris vel tellus non nunc mattis lobortis','Lorem ipsum dolor sit amet, consectetuer adipiscing elit, sed diam nonummy nibh euismod tincidunt. Lorem ipsum dolor sit amet, consectetuer...','Sony is bringing its awesome stabilized 4K action cam to...','',''),(11,1,'New Music Friday: NERVO, Die Antwoord, Ariana Grande...','Nunc facilisis sagittis ullamcorper. Proin lectus ipsum, gravida et mattis vulputate, tristique ut lectus. Sed et lorem nunc. Vestibulum ante ipsum primis in faucibus orci luctus et ultrices posuere cubilia Curae; Aenean eleifend laoreet congue. Vivamus adipiscing nisl ut dolor dignissim semper. Nulla luctus malesuada tincidunt. Class aptent taciti sociosqu ad litora torquent per conubia nostra, per inceptos himenaeos. Integer enim purus, posuere at ultricies eu, placerat a felis. Suspendisse aliquet urna pretium eros convallis interdum. Quisque in arcu id dui vulputate mollis eget non arcu. Aenean et nulla purus. Mauris vel tellus non nunc mattis lobortis.Nunc facilisis sagittis ullamcorper. Proin lectus ipsum, gravida et mattis vulputate, tristique ut lectus. Sed et lorem nunc. Vestibulum ante ipsum primis in faucibus orci luctus et ultrices posuere cubilia Curae; Aenean eleifend laoreet congue. Vivamus adipiscing nisl ut dolor dignissim semper. Nulla luctus malesuada tincidunt. Class aptent taciti sociosqu ad litora torquent per conubia nostra, per inceptos himenaeos. Integer enim purus, posuere at ultricies eu, placerat a felis. Suspendisse aliquet urna pretium eros convallis interdum. Quisque in arcu id dui vulputate mollis eget non arcu. Aenean et nulla purus. Mauris vel tellus non nunc mattis lobortis\r\n','Lorem ipsum dolor sit amet, consectetuer adipiscing elit, sed diam nonummy nibh euismod tincidunt. Lorem ipsum dolor sit amet, consectetuer...','New Music Friday: NERVO, Die Antwoord, Ariana Grande...','',''),(11,2,'New Music Friday: NERVO, Die Antwoord, Ariana Grande...','Nunc facilisis sagittis ullamcorper. Proin lectus ipsum, gravida et mattis vulputate, tristique ut lectus. Sed et lorem nunc. Vestibulum ante ipsum primis in faucibus orci luctus et ultrices posuere cubilia Curae; Aenean eleifend laoreet congue. Vivamus adipiscing nisl ut dolor dignissim semper. Nulla luctus malesuada tincidunt. Class aptent taciti sociosqu ad litora torquent per conubia nostra, per inceptos himenaeos. Integer enim purus, posuere at ultricies eu, placerat a felis. Suspendisse aliquet urna pretium eros convallis interdum. Quisque in arcu id dui vulputate mollis eget non arcu. Aenean et nulla purus. Mauris vel tellus non nunc mattis lobortis.Nunc facilisis sagittis ullamcorper. Proin lectus ipsum, gravida et mattis vulputate, tristique ut lectus. Sed et lorem nunc. Vestibulum ante ipsum primis in faucibus orci luctus et ultrices posuere cubilia Curae; Aenean eleifend laoreet congue. Vivamus adipiscing nisl ut dolor dignissim semper. Nulla luctus malesuada tincidunt. Class aptent taciti sociosqu ad litora torquent per conubia nostra, per inceptos himenaeos. Integer enim purus, posuere at ultricies eu, placerat a felis. Suspendisse aliquet urna pretium eros convallis interdum. Quisque in arcu id dui vulputate mollis eget non arcu. Aenean et nulla purus. Mauris vel tellus non nunc mattis lobortis\r\n','Lorem ipsum dolor sit amet, consectetuer adipiscing elit, sed diam nonummy nibh euismod tincidunt. Lorem ipsum dolor sit amet, consectetuer...','New Music Friday: NERVO, Die Antwoord, Ariana Grande...','',''),(11,3,'New Music Friday: NERVO, Die Antwoord, Ariana Grande...','Nunc facilisis sagittis ullamcorper. Proin lectus ipsum, gravida et mattis vulputate, tristique ut lectus. Sed et lorem nunc. Vestibulum ante ipsum primis in faucibus orci luctus et ultrices posuere cubilia Curae; Aenean eleifend laoreet congue. Vivamus adipiscing nisl ut dolor dignissim semper. Nulla luctus malesuada tincidunt. Class aptent taciti sociosqu ad litora torquent per conubia nostra, per inceptos himenaeos. Integer enim purus, posuere at ultricies eu, placerat a felis. Suspendisse aliquet urna pretium eros convallis interdum. Quisque in arcu id dui vulputate mollis eget non arcu. Aenean et nulla purus. Mauris vel tellus non nunc mattis lobortis.Nunc facilisis sagittis ullamcorper. Proin lectus ipsum, gravida et mattis vulputate, tristique ut lectus. Sed et lorem nunc. Vestibulum ante ipsum primis in faucibus orci luctus et ultrices posuere cubilia Curae; Aenean eleifend laoreet congue. Vivamus adipiscing nisl ut dolor dignissim semper. Nulla luctus malesuada tincidunt. Class aptent taciti sociosqu ad litora torquent per conubia nostra, per inceptos himenaeos. Integer enim purus, posuere at ultricies eu, placerat a felis. Suspendisse aliquet urna pretium eros convallis interdum. Quisque in arcu id dui vulputate mollis eget non arcu. Aenean et nulla purus. Mauris vel tellus non nunc mattis lobortis\r\n','Lorem ipsum dolor sit amet, consectetuer adipiscing elit, sed diam nonummy nibh euismod tincidunt. Lorem ipsum dolor sit amet, consectetuer...','New Music Friday: NERVO, Die Antwoord, Ariana Grande...','',''),(11,4,'New Music Friday: NERVO, Die Antwoord, Ariana Grande...','Nunc facilisis sagittis ullamcorper. Proin lectus ipsum, gravida et mattis vulputate, tristique ut lectus. Sed et lorem nunc. Vestibulum ante ipsum primis in faucibus orci luctus et ultrices posuere cubilia Curae; Aenean eleifend laoreet congue. Vivamus adipiscing nisl ut dolor dignissim semper. Nulla luctus malesuada tincidunt. Class aptent taciti sociosqu ad litora torquent per conubia nostra, per inceptos himenaeos. Integer enim purus, posuere at ultricies eu, placerat a felis. Suspendisse aliquet urna pretium eros convallis interdum. Quisque in arcu id dui vulputate mollis eget non arcu. Aenean et nulla purus. Mauris vel tellus non nunc mattis lobortis.Nunc facilisis sagittis ullamcorper. Proin lectus ipsum, gravida et mattis vulputate, tristique ut lectus. Sed et lorem nunc. Vestibulum ante ipsum primis in faucibus orci luctus et ultrices posuere cubilia Curae; Aenean eleifend laoreet congue. Vivamus adipiscing nisl ut dolor dignissim semper. Nulla luctus malesuada tincidunt. Class aptent taciti sociosqu ad litora torquent per conubia nostra, per inceptos himenaeos. Integer enim purus, posuere at ultricies eu, placerat a felis. Suspendisse aliquet urna pretium eros convallis interdum. Quisque in arcu id dui vulputate mollis eget non arcu. Aenean et nulla purus. Mauris vel tellus non nunc mattis lobortis\r\n','Lorem ipsum dolor sit amet, consectetuer adipiscing elit, sed diam nonummy nibh euismod tincidunt. Lorem ipsum dolor sit amet, consectetuer...','New Music Friday: NERVO, Die Antwoord, Ariana Grande...','',''),(12,1,'Asus Launching an $870 Chromebook?','Nunc facilisis sagittis ullamcorper. Proin lectus ipsum, gravida et mattis vulputate, tristique ut lectus. Sed et lorem nunc. Vestibulum ante ipsum primis in faucibus orci luctus et ultrices posuere cubilia Curae; Aenean eleifend laoreet congue. Vivamus adipiscing nisl ut dolor dignissim semper. Nulla luctus malesuada tincidunt. Class aptent taciti sociosqu ad litora torquent per conubia nostra, per inceptos himenaeos. Integer enim purus, posuere at ultricies eu, placerat a felis. Suspendisse aliquet urna pretium eros convallis interdum. Quisque in arcu id dui vulputate mollis eget non arcu. Aenean et nulla purus. Mauris vel tellus non nunc mattis lobortis.Nunc facilisis sagittis ullamcorper. Proin lectus ipsum, gravida et mattis vulputate, tristique ut lectus. Sed et lorem nunc. Vestibulum ante ipsum primis in faucibus orci luctus et ultrices posuere cubilia Curae; Aenean eleifend laoreet congue. Vivamus adipiscing nisl ut dolor dignissim semper. Nulla luctus malesuada tincidunt. Class aptent taciti sociosqu ad litora torquent per conubia nostra, per inceptos himenaeos. Integer enim purus, posuere at ultricies eu, placerat a felis. Suspendisse aliquet urna pretium eros convallis interdum. Quisque in arcu id dui vulputate mollis eget non arcu. Aenean et nulla purus. Mauris vel tellus non nunc mattis lobortis\r\n','Lorem ipsum dolor sit amet, consectetuer adipiscing elit, sed diam nonummy nibh euismod tincidunt. Lorem ipsum dolor sit amet, consectetuer...','Asus Launching an $870 Chromebook?','',''),(12,2,'Asus Launching an $870 Chromebook?','Nunc facilisis sagittis ullamcorper. Proin lectus ipsum, gravida et mattis vulputate, tristique ut lectus. Sed et lorem nunc. Vestibulum ante ipsum primis in faucibus orci luctus et ultrices posuere cubilia Curae; Aenean eleifend laoreet congue. Vivamus adipiscing nisl ut dolor dignissim semper. Nulla luctus malesuada tincidunt. Class aptent taciti sociosqu ad litora torquent per conubia nostra, per inceptos himenaeos. Integer enim purus, posuere at ultricies eu, placerat a felis. Suspendisse aliquet urna pretium eros convallis interdum. Quisque in arcu id dui vulputate mollis eget non arcu. Aenean et nulla purus. Mauris vel tellus non nunc mattis lobortis.Nunc facilisis sagittis ullamcorper. Proin lectus ipsum, gravida et mattis vulputate, tristique ut lectus. Sed et lorem nunc. Vestibulum ante ipsum primis in faucibus orci luctus et ultrices posuere cubilia Curae; Aenean eleifend laoreet congue. Vivamus adipiscing nisl ut dolor dignissim semper. Nulla luctus malesuada tincidunt. Class aptent taciti sociosqu ad litora torquent per conubia nostra, per inceptos himenaeos. Integer enim purus, posuere at ultricies eu, placerat a felis. Suspendisse aliquet urna pretium eros convallis interdum. Quisque in arcu id dui vulputate mollis eget non arcu. Aenean et nulla purus. Mauris vel tellus non nunc mattis lobortis\r\n','Lorem ipsum dolor sit amet, consectetuer adipiscing elit, sed diam nonummy nibh euismod tincidunt. Lorem ipsum dolor sit amet, consectetuer...','Asus Launching an $870 Chromebook?','',''),(12,3,'Asus Launching an $870 Chromebook?','Nunc facilisis sagittis ullamcorper. Proin lectus ipsum, gravida et mattis vulputate, tristique ut lectus. Sed et lorem nunc. Vestibulum ante ipsum primis in faucibus orci luctus et ultrices posuere cubilia Curae; Aenean eleifend laoreet congue. Vivamus adipiscing nisl ut dolor dignissim semper. Nulla luctus malesuada tincidunt. Class aptent taciti sociosqu ad litora torquent per conubia nostra, per inceptos himenaeos. Integer enim purus, posuere at ultricies eu, placerat a felis. Suspendisse aliquet urna pretium eros convallis interdum. Quisque in arcu id dui vulputate mollis eget non arcu. Aenean et nulla purus. Mauris vel tellus non nunc mattis lobortis.Nunc facilisis sagittis ullamcorper. Proin lectus ipsum, gravida et mattis vulputate, tristique ut lectus. Sed et lorem nunc. Vestibulum ante ipsum primis in faucibus orci luctus et ultrices posuere cubilia Curae; Aenean eleifend laoreet congue. Vivamus adipiscing nisl ut dolor dignissim semper. Nulla luctus malesuada tincidunt. Class aptent taciti sociosqu ad litora torquent per conubia nostra, per inceptos himenaeos. Integer enim purus, posuere at ultricies eu, placerat a felis. Suspendisse aliquet urna pretium eros convallis interdum. Quisque in arcu id dui vulputate mollis eget non arcu. Aenean et nulla purus. Mauris vel tellus non nunc mattis lobortis\r\n','Lorem ipsum dolor sit amet, consectetuer adipiscing elit, sed diam nonummy nibh euismod tincidunt. Lorem ipsum dolor sit amet, consectetuer...','Asus Launching an $870 Chromebook?','',''),(12,4,'Asus Launching an $870 Chromebook?','Nunc facilisis sagittis ullamcorper. Proin lectus ipsum, gravida et mattis vulputate, tristique ut lectus. Sed et lorem nunc. Vestibulum ante ipsum primis in faucibus orci luctus et ultrices posuere cubilia Curae; Aenean eleifend laoreet congue. Vivamus adipiscing nisl ut dolor dignissim semper. Nulla luctus malesuada tincidunt. Class aptent taciti sociosqu ad litora torquent per conubia nostra, per inceptos himenaeos. Integer enim purus, posuere at ultricies eu, placerat a felis. Suspendisse aliquet urna pretium eros convallis interdum. Quisque in arcu id dui vulputate mollis eget non arcu. Aenean et nulla purus. Mauris vel tellus non nunc mattis lobortis.Nunc facilisis sagittis ullamcorper. Proin lectus ipsum, gravida et mattis vulputate, tristique ut lectus. Sed et lorem nunc. Vestibulum ante ipsum primis in faucibus orci luctus et ultrices posuere cubilia Curae; Aenean eleifend laoreet congue. Vivamus adipiscing nisl ut dolor dignissim semper. Nulla luctus malesuada tincidunt. Class aptent taciti sociosqu ad litora torquent per conubia nostra, per inceptos himenaeos. Integer enim purus, posuere at ultricies eu, placerat a felis. Suspendisse aliquet urna pretium eros convallis interdum. Quisque in arcu id dui vulputate mollis eget non arcu. Aenean et nulla purus. Mauris vel tellus non nunc mattis lobortis\r\n','Lorem ipsum dolor sit amet, consectetuer adipiscing elit, sed diam nonummy nibh euismod tincidunt. Lorem ipsum dolor sit amet, consectetuer...','Asus Launching an $870 Chromebook?','',''),(13,1,'25 things I\'d do with the mythical clock','Nunc facilisis sagittis ullamcorper. Proin lectus ipsum, gravida et mattis vulputate, tristique ut lectus. Sed et lorem nunc. Vestibulum ante ipsum primis in faucibus orci luctus et ultrices posuere cubilia Curae; Aenean eleifend laoreet congue. Vivamus adipiscing nisl ut dolor dignissim semper. Nulla luctus malesuada tincidunt. Class aptent taciti sociosqu ad litora torquent per conubia nostra, per inceptos himenaeos. Integer enim purus, posuere at ultricies eu, placerat a felis. Suspendisse aliquet urna pretium eros convallis interdum. Quisque in arcu id dui vulputate mollis eget non arcu. Aenean et nulla purus. Mauris vel tellus non nunc mattis lobortis.Nunc facilisis sagittis ullamcorper. Proin lectus ipsum, gravida et mattis vulputate, tristique ut lectus. Sed et lorem nunc. Vestibulum ante ipsum primis in faucibus orci luctus et ultrices posuere cubilia Curae; Aenean eleifend laoreet congue. Vivamus adipiscing nisl ut dolor dignissim semper. Nulla luctus malesuada tincidunt. Class aptent taciti sociosqu ad litora torquent per conubia nostra, per inceptos himenaeos. Integer enim purus, posuere at ultricies eu, placerat a felis. Suspendisse aliquet urna pretium eros convallis interdum. Quisque in arcu id dui vulputate mollis eget non arcu. Aenean et nulla purus. Mauris vel tellus non nunc mattis lobortis\r\n','Lorem ipsum dolor sit amet, consectetuer adipiscing elit, sed diam nonummy nibh euismod tincidunt. Lorem ipsum dolor sit amet, consectetuer...','25 things I\'d do with the mythical clock','',''),(13,3,'25 things I\'d do with the mythical clock','Nunc facilisis sagittis ullamcorper. Proin lectus ipsum, gravida et mattis vulputate, tristique ut lectus. Sed et lorem nunc. Vestibulum ante ipsum primis in faucibus orci luctus et ultrices posuere cubilia Curae; Aenean eleifend laoreet congue. Vivamus adipiscing nisl ut dolor dignissim semper. Nulla luctus malesuada tincidunt. Class aptent taciti sociosqu ad litora torquent per conubia nostra, per inceptos himenaeos. Integer enim purus, posuere at ultricies eu, placerat a felis. Suspendisse aliquet urna pretium eros convallis interdum. Quisque in arcu id dui vulputate mollis eget non arcu. Aenean et nulla purus. Mauris vel tellus non nunc mattis lobortis.Nunc facilisis sagittis ullamcorper. Proin lectus ipsum, gravida et mattis vulputate, tristique ut lectus. Sed et lorem nunc. Vestibulum ante ipsum primis in faucibus orci luctus et ultrices posuere cubilia Curae; Aenean eleifend laoreet congue. Vivamus adipiscing nisl ut dolor dignissim semper. Nulla luctus malesuada tincidunt. Class aptent taciti sociosqu ad litora torquent per conubia nostra, per inceptos himenaeos. Integer enim purus, posuere at ultricies eu, placerat a felis. Suspendisse aliquet urna pretium eros convallis interdum. Quisque in arcu id dui vulputate mollis eget non arcu. Aenean et nulla purus. Mauris vel tellus non nunc mattis lobortis\r\n','Lorem ipsum dolor sit amet, consectetuer adipiscing elit, sed diam nonummy nibh euismod tincidunt. Lorem ipsum dolor sit amet, consectetuer...','25 things I\'d do with the mythical clock','',''),(13,4,'25 things I\'d do with the mythical clock','Nunc facilisis sagittis ullamcorper. Proin lectus ipsum, gravida et mattis vulputate, tristique ut lectus. Sed et lorem nunc. Vestibulum ante ipsum primis in faucibus orci luctus et ultrices posuere cubilia Curae; Aenean eleifend laoreet congue. Vivamus adipiscing nisl ut dolor dignissim semper. Nulla luctus malesuada tincidunt. Class aptent taciti sociosqu ad litora torquent per conubia nostra, per inceptos himenaeos. Integer enim purus, posuere at ultricies eu, placerat a felis. Suspendisse aliquet urna pretium eros convallis interdum. Quisque in arcu id dui vulputate mollis eget non arcu. Aenean et nulla purus. Mauris vel tellus non nunc mattis lobortis.Nunc facilisis sagittis ullamcorper. Proin lectus ipsum, gravida et mattis vulputate, tristique ut lectus. Sed et lorem nunc. Vestibulum ante ipsum primis in faucibus orci luctus et ultrices posuere cubilia Curae; Aenean eleifend laoreet congue. Vivamus adipiscing nisl ut dolor dignissim semper. Nulla luctus malesuada tincidunt. Class aptent taciti sociosqu ad litora torquent per conubia nostra, per inceptos himenaeos. Integer enim purus, posuere at ultricies eu, placerat a felis. Suspendisse aliquet urna pretium eros convallis interdum. Quisque in arcu id dui vulputate mollis eget non arcu. Aenean et nulla purus. Mauris vel tellus non nunc mattis lobortis\r\n','Lorem ipsum dolor sit amet, consectetuer adipiscing elit, sed diam nonummy nibh euismod tincidunt. Lorem ipsum dolor sit amet, consectetuer...','25 things I\'d do with the mythical clock','',''),(14,1,'On not getting anything done','Nunc facilisis sagittis ullamcorper. Proin lectus ipsum, gravida et mattis vulputate, tristique ut lectus. Sed et lorem nunc. Vestibulum ante ipsum primis in faucibus orci luctus et ultrices posuere cubilia Curae; Aenean eleifend laoreet congue. Vivamus adipiscing nisl ut dolor dignissim semper. Nulla luctus malesuada tincidunt. Class aptent taciti sociosqu ad litora torquent per conubia nostra, per inceptos himenaeos. Integer enim purus, posuere at ultricies eu, placerat a felis. Suspendisse aliquet urna pretium eros convallis interdum. Quisque in arcu id dui vulputate mollis eget non arcu. Aenean et nulla purus. Mauris vel tellus non nunc mattis lobortis.Nunc facilisis sagittis ullamcorper. Proin lectus ipsum, gravida et mattis vulputate, tristique ut lectus. Sed et lorem nunc. Vestibulum ante ipsum primis in faucibus orci luctus et ultrices posuere cubilia Curae; Aenean eleifend laoreet congue. Vivamus adipiscing nisl ut dolor dignissim semper. Nulla luctus malesuada tincidunt. Class aptent taciti sociosqu ad litora torquent per conubia nostra, per inceptos himenaeos. Integer enim purus, posuere at ultricies eu, placerat a felis. Suspendisse aliquet urna pretium eros convallis interdum. Quisque in arcu id dui vulputate mollis eget non arcu. Aenean et nulla purus. Mauris vel tellus non nunc mattis lobortis\r\n','Lorem ipsum dolor sit amet, consectetuer adipiscing elit, sed diam nonummy nibh euismod tincidunt. Lorem ipsum dolor sit amet, consectetuer...','On not getting anything done','',''),(14,2,'On not getting anything done','Nunc facilisis sagittis ullamcorper. Proin lectus ipsum, gravida et mattis vulputate, tristique ut lectus. Sed et lorem nunc. Vestibulum ante ipsum primis in faucibus orci luctus et ultrices posuere cubilia Curae; Aenean eleifend laoreet congue. Vivamus adipiscing nisl ut dolor dignissim semper. Nulla luctus malesuada tincidunt. Class aptent taciti sociosqu ad litora torquent per conubia nostra, per inceptos himenaeos. Integer enim purus, posuere at ultricies eu, placerat a felis. Suspendisse aliquet urna pretium eros convallis interdum. Quisque in arcu id dui vulputate mollis eget non arcu. Aenean et nulla purus. Mauris vel tellus non nunc mattis lobortis.Nunc facilisis sagittis ullamcorper. Proin lectus ipsum, gravida et mattis vulputate, tristique ut lectus. Sed et lorem nunc. Vestibulum ante ipsum primis in faucibus orci luctus et ultrices posuere cubilia Curae; Aenean eleifend laoreet congue. Vivamus adipiscing nisl ut dolor dignissim semper. Nulla luctus malesuada tincidunt. Class aptent taciti sociosqu ad litora torquent per conubia nostra, per inceptos himenaeos. Integer enim purus, posuere at ultricies eu, placerat a felis. Suspendisse aliquet urna pretium eros convallis interdum. Quisque in arcu id dui vulputate mollis eget non arcu. Aenean et nulla purus. Mauris vel tellus non nunc mattis lobortis\r\n','Lorem ipsum dolor sit amet, consectetuer adipiscing elit, sed diam nonummy nibh euismod tincidunt. Lorem ipsum dolor sit amet, consectetuer...','On not getting anything done','',''),(14,3,'On not getting anything done','Nunc facilisis sagittis ullamcorper. Proin lectus ipsum, gravida et mattis vulputate, tristique ut lectus. Sed et lorem nunc. Vestibulum ante ipsum primis in faucibus orci luctus et ultrices posuere cubilia Curae; Aenean eleifend laoreet congue. Vivamus adipiscing nisl ut dolor dignissim semper. Nulla luctus malesuada tincidunt. Class aptent taciti sociosqu ad litora torquent per conubia nostra, per inceptos himenaeos. Integer enim purus, posuere at ultricies eu, placerat a felis. Suspendisse aliquet urna pretium eros convallis interdum. Quisque in arcu id dui vulputate mollis eget non arcu. Aenean et nulla purus. Mauris vel tellus non nunc mattis lobortis.Nunc facilisis sagittis ullamcorper. Proin lectus ipsum, gravida et mattis vulputate, tristique ut lectus. Sed et lorem nunc. Vestibulum ante ipsum primis in faucibus orci luctus et ultrices posuere cubilia Curae; Aenean eleifend laoreet congue. Vivamus adipiscing nisl ut dolor dignissim semper. Nulla luctus malesuada tincidunt. Class aptent taciti sociosqu ad litora torquent per conubia nostra, per inceptos himenaeos. Integer enim purus, posuere at ultricies eu, placerat a felis. Suspendisse aliquet urna pretium eros convallis interdum. Quisque in arcu id dui vulputate mollis eget non arcu. Aenean et nulla purus. Mauris vel tellus non nunc mattis lobortis\r\n','Lorem ipsum dolor sit amet, consectetuer adipiscing elit, sed diam nonummy nibh euismod tincidunt. Lorem ipsum dolor sit amet, consectetuer...','On not getting anything done','',''),(14,4,'On not getting anything done','Nunc facilisis sagittis ullamcorper. Proin lectus ipsum, gravida et mattis vulputate, tristique ut lectus. Sed et lorem nunc. Vestibulum ante ipsum primis in faucibus orci luctus et ultrices posuere cubilia Curae; Aenean eleifend laoreet congue. Vivamus adipiscing nisl ut dolor dignissim semper. Nulla luctus malesuada tincidunt. Class aptent taciti sociosqu ad litora torquent per conubia nostra, per inceptos himenaeos. Integer enim purus, posuere at ultricies eu, placerat a felis. Suspendisse aliquet urna pretium eros convallis interdum. Quisque in arcu id dui vulputate mollis eget non arcu. Aenean et nulla purus. Mauris vel tellus non nunc mattis lobortis.Nunc facilisis sagittis ullamcorper. Proin lectus ipsum, gravida et mattis vulputate, tristique ut lectus. Sed et lorem nunc. Vestibulum ante ipsum primis in faucibus orci luctus et ultrices posuere cubilia Curae; Aenean eleifend laoreet congue. Vivamus adipiscing nisl ut dolor dignissim semper. Nulla luctus malesuada tincidunt. Class aptent taciti sociosqu ad litora torquent per conubia nostra, per inceptos himenaeos. Integer enim purus, posuere at ultricies eu, placerat a felis. Suspendisse aliquet urna pretium eros convallis interdum. Quisque in arcu id dui vulputate mollis eget non arcu. Aenean et nulla purus. Mauris vel tellus non nunc mattis lobortis\r\n','Lorem ipsum dolor sit amet, consectetuer adipiscing elit, sed diam nonummy nibh euismod tincidunt. Lorem ipsum dolor sit amet, consectetuer...','On not getting anything done','',''),(15,1,'Dell Launching an $500 Chromebook?','Nunc facilisis sagittis ullamcorper. Proin lectus ipsum, gravida et mattis vulputate, tristique ut lectus. Sed et lorem nunc. Vestibulum ante ipsum primis in faucibus orci luctus et ultrices posuere cubilia Curae; Aenean eleifend laoreet congue. Vivamus adipiscing nisl ut dolor dignissim semper. Nulla luctus malesuada tincidunt. Class aptent taciti sociosqu ad litora torquent per conubia nostra, per inceptos himenaeos. Integer enim purus, posuere at ultricies eu, placerat a felis. Suspendisse aliquet urna pretium eros convallis interdum. Quisque in arcu id dui vulputate mollis eget non arcu. Aenean et nulla purus. Mauris vel tellus non nunc mattis lobortis.Nunc facilisis sagittis ullamcorper. Proin lectus ipsum, gravida et mattis vulputate, tristique ut lectus. Sed et lorem nunc. Vestibulum ante ipsum primis in faucibus orci luctus et ultrices posuere cubilia Curae; Aenean eleifend laoreet congue. Vivamus adipiscing nisl ut dolor dignissim semper. Nulla luctus malesuada tincidunt. Class aptent taciti sociosqu ad litora torquent per conubia nostra, per inceptos himenaeos. Integer enim purus, posuere at ultricies eu, placerat a felis. Suspendisse aliquet urna pretium eros convallis interdum. Quisque in arcu id dui vulputate mollis eget non arcu. Aenean et nulla purus. Mauris vel tellus non nunc mattis lobortis\r\n','Lorem ipsum dolor sit amet, consectetuer adipiscing elit, sed diam nonummy nibh euismod tincidunt. Lorem ipsum dolor sit amet, consectetuer...','Dell Launching an $500 Chromebook?','',''),(15,2,'Dell Launching an $500 Chromebook?','Nunc facilisis sagittis ullamcorper. Proin lectus ipsum, gravida et mattis vulputate, tristique ut lectus. Sed et lorem nunc. Vestibulum ante ipsum primis in faucibus orci luctus et ultrices posuere cubilia Curae; Aenean eleifend laoreet congue. Vivamus adipiscing nisl ut dolor dignissim semper. Nulla luctus malesuada tincidunt. Class aptent taciti sociosqu ad litora torquent per conubia nostra, per inceptos himenaeos. Integer enim purus, posuere at ultricies eu, placerat a felis. Suspendisse aliquet urna pretium eros convallis interdum. Quisque in arcu id dui vulputate mollis eget non arcu. Aenean et nulla purus. Mauris vel tellus non nunc mattis lobortis.Nunc facilisis sagittis ullamcorper. Proin lectus ipsum, gravida et mattis vulputate, tristique ut lectus. Sed et lorem nunc. Vestibulum ante ipsum primis in faucibus orci luctus et ultrices posuere cubilia Curae; Aenean eleifend laoreet congue. Vivamus adipiscing nisl ut dolor dignissim semper. Nulla luctus malesuada tincidunt. Class aptent taciti sociosqu ad litora torquent per conubia nostra, per inceptos himenaeos. Integer enim purus, posuere at ultricies eu, placerat a felis. Suspendisse aliquet urna pretium eros convallis interdum. Quisque in arcu id dui vulputate mollis eget non arcu. Aenean et nulla purus. Mauris vel tellus non nunc mattis lobortis\r\n','Lorem ipsum dolor sit amet, consectetuer adipiscing elit, sed diam nonummy nibh euismod tincidunt. Lorem ipsum dolor sit amet, consectetuer...','Dell Launching an $500 Chromebook?','',''),(15,3,'Dell Launching an $500 Chromebook?','Nunc facilisis sagittis ullamcorper. Proin lectus ipsum, gravida et mattis vulputate, tristique ut lectus. Sed et lorem nunc. Vestibulum ante ipsum primis in faucibus orci luctus et ultrices posuere cubilia Curae; Aenean eleifend laoreet congue. Vivamus adipiscing nisl ut dolor dignissim semper. Nulla luctus malesuada tincidunt. Class aptent taciti sociosqu ad litora torquent per conubia nostra, per inceptos himenaeos. Integer enim purus, posuere at ultricies eu, placerat a felis. Suspendisse aliquet urna pretium eros convallis interdum. Quisque in arcu id dui vulputate mollis eget non arcu. Aenean et nulla purus. Mauris vel tellus non nunc mattis lobortis.Nunc facilisis sagittis ullamcorper. Proin lectus ipsum, gravida et mattis vulputate, tristique ut lectus. Sed et lorem nunc. Vestibulum ante ipsum primis in faucibus orci luctus et ultrices posuere cubilia Curae; Aenean eleifend laoreet congue. Vivamus adipiscing nisl ut dolor dignissim semper. Nulla luctus malesuada tincidunt. Class aptent taciti sociosqu ad litora torquent per conubia nostra, per inceptos himenaeos. Integer enim purus, posuere at ultricies eu, placerat a felis. Suspendisse aliquet urna pretium eros convallis interdum. Quisque in arcu id dui vulputate mollis eget non arcu. Aenean et nulla purus. Mauris vel tellus non nunc mattis lobortis\r\n','Lorem ipsum dolor sit amet, consectetuer adipiscing elit, sed diam nonummy nibh euismod tincidunt. Lorem ipsum dolor sit amet, consectetuer...','Dell Launching an $500 Chromebook?','',''),(15,4,'Dell Launching an $500 Chromebook?','Nunc facilisis sagittis ullamcorper. Proin lectus ipsum, gravida et mattis vulputate, tristique ut lectus. Sed et lorem nunc. Vestibulum ante ipsum primis in faucibus orci luctus et ultrices posuere cubilia Curae; Aenean eleifend laoreet congue. Vivamus adipiscing nisl ut dolor dignissim semper. Nulla luctus malesuada tincidunt. Class aptent taciti sociosqu ad litora torquent per conubia nostra, per inceptos himenaeos. Integer enim purus, posuere at ultricies eu, placerat a felis. Suspendisse aliquet urna pretium eros convallis interdum. Quisque in arcu id dui vulputate mollis eget non arcu. Aenean et nulla purus. Mauris vel tellus non nunc mattis lobortis.Nunc facilisis sagittis ullamcorper. Proin lectus ipsum, gravida et mattis vulputate, tristique ut lectus. Sed et lorem nunc. Vestibulum ante ipsum primis in faucibus orci luctus et ultrices posuere cubilia Curae; Aenean eleifend laoreet congue. Vivamus adipiscing nisl ut dolor dignissim semper. Nulla luctus malesuada tincidunt. Class aptent taciti sociosqu ad litora torquent per conubia nostra, per inceptos himenaeos. Integer enim purus, posuere at ultricies eu, placerat a felis. Suspendisse aliquet urna pretium eros convallis interdum. Quisque in arcu id dui vulputate mollis eget non arcu. Aenean et nulla purus. Mauris vel tellus non nunc mattis lobortis\r\n','Lorem ipsum dolor sit amet, consectetuer adipiscing elit, sed diam nonummy nibh euismod tincidunt. Lorem ipsum dolor sit amet, consectetuer...','Dell Launching an $500 Chromebook?','',''),(16,1,'Asus Caunching an $870 Chromebook?','Nunc facilisis sagittis ullamcorper. Proin lectus ipsum, gravida et mattis vulputate, tristique ut lectus. Sed et lorem nunc. Vestibulum ante ipsum primis in faucibus orci luctus et ultrices posuere cubilia Curae; Aenean eleifend laoreet congue. Vivamus adipiscing nisl ut dolor dignissim semper. Nulla luctus malesuada tincidunt. Class aptent taciti sociosqu ad litora torquent per conubia nostra, per inceptos himenaeos. Integer enim purus, posuere at ultricies eu, placerat a felis. Suspendisse aliquet urna pretium eros convallis interdum. Quisque in arcu id dui vulputate mollis eget non arcu. Aenean et nulla purus. Mauris vel tellus non nunc mattis lobortis.Nunc facilisis sagittis ullamcorper. Proin lectus ipsum, gravida et mattis vulputate, tristique ut lectus. Sed et lorem nunc. Vestibulum ante ipsum primis in faucibus orci luctus et ultrices posuere cubilia Curae; Aenean eleifend laoreet congue. Vivamus adipiscing nisl ut dolor dignissim semper. Nulla luctus malesuada tincidunt. Class aptent taciti sociosqu ad litora torquent per conubia nostra, per inceptos himenaeos. Integer enim purus, posuere at ultricies eu, placerat a felis. Suspendisse aliquet urna pretium eros convallis interdum. Quisque in arcu id dui vulputate mollis eget non arcu. Aenean et nulla purus. Mauris vel tellus non nunc mattis lobortis\r\n','Lorem ipsum dolor sit amet, consectetuer adipiscing elit, sed diam nonummy nibh euismod tincidunt. Lorem ipsum dolor sit amet, consectetuer...','Asus Caunching an $870 Chromebook?','',''),(16,2,'Asus Caunching an $870 Chromebook?','Nunc facilisis sagittis ullamcorper. Proin lectus ipsum, gravida et mattis vulputate, tristique ut lectus. Sed et lorem nunc. Vestibulum ante ipsum primis in faucibus orci luctus et ultrices posuere cubilia Curae; Aenean eleifend laoreet congue. Vivamus adipiscing nisl ut dolor dignissim semper. Nulla luctus malesuada tincidunt. Class aptent taciti sociosqu ad litora torquent per conubia nostra, per inceptos himenaeos. Integer enim purus, posuere at ultricies eu, placerat a felis. Suspendisse aliquet urna pretium eros convallis interdum. Quisque in arcu id dui vulputate mollis eget non arcu. Aenean et nulla purus. Mauris vel tellus non nunc mattis lobortis.Nunc facilisis sagittis ullamcorper. Proin lectus ipsum, gravida et mattis vulputate, tristique ut lectus. Sed et lorem nunc. Vestibulum ante ipsum primis in faucibus orci luctus et ultrices posuere cubilia Curae; Aenean eleifend laoreet congue. Vivamus adipiscing nisl ut dolor dignissim semper. Nulla luctus malesuada tincidunt. Class aptent taciti sociosqu ad litora torquent per conubia nostra, per inceptos himenaeos. Integer enim purus, posuere at ultricies eu, placerat a felis. Suspendisse aliquet urna pretium eros convallis interdum. Quisque in arcu id dui vulputate mollis eget non arcu. Aenean et nulla purus. Mauris vel tellus non nunc mattis lobortis\r\n','Lorem ipsum dolor sit amet, consectetuer adipiscing elit, sed diam nonummy nibh euismod tincidunt. Lorem ipsum dolor sit amet, consectetuer...','Asus Caunching an $870 Chromebook?','',''),(16,3,'Asus Caunching an $870 Chromebook?','Nunc facilisis sagittis ullamcorper. Proin lectus ipsum, gravida et mattis vulputate, tristique ut lectus. Sed et lorem nunc. Vestibulum ante ipsum primis in faucibus orci luctus et ultrices posuere cubilia Curae; Aenean eleifend laoreet congue. Vivamus adipiscing nisl ut dolor dignissim semper. Nulla luctus malesuada tincidunt. Class aptent taciti sociosqu ad litora torquent per conubia nostra, per inceptos himenaeos. Integer enim purus, posuere at ultricies eu, placerat a felis. Suspendisse aliquet urna pretium eros convallis interdum. Quisque in arcu id dui vulputate mollis eget non arcu. Aenean et nulla purus. Mauris vel tellus non nunc mattis lobortis.Nunc facilisis sagittis ullamcorper. Proin lectus ipsum, gravida et mattis vulputate, tristique ut lectus. Sed et lorem nunc. Vestibulum ante ipsum primis in faucibus orci luctus et ultrices posuere cubilia Curae; Aenean eleifend laoreet congue. Vivamus adipiscing nisl ut dolor dignissim semper. Nulla luctus malesuada tincidunt. Class aptent taciti sociosqu ad litora torquent per conubia nostra, per inceptos himenaeos. Integer enim purus, posuere at ultricies eu, placerat a felis. Suspendisse aliquet urna pretium eros convallis interdum. Quisque in arcu id dui vulputate mollis eget non arcu. Aenean et nulla purus. Mauris vel tellus non nunc mattis lobortis\r\n','Lorem ipsum dolor sit amet, consectetuer adipiscing elit, sed diam nonummy nibh euismod tincidunt. Lorem ipsum dolor sit amet, consectetuer...','Asus Caunching an $870 Chromebook?','',''),(16,4,'Asus Caunching an $870 Chromebook?','Nunc facilisis sagittis ullamcorper. Proin lectus ipsum, gravida et mattis vulputate, tristique ut lectus. Sed et lorem nunc. Vestibulum ante ipsum primis in faucibus orci luctus et ultrices posuere cubilia Curae; Aenean eleifend laoreet congue. Vivamus adipiscing nisl ut dolor dignissim semper. Nulla luctus malesuada tincidunt. Class aptent taciti sociosqu ad litora torquent per conubia nostra, per inceptos himenaeos. Integer enim purus, posuere at ultricies eu, placerat a felis. Suspendisse aliquet urna pretium eros convallis interdum. Quisque in arcu id dui vulputate mollis eget non arcu. Aenean et nulla purus. Mauris vel tellus non nunc mattis lobortis.Nunc facilisis sagittis ullamcorper. Proin lectus ipsum, gravida et mattis vulputate, tristique ut lectus. Sed et lorem nunc. Vestibulum ante ipsum primis in faucibus orci luctus et ultrices posuere cubilia Curae; Aenean eleifend laoreet congue. Vivamus adipiscing nisl ut dolor dignissim semper. Nulla luctus malesuada tincidunt. Class aptent taciti sociosqu ad litora torquent per conubia nostra, per inceptos himenaeos. Integer enim purus, posuere at ultricies eu, placerat a felis. Suspendisse aliquet urna pretium eros convallis interdum. Quisque in arcu id dui vulputate mollis eget non arcu. Aenean et nulla purus. Mauris vel tellus non nunc mattis lobortis\r\n','Lorem ipsum dolor sit amet, consectetuer adipiscing elit, sed diam nonummy nibh euismod tincidunt. Lorem ipsum dolor sit amet, consectetuer...','Asus Caunching an $870 Chromebook?','',''),(17,1,'Dell Caunching an $500 Chromebook?','Nunc facilisis sagittis ullamcorper. Proin lectus ipsum, gravida et mattis vulputate, tristique ut lectus. Sed et lorem nunc. Vestibulum ante ipsum primis in faucibus orci luctus et ultrices posuere cubilia Curae; Aenean eleifend laoreet congue. Vivamus adipiscing nisl ut dolor dignissim semper. Nulla luctus malesuada tincidunt. Class aptent taciti sociosqu ad litora torquent per conubia nostra, per inceptos himenaeos. Integer enim purus, posuere at ultricies eu, placerat a felis. Suspendisse aliquet urna pretium eros convallis interdum. Quisque in arcu id dui vulputate mollis eget non arcu. Aenean et nulla purus. Mauris vel tellus non nunc mattis lobortis.Nunc facilisis sagittis ullamcorper. Proin lectus ipsum, gravida et mattis vulputate, tristique ut lectus. Sed et lorem nunc. Vestibulum ante ipsum primis in faucibus orci luctus et ultrices posuere cubilia Curae; Aenean eleifend laoreet congue. Vivamus adipiscing nisl ut dolor dignissim semper. Nulla luctus malesuada tincidunt. Class aptent taciti sociosqu ad litora torquent per conubia nostra, per inceptos himenaeos. Integer enim purus, posuere at ultricies eu, placerat a felis. Suspendisse aliquet urna pretium eros convallis interdum. Quisque in arcu id dui vulputate mollis eget non arcu. Aenean et nulla purus. Mauris vel tellus non nunc mattis lobortis\r\n','Lorem ipsum dolor sit amet, consectetuer adipiscing elit, sed diam nonummy nibh euismod tincidunt. Lorem ipsum dolor sit amet, consectetuer...','Dell Caunching an $500 Chromebook?','',''),(17,2,'Dell Caunching an $500 Chromebook?','Nunc facilisis sagittis ullamcorper. Proin lectus ipsum, gravida et mattis vulputate, tristique ut lectus. Sed et lorem nunc. Vestibulum ante ipsum primis in faucibus orci luctus et ultrices posuere cubilia Curae; Aenean eleifend laoreet congue. Vivamus adipiscing nisl ut dolor dignissim semper. Nulla luctus malesuada tincidunt. Class aptent taciti sociosqu ad litora torquent per conubia nostra, per inceptos himenaeos. Integer enim purus, posuere at ultricies eu, placerat a felis. Suspendisse aliquet urna pretium eros convallis interdum. Quisque in arcu id dui vulputate mollis eget non arcu. Aenean et nulla purus. Mauris vel tellus non nunc mattis lobortis.Nunc facilisis sagittis ullamcorper. Proin lectus ipsum, gravida et mattis vulputate, tristique ut lectus. Sed et lorem nunc. Vestibulum ante ipsum primis in faucibus orci luctus et ultrices posuere cubilia Curae; Aenean eleifend laoreet congue. Vivamus adipiscing nisl ut dolor dignissim semper. Nulla luctus malesuada tincidunt. Class aptent taciti sociosqu ad litora torquent per conubia nostra, per inceptos himenaeos. Integer enim purus, posuere at ultricies eu, placerat a felis. Suspendisse aliquet urna pretium eros convallis interdum. Quisque in arcu id dui vulputate mollis eget non arcu. Aenean et nulla purus. Mauris vel tellus non nunc mattis lobortis\r\n','Lorem ipsum dolor sit amet, consectetuer adipiscing elit, sed diam nonummy nibh euismod tincidunt. Lorem ipsum dolor sit amet, consectetuer...','Dell Caunching an $500 Chromebook?','',''),(17,3,'Dell Caunching an $500 Chromebook?','Nunc facilisis sagittis ullamcorper. Proin lectus ipsum, gravida et mattis vulputate, tristique ut lectus. Sed et lorem nunc. Vestibulum ante ipsum primis in faucibus orci luctus et ultrices posuere cubilia Curae; Aenean eleifend laoreet congue. Vivamus adipiscing nisl ut dolor dignissim semper. Nulla luctus malesuada tincidunt. Class aptent taciti sociosqu ad litora torquent per conubia nostra, per inceptos himenaeos. Integer enim purus, posuere at ultricies eu, placerat a felis. Suspendisse aliquet urna pretium eros convallis interdum. Quisque in arcu id dui vulputate mollis eget non arcu. Aenean et nulla purus. Mauris vel tellus non nunc mattis lobortis.Nunc facilisis sagittis ullamcorper. Proin lectus ipsum, gravida et mattis vulputate, tristique ut lectus. Sed et lorem nunc. Vestibulum ante ipsum primis in faucibus orci luctus et ultrices posuere cubilia Curae; Aenean eleifend laoreet congue. Vivamus adipiscing nisl ut dolor dignissim semper. Nulla luctus malesuada tincidunt. Class aptent taciti sociosqu ad litora torquent per conubia nostra, per inceptos himenaeos. Integer enim purus, posuere at ultricies eu, placerat a felis. Suspendisse aliquet urna pretium eros convallis interdum. Quisque in arcu id dui vulputate mollis eget non arcu. Aenean et nulla purus. Mauris vel tellus non nunc mattis lobortis\r\n','Lorem ipsum dolor sit amet, consectetuer adipiscing elit, sed diam nonummy nibh euismod tincidunt. Lorem ipsum dolor sit amet, consectetuer...','Dell Caunching an $500 Chromebook?','',''),(17,4,'Dell Caunching an $500 Chromebook?','Nunc facilisis sagittis ullamcorper. Proin lectus ipsum, gravida et mattis vulputate, tristique ut lectus. Sed et lorem nunc. Vestibulum ante ipsum primis in faucibus orci luctus et ultrices posuere cubilia Curae; Aenean eleifend laoreet congue. Vivamus adipiscing nisl ut dolor dignissim semper. Nulla luctus malesuada tincidunt. Class aptent taciti sociosqu ad litora torquent per conubia nostra, per inceptos himenaeos. Integer enim purus, posuere at ultricies eu, placerat a felis. Suspendisse aliquet urna pretium eros convallis interdum. Quisque in arcu id dui vulputate mollis eget non arcu. Aenean et nulla purus. Mauris vel tellus non nunc mattis lobortis.Nunc facilisis sagittis ullamcorper. Proin lectus ipsum, gravida et mattis vulputate, tristique ut lectus. Sed et lorem nunc. Vestibulum ante ipsum primis in faucibus orci luctus et ultrices posuere cubilia Curae; Aenean eleifend laoreet congue. Vivamus adipiscing nisl ut dolor dignissim semper. Nulla luctus malesuada tincidunt. Class aptent taciti sociosqu ad litora torquent per conubia nostra, per inceptos himenaeos. Integer enim purus, posuere at ultricies eu, placerat a felis. Suspendisse aliquet urna pretium eros convallis interdum. Quisque in arcu id dui vulputate mollis eget non arcu. Aenean et nulla purus. Mauris vel tellus non nunc mattis lobortis\r\n','Lorem ipsum dolor sit amet, consectetuer adipiscing elit, sed diam nonummy nibh euismod tincidunt. Lorem ipsum dolor sit amet, consectetuer...','Dell Caunching an $500 Chromebook?','',''),(18,1,'25 things I\'d do with the naythical clock','Nunc facilisis sagittis ullamcorper. Proin lectus ipsum, gravida et mattis vulputate, tristique ut lectus. Sed et lorem nunc. Vestibulum ante ipsum primis in faucibus orci luctus et ultrices posuere cubilia Curae; Aenean eleifend laoreet congue. Vivamus adipiscing nisl ut dolor dignissim semper. Nulla luctus malesuada tincidunt. Class aptent taciti sociosqu ad litora torquent per conubia nostra, per inceptos himenaeos. Integer enim purus, posuere at ultricies eu, placerat a felis. Suspendisse aliquet urna pretium eros convallis interdum. Quisque in arcu id dui vulputate mollis eget non arcu. Aenean et nulla purus. Mauris vel tellus non nunc mattis lobortis.Nunc facilisis sagittis ullamcorper. Proin lectus ipsum, gravida et mattis vulputate, tristique ut lectus. Sed et lorem nunc. Vestibulum ante ipsum primis in faucibus orci luctus et ultrices posuere cubilia Curae; Aenean eleifend laoreet congue. Vivamus adipiscing nisl ut dolor dignissim semper. Nulla luctus malesuada tincidunt. Class aptent taciti sociosqu ad litora torquent per conubia nostra, per inceptos himenaeos. Integer enim purus, posuere at ultricies eu, placerat a felis. Suspendisse aliquet urna pretium eros convallis interdum. Quisque in arcu id dui vulputate mollis eget non arcu. Aenean et nulla purus. Mauris vel tellus non nunc mattis lobortis\r\n','Lorem ipsum dolor sit amet, consectetuer adipiscing elit, sed diam nonummy nibh euismod tincidunt. Lorem ipsum dolor sit amet, consectetuer...','25 things I\'d do with the naythical clock','',''),(18,2,'25 things I\'d do with the naythical clock','Nunc facilisis sagittis ullamcorper. Proin lectus ipsum, gravida et mattis vulputate, tristique ut lectus. Sed et lorem nunc. Vestibulum ante ipsum primis in faucibus orci luctus et ultrices posuere cubilia Curae; Aenean eleifend laoreet congue. Vivamus adipiscing nisl ut dolor dignissim semper. Nulla luctus malesuada tincidunt. Class aptent taciti sociosqu ad litora torquent per conubia nostra, per inceptos himenaeos. Integer enim purus, posuere at ultricies eu, placerat a felis. Suspendisse aliquet urna pretium eros convallis interdum. Quisque in arcu id dui vulputate mollis eget non arcu. Aenean et nulla purus. Mauris vel tellus non nunc mattis lobortis.Nunc facilisis sagittis ullamcorper. Proin lectus ipsum, gravida et mattis vulputate, tristique ut lectus. Sed et lorem nunc. Vestibulum ante ipsum primis in faucibus orci luctus et ultrices posuere cubilia Curae; Aenean eleifend laoreet congue. Vivamus adipiscing nisl ut dolor dignissim semper. Nulla luctus malesuada tincidunt. Class aptent taciti sociosqu ad litora torquent per conubia nostra, per inceptos himenaeos. Integer enim purus, posuere at ultricies eu, placerat a felis. Suspendisse aliquet urna pretium eros convallis interdum. Quisque in arcu id dui vulputate mollis eget non arcu. Aenean et nulla purus. Mauris vel tellus non nunc mattis lobortis\r\n','Lorem ipsum dolor sit amet, consectetuer adipiscing elit, sed diam nonummy nibh euismod tincidunt. Lorem ipsum dolor sit amet, consectetuer...','25 things I\'d do with the naythical clock','',''),(18,3,'25 things I\'d do with the naythical clock','Nunc facilisis sagittis ullamcorper. Proin lectus ipsum, gravida et mattis vulputate, tristique ut lectus. Sed et lorem nunc. Vestibulum ante ipsum primis in faucibus orci luctus et ultrices posuere cubilia Curae; Aenean eleifend laoreet congue. Vivamus adipiscing nisl ut dolor dignissim semper. Nulla luctus malesuada tincidunt. Class aptent taciti sociosqu ad litora torquent per conubia nostra, per inceptos himenaeos. Integer enim purus, posuere at ultricies eu, placerat a felis. Suspendisse aliquet urna pretium eros convallis interdum. Quisque in arcu id dui vulputate mollis eget non arcu. Aenean et nulla purus. Mauris vel tellus non nunc mattis lobortis.Nunc facilisis sagittis ullamcorper. Proin lectus ipsum, gravida et mattis vulputate, tristique ut lectus. Sed et lorem nunc. Vestibulum ante ipsum primis in faucibus orci luctus et ultrices posuere cubilia Curae; Aenean eleifend laoreet congue. Vivamus adipiscing nisl ut dolor dignissim semper. Nulla luctus malesuada tincidunt. Class aptent taciti sociosqu ad litora torquent per conubia nostra, per inceptos himenaeos. Integer enim purus, posuere at ultricies eu, placerat a felis. Suspendisse aliquet urna pretium eros convallis interdum. Quisque in arcu id dui vulputate mollis eget non arcu. Aenean et nulla purus. Mauris vel tellus non nunc mattis lobortis\r\n','Lorem ipsum dolor sit amet, consectetuer adipiscing elit, sed diam nonummy nibh euismod tincidunt. Lorem ipsum dolor sit amet, consectetuer...','25 things I\'d do with the naythical clock','',''),(18,4,'25 things I\'d do with the naythical clock','Nunc facilisis sagittis ullamcorper. Proin lectus ipsum, gravida et mattis vulputate, tristique ut lectus. Sed et lorem nunc. Vestibulum ante ipsum primis in faucibus orci luctus et ultrices posuere cubilia Curae; Aenean eleifend laoreet congue. Vivamus adipiscing nisl ut dolor dignissim semper. Nulla luctus malesuada tincidunt. Class aptent taciti sociosqu ad litora torquent per conubia nostra, per inceptos himenaeos. Integer enim purus, posuere at ultricies eu, placerat a felis. Suspendisse aliquet urna pretium eros convallis interdum. Quisque in arcu id dui vulputate mollis eget non arcu. Aenean et nulla purus. Mauris vel tellus non nunc mattis lobortis.Nunc facilisis sagittis ullamcorper. Proin lectus ipsum, gravida et mattis vulputate, tristique ut lectus. Sed et lorem nunc. Vestibulum ante ipsum primis in faucibus orci luctus et ultrices posuere cubilia Curae; Aenean eleifend laoreet congue. Vivamus adipiscing nisl ut dolor dignissim semper. Nulla luctus malesuada tincidunt. Class aptent taciti sociosqu ad litora torquent per conubia nostra, per inceptos himenaeos. Integer enim purus, posuere at ultricies eu, placerat a felis. Suspendisse aliquet urna pretium eros convallis interdum. Quisque in arcu id dui vulputate mollis eget non arcu. Aenean et nulla purus. Mauris vel tellus non nunc mattis lobortis\r\n','Lorem ipsum dolor sit amet, consectetuer adipiscing elit, sed diam nonummy nibh euismod tincidunt. Lorem ipsum dolor sit amet, consectetuer...','25 things I\'d do with the naythical clock','',''),(19,1,'An not getting anything done','Nunc facilisis sagittis ullamcorper. Proin lectus ipsum, gravida et mattis vulputate, tristique ut lectus. Sed et lorem nunc. Vestibulum ante ipsum primis in faucibus orci luctus et ultrices posuere cubilia Curae; Aenean eleifend laoreet congue. Vivamus adipiscing nisl ut dolor dignissim semper. Nulla luctus malesuada tincidunt. Class aptent taciti sociosqu ad litora torquent per conubia nostra, per inceptos himenaeos. Integer enim purus, posuere at ultricies eu, placerat a felis. Suspendisse aliquet urna pretium eros convallis interdum. Quisque in arcu id dui vulputate mollis eget non arcu. Aenean et nulla purus. Mauris vel tellus non nunc mattis lobortis.Nunc facilisis sagittis ullamcorper. Proin lectus ipsum, gravida et mattis vulputate, tristique ut lectus. Sed et lorem nunc. Vestibulum ante ipsum primis in faucibus orci luctus et ultrices posuere cubilia Curae; Aenean eleifend laoreet congue. Vivamus adipiscing nisl ut dolor dignissim semper. Nulla luctus malesuada tincidunt. Class aptent taciti sociosqu ad litora torquent per conubia nostra, per inceptos himenaeos. Integer enim purus, posuere at ultricies eu, placerat a felis. Suspendisse aliquet urna pretium eros convallis interdum. Quisque in arcu id dui vulputate mollis eget non arcu. Aenean et nulla purus. Mauris vel tellus non nunc mattis lobortis\r\n','Lorem ipsum dolor sit amet, consectetuer adipiscing elit, sed diam nonummy nibh euismod tincidunt. Lorem ipsum dolor sit amet, consectetuer...','An not getting anything done','',''),(19,2,'An not getting anything done','Nunc facilisis sagittis ullamcorper. Proin lectus ipsum, gravida et mattis vulputate, tristique ut lectus. Sed et lorem nunc. Vestibulum ante ipsum primis in faucibus orci luctus et ultrices posuere cubilia Curae; Aenean eleifend laoreet congue. Vivamus adipiscing nisl ut dolor dignissim semper. Nulla luctus malesuada tincidunt. Class aptent taciti sociosqu ad litora torquent per conubia nostra, per inceptos himenaeos. Integer enim purus, posuere at ultricies eu, placerat a felis. Suspendisse aliquet urna pretium eros convallis interdum. Quisque in arcu id dui vulputate mollis eget non arcu. Aenean et nulla purus. Mauris vel tellus non nunc mattis lobortis.Nunc facilisis sagittis ullamcorper. Proin lectus ipsum, gravida et mattis vulputate, tristique ut lectus. Sed et lorem nunc. Vestibulum ante ipsum primis in faucibus orci luctus et ultrices posuere cubilia Curae; Aenean eleifend laoreet congue. Vivamus adipiscing nisl ut dolor dignissim semper. Nulla luctus malesuada tincidunt. Class aptent taciti sociosqu ad litora torquent per conubia nostra, per inceptos himenaeos. Integer enim purus, posuere at ultricies eu, placerat a felis. Suspendisse aliquet urna pretium eros convallis interdum. Quisque in arcu id dui vulputate mollis eget non arcu. Aenean et nulla purus. Mauris vel tellus non nunc mattis lobortis\r\n','Lorem ipsum dolor sit amet, consectetuer adipiscing elit, sed diam nonummy nibh euismod tincidunt. Lorem ipsum dolor sit amet, consectetuer...','An not getting anything done','',''),(19,3,'An not getting anything done','Nunc facilisis sagittis ullamcorper. Proin lectus ipsum, gravida et mattis vulputate, tristique ut lectus. Sed et lorem nunc. Vestibulum ante ipsum primis in faucibus orci luctus et ultrices posuere cubilia Curae; Aenean eleifend laoreet congue. Vivamus adipiscing nisl ut dolor dignissim semper. Nulla luctus malesuada tincidunt. Class aptent taciti sociosqu ad litora torquent per conubia nostra, per inceptos himenaeos. Integer enim purus, posuere at ultricies eu, placerat a felis. Suspendisse aliquet urna pretium eros convallis interdum. Quisque in arcu id dui vulputate mollis eget non arcu. Aenean et nulla purus. Mauris vel tellus non nunc mattis lobortis.Nunc facilisis sagittis ullamcorper. Proin lectus ipsum, gravida et mattis vulputate, tristique ut lectus. Sed et lorem nunc. Vestibulum ante ipsum primis in faucibus orci luctus et ultrices posuere cubilia Curae; Aenean eleifend laoreet congue. Vivamus adipiscing nisl ut dolor dignissim semper. Nulla luctus malesuada tincidunt. Class aptent taciti sociosqu ad litora torquent per conubia nostra, per inceptos himenaeos. Integer enim purus, posuere at ultricies eu, placerat a felis. Suspendisse aliquet urna pretium eros convallis interdum. Quisque in arcu id dui vulputate mollis eget non arcu. Aenean et nulla purus. Mauris vel tellus non nunc mattis lobortis\r\n','Lorem ipsum dolor sit amet, consectetuer adipiscing elit, sed diam nonummy nibh euismod tincidunt. Lorem ipsum dolor sit amet, consectetuer...','An not getting anything done','',''),(19,4,'An not getting anything done','Nunc facilisis sagittis ullamcorper. Proin lectus ipsum, gravida et mattis vulputate, tristique ut lectus. Sed et lorem nunc. Vestibulum ante ipsum primis in faucibus orci luctus et ultrices posuere cubilia Curae; Aenean eleifend laoreet congue. Vivamus adipiscing nisl ut dolor dignissim semper. Nulla luctus malesuada tincidunt. Class aptent taciti sociosqu ad litora torquent per conubia nostra, per inceptos himenaeos. Integer enim purus, posuere at ultricies eu, placerat a felis. Suspendisse aliquet urna pretium eros convallis interdum. Quisque in arcu id dui vulputate mollis eget non arcu. Aenean et nulla purus. Mauris vel tellus non nunc mattis lobortis.Nunc facilisis sagittis ullamcorper. Proin lectus ipsum, gravida et mattis vulputate, tristique ut lectus. Sed et lorem nunc. Vestibulum ante ipsum primis in faucibus orci luctus et ultrices posuere cubilia Curae; Aenean eleifend laoreet congue. Vivamus adipiscing nisl ut dolor dignissim semper. Nulla luctus malesuada tincidunt. Class aptent taciti sociosqu ad litora torquent per conubia nostra, per inceptos himenaeos. Integer enim purus, posuere at ultricies eu, placerat a felis. Suspendisse aliquet urna pretium eros convallis interdum. Quisque in arcu id dui vulputate mollis eget non arcu. Aenean et nulla purus. Mauris vel tellus non nunc mattis lobortis\r\n','Lorem ipsum dolor sit amet, consectetuer adipiscing elit, sed diam nonummy nibh euismod tincidunt. Lorem ipsum dolor sit amet, consectetuer...','An not getting anything done','','');
/*!40000 ALTER TABLE `oc_article_description` ENABLE KEYS */;
UNLOCK TABLES;

--
-- Table structure for table `oc_article_list`
--

DROP TABLE IF EXISTS `oc_article_list`;
/*!40101 SET @saved_cs_client     = @@character_set_client */;
/*!40101 SET character_set_client = utf8 */;
CREATE TABLE `oc_article_list` (
  `article_list_id` int(11) NOT NULL AUTO_INCREMENT,
  `name` varchar(255) NOT NULL,
  `status` tinyint(1) NOT NULL DEFAULT '0',
  PRIMARY KEY (`article_list_id`),
  KEY `name` (`name`)
) ENGINE=InnoDB AUTO_INCREMENT=4 DEFAULT CHARSET=utf8;
/*!40101 SET character_set_client = @saved_cs_client */;

--
-- Dumping data for table `oc_article_list`
--

LOCK TABLES `oc_article_list` WRITE;
/*!40000 ALTER TABLE `oc_article_list` DISABLE KEYS */;
INSERT INTO `oc_article_list` VALUES (1,'The Blog',1),(2,'The Blog2',1),(3,'The Blog3',1);
/*!40000 ALTER TABLE `oc_article_list` ENABLE KEYS */;
UNLOCK TABLES;

--
-- Table structure for table `oc_article_to_list`
--

DROP TABLE IF EXISTS `oc_article_to_list`;
/*!40101 SET @saved_cs_client     = @@character_set_client */;
/*!40101 SET character_set_client = utf8 */;
CREATE TABLE `oc_article_to_list` (
  `article_list_id` int(11) NOT NULL,
  `article_id` int(11) NOT NULL
) ENGINE=InnoDB DEFAULT CHARSET=utf8;
/*!40101 SET character_set_client = @saved_cs_client */;

--
-- Dumping data for table `oc_article_to_list`
--

LOCK TABLES `oc_article_to_list` WRITE;
/*!40000 ALTER TABLE `oc_article_to_list` DISABLE KEYS */;
INSERT INTO `oc_article_to_list` VALUES (1,1),(1,9),(1,11),(1,8),(1,16),(1,14),(1,15),(1,13),(1,6),(1,7),(2,12),(2,13),(2,14),(2,15),(3,16),(3,18),(3,19),(3,17);
/*!40000 ALTER TABLE `oc_article_to_list` ENABLE KEYS */;
UNLOCK TABLES;

--
-- Table structure for table `oc_article_to_store`
--

DROP TABLE IF EXISTS `oc_article_to_store`;
/*!40101 SET @saved_cs_client     = @@character_set_client */;
/*!40101 SET character_set_client = utf8 */;
CREATE TABLE `oc_article_to_store` (
  `article_id` int(11) NOT NULL,
  `store_id` int(11) NOT NULL
) ENGINE=InnoDB DEFAULT CHARSET=utf8;
/*!40101 SET character_set_client = @saved_cs_client */;

--
-- Dumping data for table `oc_article_to_store`
--

LOCK TABLES `oc_article_to_store` WRITE;
/*!40000 ALTER TABLE `oc_article_to_store` DISABLE KEYS */;
INSERT INTO `oc_article_to_store` VALUES (7,4),(7,5),(7,6),(7,7),(6,4),(6,5),(6,6),(6,7),(15,4),(15,5),(15,6),(15,7),(14,4),(14,5),(14,6),(14,7),(1,0),(8,0),(11,0),(9,0),(12,1),(14,1),(15,1),(16,0),(16,2),(18,0),(18,2),(17,0),(17,2),(19,0),(19,2),(13,0);
/*!40000 ALTER TABLE `oc_article_to_store` ENABLE KEYS */;
UNLOCK TABLES;

--
-- Table structure for table `oc_attribute`
--

DROP TABLE IF EXISTS `oc_attribute`;
/*!40101 SET @saved_cs_client     = @@character_set_client */;
/*!40101 SET character_set_client = utf8 */;
CREATE TABLE `oc_attribute` (
  `attribute_id` int(11) NOT NULL AUTO_INCREMENT,
  `attribute_group_id` int(11) NOT NULL,
  `sort_order` int(3) NOT NULL,
  PRIMARY KEY (`attribute_id`)
) ENGINE=MyISAM AUTO_INCREMENT=50 DEFAULT CHARSET=utf8;
/*!40101 SET character_set_client = @saved_cs_client */;

--
-- Dumping data for table `oc_attribute`
--

LOCK TABLES `oc_attribute` WRITE;
/*!40000 ALTER TABLE `oc_attribute` DISABLE KEYS */;
INSERT INTO `oc_attribute` VALUES (1,6,1),(2,6,5),(3,6,3),(4,3,1),(5,3,2),(6,3,3),(7,3,4),(8,3,5),(9,3,6),(10,3,7),(11,3,8),(12,6,1),(13,6,1),(14,6,1),(15,6,1),(16,6,1),(17,6,1),(18,6,1),(19,6,1),(20,6,1),(21,6,1),(22,6,1),(23,6,1),(24,6,1),(25,6,1),(26,6,1),(27,6,1),(28,6,1),(29,6,1),(30,6,1),(31,6,1),(32,6,1),(33,6,1),(34,6,1),(35,6,1),(36,6,1),(37,6,1),(38,6,1),(39,6,1),(40,6,1),(41,6,1),(42,6,1),(43,6,1),(44,6,1),(45,6,1),(46,6,1),(47,6,1),(48,6,1),(49,6,1);
/*!40000 ALTER TABLE `oc_attribute` ENABLE KEYS */;
UNLOCK TABLES;

--
-- Table structure for table `oc_attribute_description`
--

DROP TABLE IF EXISTS `oc_attribute_description`;
/*!40101 SET @saved_cs_client     = @@character_set_client */;
/*!40101 SET character_set_client = utf8 */;
CREATE TABLE `oc_attribute_description` (
  `attribute_id` int(11) NOT NULL,
  `language_id` int(11) NOT NULL,
  `name` varchar(64) NOT NULL,
  PRIMARY KEY (`attribute_id`,`language_id`)
) ENGINE=MyISAM DEFAULT CHARSET=utf8;
/*!40101 SET character_set_client = @saved_cs_client */;

--
-- Dumping data for table `oc_attribute_description`
--

LOCK TABLES `oc_attribute_description` WRITE;
/*!40000 ALTER TABLE `oc_attribute_description` DISABLE KEYS */;
INSERT INTO `oc_attribute_description` VALUES (1,1,'Description'),(2,1,'No. of Cores'),(4,1,'test 1'),(5,1,'test 2'),(6,1,'test 3'),(7,1,'test 4'),(8,1,'test 5'),(9,1,'test 6'),(10,1,'test 7'),(11,1,'test 8'),(3,1,'Clockspeed'),(12,1,'Tuotemerkki'),(13,1,'Nettopaino (kg)'),(14,1,'Tuotenumero'),(15,1,'Väri'),(16,1,'Lelutyyppi'),(17,1,'Eläimen ikä'),(18,1,'Ravinnon tyyppi'),(19,1,'Rasva'),(20,1,'Valmistusaineet'),(21,1,'Ravintotiedot'),(22,1,'Lisätyt ravintoaineet'),(23,1,'Proteiini'),(24,1,'Koko'),(25,1,'Turkkityyppi'),(26,1,'Harrastus ja motivointi'),(27,1,'Takuuaika (kk)'),(28,1,'Talutintyyppi'),(29,1,'Valjastyyppi'),(30,1,'Materiaali'),(31,1,'Kuluttajapakkauksen koko (kpl)'),(32,1,'Ruuan rakennetyyppi'),(33,1,'Pakkaustyyppi'),(34,1,'Jätepussi'),(35,1,'Petityyppi'),(36,1,'Huomiotuotetyyppi'),(37,1,'Vaatetyyppi'),(38,1,'Pantatyyppi'),(39,1,'Terveydentila'),(40,1,'Tuoksu'),(41,1,'Kissanhiekka'),(42,1,'Vedenpitävä'),(43,1,'Suojaava'),(44,1,'Lämmittävä'),(45,1,'Käyttäytyminen'),(46,1,'Energiataso'),(47,1,'Häkkityyppi'),(48,1,'Viilentävä'),(49,1,'Upotettu media'),(1,3,'Description'),(2,3,'No. of Cores'),(4,3,'test 1'),(5,3,'test 2'),(6,3,'test 3'),(7,3,'test 4'),(8,3,'test 5'),(9,3,'test 6'),(10,3,'test 7'),(11,3,'test 8'),(3,3,'Clockspeed'),(12,3,'Tuotemerkki'),(13,3,'Nettopaino (kg)'),(14,3,'Tuotenumero'),(15,3,'Väri'),(16,3,'Lelutyyppi'),(17,3,'Eläimen ikä'),(18,3,'Ravinnon tyyppi'),(19,3,'Rasva'),(20,3,'Valmistusaineet'),(21,3,'Ravintotiedot'),(22,3,'Lisätyt ravintoaineet'),(23,3,'Proteiini'),(24,3,'Koko'),(25,3,'Turkkityyppi'),(26,3,'Harrastus ja motivointi'),(27,3,'Takuuaika (kk)'),(28,3,'Talutintyyppi'),(29,3,'Valjastyyppi'),(30,3,'Materiaali'),(31,3,'Kuluttajapakkauksen koko (kpl)'),(32,3,'Ruuan rakennetyyppi'),(33,3,'Pakkaustyyppi'),(34,3,'Jätepussi'),(35,3,'Petityyppi'),(36,3,'Huomiotuotetyyppi'),(37,3,'Vaatetyyppi'),(38,3,'Pantatyyppi'),(39,3,'Terveydentila'),(40,3,'Tuoksu'),(41,3,'Kissanhiekka'),(42,3,'Vedenpitävä'),(43,3,'Suojaava'),(44,3,'Lämmittävä'),(45,3,'Käyttäytyminen'),(46,3,'Energiataso'),(47,3,'Häkkityyppi'),(48,3,'Viilentävä'),(49,3,'Upotettu media'),(1,4,'Description'),(2,4,'No. of Cores'),(4,4,'test 1'),(5,4,'test 2'),(6,4,'test 3'),(7,4,'test 4'),(8,4,'test 5'),(9,4,'test 6'),(10,4,'test 7'),(11,4,'test 8'),(3,4,'Clockspeed'),(12,4,'Tuotemerkki'),(13,4,'Nettopaino (kg)'),(14,4,'Tuotenumero'),(15,4,'Väri'),(16,4,'Lelutyyppi'),(17,4,'Eläimen ikä'),(18,4,'Ravinnon tyyppi'),(19,4,'Rasva'),(20,4,'Valmistusaineet'),(21,4,'Ravintotiedot'),(22,4,'Lisätyt ravintoaineet'),(23,4,'Proteiini'),(24,4,'Koko'),(25,4,'Turkkityyppi'),(26,4,'Harrastus ja motivointi'),(27,4,'Takuuaika (kk)'),(28,4,'Talutintyyppi'),(29,4,'Valjastyyppi'),(30,4,'Materiaali'),(31,4,'Kuluttajapakkauksen koko (kpl)'),(32,4,'Ruuan rakennetyyppi'),(33,4,'Pakkaustyyppi'),(34,4,'Jätepussi'),(35,4,'Petityyppi'),(36,4,'Huomiotuotetyyppi'),(37,4,'Vaatetyyppi'),(38,4,'Pantatyyppi'),(39,4,'Terveydentila'),(40,4,'Tuoksu'),(41,4,'Kissanhiekka'),(42,4,'Vedenpitävä'),(43,4,'Suojaava'),(44,4,'Lämmittävä'),(45,4,'Käyttäytyminen'),(46,4,'Energiataso'),(47,4,'Häkkityyppi'),(48,4,'Viilentävä'),(49,4,'Upotettu media');
/*!40000 ALTER TABLE `oc_attribute_description` ENABLE KEYS */;
UNLOCK TABLES;

--
-- Table structure for table `oc_attribute_group`
--

DROP TABLE IF EXISTS `oc_attribute_group`;
/*!40101 SET @saved_cs_client     = @@character_set_client */;
/*!40101 SET character_set_client = utf8 */;
CREATE TABLE `oc_attribute_group` (
  `attribute_group_id` int(11) NOT NULL AUTO_INCREMENT,
  `sort_order` int(3) NOT NULL,
  PRIMARY KEY (`attribute_group_id`)
) ENGINE=MyISAM AUTO_INCREMENT=7 DEFAULT CHARSET=utf8;
/*!40101 SET character_set_client = @saved_cs_client */;

--
-- Dumping data for table `oc_attribute_group`
--

LOCK TABLES `oc_attribute_group` WRITE;
/*!40000 ALTER TABLE `oc_attribute_group` DISABLE KEYS */;
INSERT INTO `oc_attribute_group` VALUES (3,2),(4,1),(5,3),(6,4);
/*!40000 ALTER TABLE `oc_attribute_group` ENABLE KEYS */;
UNLOCK TABLES;

--
-- Table structure for table `oc_attribute_group_description`
--

DROP TABLE IF EXISTS `oc_attribute_group_description`;
/*!40101 SET @saved_cs_client     = @@character_set_client */;
/*!40101 SET character_set_client = utf8 */;
CREATE TABLE `oc_attribute_group_description` (
  `attribute_group_id` int(11) NOT NULL,
  `language_id` int(11) NOT NULL,
  `name` varchar(64) NOT NULL,
  PRIMARY KEY (`attribute_group_id`,`language_id`)
) ENGINE=MyISAM DEFAULT CHARSET=utf8;
/*!40101 SET character_set_client = @saved_cs_client */;

--
-- Dumping data for table `oc_attribute_group_description`
--

LOCK TABLES `oc_attribute_group_description` WRITE;
/*!40000 ALTER TABLE `oc_attribute_group_description` DISABLE KEYS */;
INSERT INTO `oc_attribute_group_description` VALUES (3,1,'Memory'),(4,1,'Technical'),(5,1,'Motherboard'),(6,1,'Properties'),(3,3,'Memory'),(4,3,'Technical'),(5,3,'Motherboard'),(6,3,'Properties'),(3,4,'Memory'),(4,4,'Technical'),(5,4,'Motherboard'),(6,4,'Properties');
/*!40000 ALTER TABLE `oc_attribute_group_description` ENABLE KEYS */;
UNLOCK TABLES;

--
-- Table structure for table `oc_banner`
--

DROP TABLE IF EXISTS `oc_banner`;
/*!40101 SET @saved_cs_client     = @@character_set_client */;
/*!40101 SET character_set_client = utf8 */;
CREATE TABLE `oc_banner` (
  `banner_id` int(11) NOT NULL AUTO_INCREMENT,
  `name` varchar(64) NOT NULL,
  `status` tinyint(1) NOT NULL,
  PRIMARY KEY (`banner_id`)
) ENGINE=MyISAM AUTO_INCREMENT=10 DEFAULT CHARSET=utf8;
/*!40101 SET character_set_client = @saved_cs_client */;

--
-- Dumping data for table `oc_banner`
--

LOCK TABLES `oc_banner` WRITE;
/*!40000 ALTER TABLE `oc_banner` DISABLE KEYS */;
INSERT INTO `oc_banner` VALUES (6,'HP Products',1),(7,'Home Page Slideshow',1),(8,'Manufacturers',1),(9,'Our Brands',1);
/*!40000 ALTER TABLE `oc_banner` ENABLE KEYS */;
UNLOCK TABLES;

--
-- Table structure for table `oc_banner_image`
--

DROP TABLE IF EXISTS `oc_banner_image`;
/*!40101 SET @saved_cs_client     = @@character_set_client */;
/*!40101 SET character_set_client = utf8 */;
CREATE TABLE `oc_banner_image` (
  `banner_image_id` int(11) NOT NULL AUTO_INCREMENT,
  `banner_id` int(11) NOT NULL,
  `language_id` int(11) NOT NULL,
  `title` varchar(64) NOT NULL,
  `link` varchar(255) NOT NULL,
  `image` varchar(255) NOT NULL,
  `sort_order` int(3) NOT NULL DEFAULT '0',
  PRIMARY KEY (`banner_image_id`)
) ENGINE=MyISAM AUTO_INCREMENT=165 DEFAULT CHARSET=utf8;
/*!40101 SET character_set_client = @saved_cs_client */;

--
-- Dumping data for table `oc_banner_image`
--

LOCK TABLES `oc_banner_image` WRITE;
/*!40000 ALTER TABLE `oc_banner_image` DISABLE KEYS */;
INSERT INTO `oc_banner_image` VALUES (79,7,1,'iPhone 6','index.php?route=product/product&amp;path=57&amp;product_id=49','catalog/demo/banners/iPhone6.jpg',0),(87,6,1,'HP Banner','index.php?route=product/manufacturer/info&amp;manufacturer_id=7','catalog/demo/compaq_presario.jpg',0),(94,8,1,'NFL','','catalog/demo/manufacturer/nfl.png',0),(95,8,1,'RedBull','','catalog/demo/manufacturer/redbull.png',0),(96,8,1,'Sony','','catalog/demo/manufacturer/sony.png',0),(91,8,1,'Coca Cola','','catalog/demo/manufacturer/cocacola.png',0),(92,8,1,'Burger King','','catalog/demo/manufacturer/burgerking.png',0),(93,8,1,'Canon','','catalog/demo/manufacturer/canon.png',0),(88,8,1,'Harley Davidson','','catalog/demo/manufacturer/harley.png',0),(89,8,1,'Dell','','catalog/demo/manufacturer/dell.png',0),(90,8,1,'Disney','','catalog/demo/manufacturer/disney.png',0),(80,7,1,'MacBookAir','','catalog/demo/banners/MacBookAir.jpg',0),(97,8,1,'Starbucks','','catalog/demo/manufacturer/starbucks.png',0),(98,8,1,'Nintendo','','catalog/demo/manufacturer/nintendo.png',0),(99,7,2,'iPhone 6','index.php?route=product/product&amp;path=57&amp;product_id=49','catalog/demo/banners/iPhone6.jpg',0),(100,6,2,'HP Banner','index.php?route=product/manufacturer/info&amp;manufacturer_id=7','catalog/demo/compaq_presario.jpg',0),(101,8,2,'NFL','','catalog/demo/manufacturer/nfl.png',0),(102,8,2,'RedBull','','catalog/demo/manufacturer/redbull.png',0),(103,8,2,'Sony','','catalog/demo/manufacturer/sony.png',0),(104,8,2,'Coca Cola','','catalog/demo/manufacturer/cocacola.png',0),(105,8,2,'Burger King','','catalog/demo/manufacturer/burgerking.png',0),(106,8,2,'Canon','','catalog/demo/manufacturer/canon.png',0),(107,8,2,'Harley Davidson','','catalog/demo/manufacturer/harley.png',0),(108,8,2,'Dell','','catalog/demo/manufacturer/dell.png',0),(109,8,2,'Disney','','catalog/demo/manufacturer/disney.png',0),(110,7,2,'MacBookAir','','catalog/demo/banners/MacBookAir.jpg',0),(111,8,2,'Starbucks','','catalog/demo/manufacturer/starbucks.png',0),(112,8,2,'Nintendo','','catalog/demo/manufacturer/nintendo.png',0),(113,9,1,'Brand','#','catalog/brands/1.jpg',0),(114,9,1,'Brand1','#','catalog/brands/2.jpg',0),(115,9,1,'Brand2','#','catalog/brands/3.jpg',0),(116,9,1,'Brand3','#','catalog/brands/4.jpg',0),(117,9,1,'Brand4','#','catalog/brands/5.jpg',0),(118,9,1,'Brand5','#','catalog/brands/6.jpg',0),(119,9,1,'Brand6','#','catalog/brands/3.jpg',0),(120,9,1,'Brand7','#','catalog/brands/4.jpg',0),(121,7,3,'iPhone 6','index.php?route=product/product&amp;path=57&amp;product_id=49','catalog/demo/banners/iPhone6.jpg',0),(122,6,3,'HP Banner','index.php?route=product/manufacturer/info&amp;manufacturer_id=7','catalog/demo/compaq_presario.jpg',0),(123,8,3,'NFL','','catalog/demo/manufacturer/nfl.png',0),(124,8,3,'RedBull','','catalog/demo/manufacturer/redbull.png',0),(125,8,3,'Sony','','catalog/demo/manufacturer/sony.png',0),(126,8,3,'Coca Cola','','catalog/demo/manufacturer/cocacola.png',0),(127,8,3,'Burger King','','catalog/demo/manufacturer/burgerking.png',0),(128,8,3,'Canon','','catalog/demo/manufacturer/canon.png',0),(129,8,3,'Harley Davidson','','catalog/demo/manufacturer/harley.png',0),(130,8,3,'Dell','','catalog/demo/manufacturer/dell.png',0),(131,8,3,'Disney','','catalog/demo/manufacturer/disney.png',0),(132,7,3,'MacBookAir','','catalog/demo/banners/MacBookAir.jpg',0),(133,8,3,'Starbucks','','catalog/demo/manufacturer/starbucks.png',0),(134,8,3,'Nintendo','','catalog/demo/manufacturer/nintendo.png',0),(135,9,3,'Brand','#','catalog/brands/1.jpg',0),(136,9,3,'Brand1','#','catalog/brands/2.jpg',0),(137,9,3,'Brand2','#','catalog/brands/3.jpg',0),(138,9,3,'Brand3','#','catalog/brands/4.jpg',0),(139,9,3,'Brand4','#','catalog/brands/5.jpg',0),(140,9,3,'Brand5','#','catalog/brands/6.jpg',0),(141,9,3,'Brand6','#','catalog/brands/3.jpg',0),(142,9,3,'Brand7','#','catalog/brands/4.jpg',0),(143,7,4,'iPhone 6','index.php?route=product/product&amp;path=57&amp;product_id=49','catalog/demo/banners/iPhone6.jpg',0),(144,6,4,'HP Banner','index.php?route=product/manufacturer/info&amp;manufacturer_id=7','catalog/demo/compaq_presario.jpg',0),(145,8,4,'NFL','','catalog/demo/manufacturer/nfl.png',0),(146,8,4,'RedBull','','catalog/demo/manufacturer/redbull.png',0),(147,8,4,'Sony','','catalog/demo/manufacturer/sony.png',0),(148,8,4,'Coca Cola','','catalog/demo/manufacturer/cocacola.png',0),(149,8,4,'Burger King','','catalog/demo/manufacturer/burgerking.png',0),(150,8,4,'Canon','','catalog/demo/manufacturer/canon.png',0),(151,8,4,'Harley Davidson','','catalog/demo/manufacturer/harley.png',0),(152,8,4,'Dell','','catalog/demo/manufacturer/dell.png',0),(153,8,4,'Disney','','catalog/demo/manufacturer/disney.png',0),(154,7,4,'MacBookAir','','catalog/demo/banners/MacBookAir.jpg',0),(155,8,4,'Starbucks','','catalog/demo/manufacturer/starbucks.png',0),(156,8,4,'Nintendo','','catalog/demo/manufacturer/nintendo.png',0),(157,9,4,'Brand','#','catalog/brands/1.jpg',0),(158,9,4,'Brand1','#','catalog/brands/2.jpg',0),(159,9,4,'Brand2','#','catalog/brands/3.jpg',0),(160,9,4,'Brand3','#','catalog/brands/4.jpg',0),(161,9,4,'Brand4','#','catalog/brands/5.jpg',0),(162,9,4,'Brand5','#','catalog/brands/6.jpg',0),(163,9,4,'Brand6','#','catalog/brands/3.jpg',0),(164,9,4,'Brand7','#','catalog/brands/4.jpg',0);
/*!40000 ALTER TABLE `oc_banner_image` ENABLE KEYS */;
UNLOCK TABLES;

--
-- Table structure for table `oc_cart`
--

DROP TABLE IF EXISTS `oc_cart`;
/*!40101 SET @saved_cs_client     = @@character_set_client */;
/*!40101 SET character_set_client = utf8 */;
CREATE TABLE `oc_cart` (
  `cart_id` int(11) unsigned NOT NULL AUTO_INCREMENT,
  `api_id` int(11) NOT NULL,
  `customer_id` int(11) NOT NULL,
  `session_id` varchar(32) NOT NULL,
  `product_id` int(11) NOT NULL,
  `recurring_id` int(11) NOT NULL,
  `option` text NOT NULL,
  `quantity` int(5) NOT NULL,
  `date_added` datetime NOT NULL,
  PRIMARY KEY (`cart_id`),
  KEY `cart_id` (`api_id`,`customer_id`,`session_id`,`product_id`,`recurring_id`)
) ENGINE=InnoDB DEFAULT CHARSET=utf8;
/*!40101 SET character_set_client = @saved_cs_client */;

--
-- Dumping data for table `oc_cart`
--

LOCK TABLES `oc_cart` WRITE;
/*!40000 ALTER TABLE `oc_cart` DISABLE KEYS */;
/*!40000 ALTER TABLE `oc_cart` ENABLE KEYS */;
UNLOCK TABLES;

--
-- Table structure for table `oc_category`
--

DROP TABLE IF EXISTS `oc_category`;
/*!40101 SET @saved_cs_client     = @@character_set_client */;
/*!40101 SET character_set_client = utf8 */;
CREATE TABLE `oc_category` (
  `category_id` int(11) NOT NULL AUTO_INCREMENT,
  `image` varchar(255) DEFAULT NULL,
  `parent_id` int(11) NOT NULL DEFAULT '0',
  `top` tinyint(1) NOT NULL,
  `column` int(3) NOT NULL,
  `sort_order` int(3) NOT NULL DEFAULT '0',
  `status` tinyint(1) NOT NULL,
  `date_added` datetime NOT NULL,
  `date_modified` datetime NOT NULL,
  `thumbnail_image` varchar(255) DEFAULT NULL,
  `homethumb_image` varchar(255) DEFAULT NULL,
  `featured` tinyint(1) DEFAULT '0',
  `level` int(11) DEFAULT NULL,
  PRIMARY KEY (`category_id`),
  KEY `parent_id` (`parent_id`)
) ENGINE=MyISAM AUTO_INCREMENT=412 DEFAULT CHARSET=utf8;
/*!40101 SET character_set_client = @saved_cs_client */;

--
-- Dumping data for table `oc_category`
--

LOCK TABLES `oc_category` WRITE;
/*!40000 ALTER TABLE `oc_category` DISABLE KEYS */;
INSERT INTO `oc_category` VALUES (247,NULL,0,0,0,555,1,'2017-12-06 16:53:51','2017-12-06 16:53:51','image/catalog/category/no_image.jpg',NULL,0,0),(248,NULL,247,0,0,555,1,'2017-12-06 16:53:51','2017-12-06 16:53:51','image/catalog/category/no_image.jpg',NULL,0,1),(249,NULL,248,0,0,555,1,'2017-12-06 16:53:51','2017-12-06 16:53:51','image/catalog/category/no_image.jpg',NULL,0,2),(250,NULL,0,0,0,555,1,'2017-12-06 16:53:51','2017-12-06 16:53:51','image/catalog/category/no_image.jpg',NULL,0,0),(251,NULL,250,0,0,555,1,'2017-12-06 16:53:51','2017-12-06 16:53:51','image/catalog/category/no_image.jpg',NULL,0,1),(252,NULL,251,0,0,555,1,'2017-12-06 16:53:51','2017-12-06 16:53:51','image/catalog/category/no_image.jpg',NULL,0,2),(253,NULL,0,0,0,555,1,'2017-12-06 16:53:51','2017-12-06 16:53:51','image/catalog/category/no_image.jpg',NULL,0,0),(254,NULL,250,0,0,555,1,'2017-12-06 16:53:51','2017-12-06 16:53:51','image/catalog/category/no_image.jpg',NULL,0,2),(255,NULL,247,0,0,555,1,'2017-12-06 16:53:51','2017-12-06 16:53:51','image/catalog/category/no_image.jpg',NULL,0,1),(256,NULL,0,0,0,555,1,'2017-12-06 16:53:51','2017-12-06 16:53:51','image/catalog/category/no_image.jpg',NULL,0,0),(257,NULL,256,0,0,555,1,'2017-12-06 16:53:52','2017-12-06 16:53:52','image/catalog/category/no_image.jpg',NULL,0,1),(258,NULL,257,0,0,555,1,'2017-12-06 16:53:52','2017-12-06 16:53:52','image/catalog/category/no_image.jpg',NULL,0,2),(259,NULL,248,0,0,555,1,'2017-12-06 16:53:52','2017-12-06 16:53:52','image/catalog/category/no_image.jpg',NULL,0,2),(260,NULL,247,0,0,555,1,'2017-12-06 16:53:52','2017-12-06 16:53:52','image/catalog/category/no_image.jpg',NULL,0,1),(261,NULL,260,0,0,555,1,'2017-12-06 16:53:52','2017-12-06 16:53:52','image/catalog/category/no_image.jpg',NULL,0,2),(262,NULL,247,0,0,555,1,'2017-12-06 16:53:52','2017-12-06 16:53:52','image/catalog/category/no_image.jpg',NULL,0,2),(263,NULL,262,0,0,555,1,'2017-12-06 16:53:52','2017-12-06 16:53:52','image/catalog/category/no_image.jpg',NULL,0,3),(264,NULL,250,0,0,555,1,'2017-12-06 16:53:52','2017-12-06 16:53:52','image/catalog/category/no_image.jpg',NULL,0,1),(265,NULL,264,0,0,555,1,'2017-12-06 16:53:52','2017-12-06 16:53:52','image/catalog/category/no_image.jpg',NULL,0,2),(266,NULL,0,0,0,555,1,'2017-12-06 16:53:52','2017-12-06 16:53:52','image/catalog/category/no_image.jpg',NULL,0,0),(267,NULL,266,0,0,555,1,'2017-12-06 16:53:52','2017-12-06 16:53:52','image/catalog/category/no_image.jpg',NULL,0,1),(268,NULL,267,0,0,555,1,'2017-12-06 16:53:52','2017-12-06 16:53:52','image/catalog/category/no_image.jpg',NULL,0,2),(269,NULL,248,0,0,555,1,'2017-12-06 16:53:52','2017-12-06 16:53:52','image/catalog/category/no_image.jpg',NULL,0,2),(270,NULL,247,0,0,555,1,'2017-12-06 16:53:52','2017-12-06 16:53:52','image/catalog/category/no_image.jpg',NULL,0,1),(271,NULL,270,0,0,555,1,'2017-12-06 16:53:52','2017-12-06 16:53:52','image/catalog/category/no_image.jpg',NULL,0,2),(272,NULL,247,0,0,555,1,'2017-12-06 16:53:52','2017-12-06 16:53:52','image/catalog/category/no_image.jpg',NULL,0,1),(273,NULL,272,0,0,555,1,'2017-12-06 16:53:52','2017-12-06 16:53:52','image/catalog/category/no_image.jpg',NULL,0,2),(274,NULL,255,0,0,555,1,'2017-12-06 16:53:52','2017-12-06 16:53:52','image/catalog/category/no_image.jpg',NULL,0,2),(275,NULL,250,0,0,555,1,'2017-12-06 16:53:52','2017-12-06 16:53:52','image/catalog/category/no_image.jpg',NULL,0,1),(276,NULL,275,0,0,555,1,'2017-12-06 16:53:52','2017-12-06 16:53:52','image/catalog/category/no_image.jpg',NULL,0,2),(277,NULL,256,0,0,555,1,'2017-12-06 16:53:52','2017-12-06 16:53:52','image/catalog/category/no_image.jpg',NULL,0,1),(278,NULL,247,0,0,555,1,'2017-12-06 16:53:52','2017-12-06 16:53:52','image/catalog/category/no_image.jpg',NULL,0,1),(279,NULL,278,0,0,555,1,'2017-12-06 16:53:52','2017-12-06 16:53:52','image/catalog/category/no_image.jpg',NULL,0,2),(280,NULL,247,0,0,555,1,'2017-12-06 16:53:52','2017-12-06 16:53:52','image/catalog/category/no_image.jpg',NULL,0,1),(281,NULL,280,0,0,555,1,'2017-12-06 16:53:52','2017-12-06 16:53:52','image/catalog/category/no_image.jpg',NULL,0,2),(282,NULL,260,0,0,555,1,'2017-12-06 16:53:52','2017-12-06 16:53:52','image/catalog/category/no_image.jpg',NULL,0,2),(283,NULL,255,0,0,555,1,'2017-12-06 16:53:52','2017-12-06 16:53:52','image/catalog/category/no_image.jpg',NULL,0,2),(284,NULL,248,0,0,555,1,'2017-12-06 16:53:52','2017-12-06 16:53:52','image/catalog/category/no_image.jpg',NULL,0,2),(285,NULL,0,0,0,555,1,'2017-12-06 16:53:52','2017-12-06 16:53:52','image/catalog/category/no_image.jpg',NULL,0,0),(286,NULL,285,0,0,555,1,'2017-12-06 16:53:52','2017-12-06 16:53:52','image/catalog/category/no_image.jpg',NULL,0,1),(287,NULL,286,0,0,555,1,'2017-12-06 16:53:52','2017-12-06 16:53:52','image/catalog/category/no_image.jpg',NULL,0,2),(288,NULL,250,0,0,555,1,'2017-12-06 16:53:52','2017-12-06 16:53:52','image/catalog/category/no_image.jpg',NULL,0,1),(289,NULL,288,0,0,555,1,'2017-12-06 16:53:52','2017-12-06 16:53:52','image/catalog/category/no_image.jpg',NULL,0,2),(290,NULL,264,0,0,555,1,'2017-12-06 16:53:52','2017-12-06 16:53:52','image/catalog/category/no_image.jpg',NULL,0,2),(291,NULL,250,0,0,555,1,'2017-12-06 16:53:52','2017-12-06 16:53:52','image/catalog/category/no_image.jpg',NULL,0,2),(292,NULL,247,0,0,555,1,'2017-12-06 16:53:52','2017-12-06 16:53:52','image/catalog/category/no_image.jpg',NULL,0,2),(293,NULL,248,0,0,555,1,'2017-12-06 16:53:52','2017-12-06 16:53:52','image/catalog/category/no_image.jpg',NULL,0,2),(294,NULL,260,0,0,555,1,'2017-12-06 16:53:52','2017-12-06 16:53:52','image/catalog/category/no_image.jpg',NULL,0,2),(295,NULL,280,0,0,555,1,'2017-12-06 16:53:52','2017-12-06 16:53:52','image/catalog/category/no_image.jpg',NULL,0,2),(296,NULL,264,0,0,555,1,'2017-12-06 16:53:52','2017-12-06 16:53:52','image/catalog/category/no_image.jpg',NULL,0,2),(297,NULL,266,0,0,555,1,'2017-12-06 16:53:52','2017-12-06 16:53:52','image/catalog/category/no_image.jpg',NULL,0,1),(298,NULL,297,0,0,555,1,'2017-12-06 16:53:52','2017-12-06 16:53:52','image/catalog/category/no_image.jpg',NULL,0,2),(299,NULL,260,0,0,555,1,'2017-12-06 16:53:52','2017-12-06 16:53:52','image/catalog/category/no_image.jpg',NULL,0,2),(300,NULL,280,0,0,555,1,'2017-12-06 16:53:52','2017-12-06 16:53:52','image/catalog/category/no_image.jpg',NULL,0,2),(301,NULL,270,0,0,555,1,'2017-12-06 16:53:52','2017-12-06 16:53:52','image/catalog/category/no_image.jpg',NULL,0,2),(302,NULL,0,0,0,555,1,'2017-12-06 16:53:52','2017-12-06 16:53:52','image/catalog/category/no_image.jpg',NULL,0,0),(303,NULL,302,0,0,555,1,'2017-12-06 16:53:52','2017-12-06 16:53:52','image/catalog/category/no_image.jpg',NULL,0,1),(304,NULL,250,0,0,555,1,'2017-12-06 16:53:52','2017-12-06 16:53:52','image/catalog/category/no_image.jpg',NULL,0,1),(305,NULL,304,0,0,555,1,'2017-12-06 16:53:52','2017-12-06 16:53:52','image/catalog/category/no_image.jpg',NULL,0,2),(306,NULL,302,0,0,555,1,'2017-12-06 16:53:52','2017-12-06 16:53:52','image/catalog/category/no_image.jpg',NULL,0,1),(307,NULL,264,0,0,555,1,'2017-12-06 16:53:53','2017-12-06 16:53:53','image/catalog/category/no_image.jpg',NULL,0,2),(308,NULL,266,0,0,555,1,'2017-12-06 16:53:53','2017-12-06 16:53:53','image/catalog/category/no_image.jpg',NULL,0,1),(309,NULL,308,0,0,555,1,'2017-12-06 16:53:53','2017-12-06 16:53:53','image/catalog/category/no_image.jpg',NULL,0,2),(310,NULL,275,0,0,555,1,'2017-12-06 16:53:53','2017-12-06 16:53:53','image/catalog/category/no_image.jpg',NULL,0,2),(311,NULL,266,0,0,555,1,'2017-12-06 16:53:53','2017-12-06 16:53:53','image/catalog/category/no_image.jpg',NULL,0,1),(312,NULL,311,0,0,555,1,'2017-12-06 16:53:53','2017-12-06 16:53:53','image/catalog/category/no_image.jpg',NULL,0,2),(313,NULL,272,0,0,555,1,'2017-12-06 16:53:53','2017-12-06 16:53:53','image/catalog/category/no_image.jpg',NULL,0,2),(314,NULL,267,0,0,555,1,'2017-12-06 16:53:53','2017-12-06 16:53:53','image/catalog/category/no_image.jpg',NULL,0,2),(315,NULL,266,0,0,555,1,'2017-12-06 16:53:53','2017-12-06 16:53:53','image/catalog/category/no_image.jpg',NULL,0,1),(316,NULL,315,0,0,555,1,'2017-12-06 16:53:53','2017-12-06 16:53:53','image/catalog/category/no_image.jpg',NULL,0,2),(317,NULL,266,0,0,555,1,'2017-12-06 16:53:53','2017-12-06 16:53:53','image/catalog/category/no_image.jpg',NULL,0,1),(318,NULL,317,0,0,555,1,'2017-12-06 16:53:53','2017-12-06 16:53:53','image/catalog/category/no_image.jpg',NULL,0,2),(319,NULL,250,0,0,555,1,'2017-12-06 16:53:53','2017-12-06 16:53:53','image/catalog/category/no_image.jpg',NULL,0,1),(320,NULL,319,0,0,555,1,'2017-12-06 16:53:53','2017-12-06 16:53:53','image/catalog/category/no_image.jpg',NULL,0,2),(321,NULL,247,0,0,555,1,'2017-12-06 16:53:53','2017-12-06 16:53:53','image/catalog/category/no_image.jpg',NULL,0,2),(322,NULL,260,0,0,555,1,'2017-12-06 16:53:53','2017-12-06 16:53:53','image/catalog/category/no_image.jpg',NULL,0,2),(323,NULL,247,0,0,555,1,'2017-12-06 16:53:53','2017-12-06 16:53:53','image/catalog/category/no_image.jpg',NULL,0,2),(324,NULL,270,0,0,555,1,'2017-12-06 16:53:53','2017-12-06 16:53:53','image/catalog/category/no_image.jpg',NULL,0,2),(325,NULL,248,0,0,555,1,'2017-12-06 16:53:53','2017-12-06 16:53:53','image/catalog/category/no_image.jpg',NULL,0,2),(326,NULL,260,0,0,555,1,'2017-12-06 16:53:53','2017-12-06 16:53:53','image/catalog/category/no_image.jpg',NULL,0,2),(327,NULL,272,0,0,555,1,'2017-12-06 16:53:53','2017-12-06 16:53:53','image/catalog/category/no_image.jpg',NULL,0,2),(328,NULL,285,0,0,555,1,'2017-12-06 16:53:53','2017-12-06 16:53:53','image/catalog/category/no_image.jpg',NULL,0,1),(329,NULL,280,0,0,555,1,'2017-12-06 16:53:53','2017-12-06 16:53:53','image/catalog/category/no_image.jpg',NULL,0,2),(330,NULL,270,0,0,555,1,'2017-12-06 16:53:53','2017-12-06 16:53:53','image/catalog/category/no_image.jpg',NULL,0,2),(331,NULL,275,0,0,555,1,'2017-12-06 16:53:53','2017-12-06 16:53:53','image/catalog/category/no_image.jpg',NULL,0,2),(332,NULL,260,0,0,555,1,'2017-12-06 16:53:53','2017-12-06 16:53:53','image/catalog/category/no_image.jpg',NULL,0,2),(333,NULL,257,0,0,555,1,'2017-12-06 16:53:53','2017-12-06 16:53:53','image/catalog/category/no_image.jpg',NULL,0,2),(334,NULL,247,0,0,555,1,'2017-12-06 16:53:53','2017-12-06 16:53:53','image/catalog/category/no_image.jpg',NULL,0,1),(335,NULL,334,0,0,555,1,'2017-12-06 16:53:53','2017-12-06 16:53:53','image/catalog/category/no_image.jpg',NULL,0,2),(336,NULL,270,0,0,555,1,'2017-12-06 16:53:53','2017-12-06 16:53:53','image/catalog/category/no_image.jpg',NULL,0,2),(337,NULL,250,0,0,555,1,'2017-12-06 16:53:53','2017-12-06 16:53:53','image/catalog/category/no_image.jpg',NULL,0,1),(338,NULL,337,0,0,555,1,'2017-12-06 16:53:53','2017-12-06 16:53:53','image/catalog/category/no_image.jpg',NULL,0,2),(339,NULL,266,0,0,555,1,'2017-12-06 16:53:53','2017-12-06 16:53:53','image/catalog/category/no_image.jpg',NULL,0,1),(340,NULL,339,0,0,555,1,'2017-12-06 16:53:53','2017-12-06 16:53:53','image/catalog/category/no_image.jpg',NULL,0,2),(341,NULL,280,0,0,555,1,'2017-12-06 16:53:53','2017-12-06 16:53:53','image/catalog/category/no_image.jpg',NULL,0,2),(342,NULL,270,0,0,555,1,'2017-12-06 16:53:53','2017-12-06 16:53:53','image/catalog/category/no_image.jpg',NULL,0,2),(343,NULL,337,0,0,555,1,'2017-12-06 16:53:53','2017-12-06 16:53:53','image/catalog/category/no_image.jpg',NULL,0,2),(344,NULL,250,0,0,555,1,'2017-12-06 16:53:53','2017-12-06 16:53:53','image/catalog/category/no_image.jpg',NULL,0,2),(345,NULL,334,0,0,555,1,'2017-12-06 16:53:53','2017-12-06 16:53:53','image/catalog/category/no_image.jpg',NULL,0,2),(346,NULL,278,0,0,555,1,'2017-12-06 16:53:53','2017-12-06 16:53:53','image/catalog/category/no_image.jpg',NULL,0,2),(347,NULL,247,0,0,555,1,'2017-12-06 16:53:53','2017-12-06 16:53:53','image/catalog/category/no_image.jpg',NULL,0,2),(348,NULL,255,0,0,555,1,'2017-12-06 16:53:53','2017-12-06 16:53:53','image/catalog/category/no_image.jpg',NULL,0,2),(349,NULL,304,0,0,555,1,'2017-12-06 16:53:53','2017-12-06 16:53:53','image/catalog/category/no_image.jpg',NULL,0,2),(350,NULL,264,0,0,555,1,'2017-12-06 16:53:53','2017-12-06 16:53:53','image/catalog/category/no_image.jpg',NULL,0,2),(351,NULL,266,0,0,555,1,'2017-12-06 16:53:53','2017-12-06 16:53:53','image/catalog/category/no_image.jpg',NULL,0,1),(352,NULL,351,0,0,555,1,'2017-12-06 16:53:54','2017-12-06 16:53:54','image/catalog/category/no_image.jpg',NULL,0,2),(353,NULL,260,0,0,555,1,'2017-12-06 16:53:54','2017-12-06 16:53:54','image/catalog/category/no_image.jpg',NULL,0,2),(354,NULL,334,0,0,555,1,'2017-12-06 16:53:54','2017-12-06 16:53:54','image/catalog/category/no_image.jpg',NULL,0,2),(355,NULL,339,0,0,555,1,'2017-12-06 16:53:54','2017-12-06 16:53:54','image/catalog/category/no_image.jpg',NULL,0,2),(356,NULL,334,0,0,555,1,'2017-12-06 16:53:54','2017-12-06 16:53:54','image/catalog/category/no_image.jpg',NULL,0,2),(357,NULL,304,0,0,555,1,'2017-12-06 16:53:54','2017-12-06 16:53:54','image/catalog/category/no_image.jpg',NULL,0,2),(358,NULL,250,0,0,555,1,'2017-12-06 16:53:54','2017-12-06 16:53:54','image/catalog/category/no_image.jpg',NULL,0,2),(359,NULL,248,0,0,555,1,'2017-12-06 16:53:54','2017-12-06 16:53:54','image/catalog/category/no_image.jpg',NULL,0,2),(360,NULL,311,0,0,555,1,'2017-12-06 16:53:54','2017-12-06 16:53:54','image/catalog/category/no_image.jpg',NULL,0,2),(361,NULL,308,0,0,555,1,'2017-12-06 16:53:54','2017-12-06 16:53:54','image/catalog/category/no_image.jpg',NULL,0,2),(362,NULL,247,0,0,555,1,'2017-12-06 16:53:54','2017-12-06 16:53:54','image/catalog/category/no_image.jpg',NULL,0,2),(363,NULL,247,0,0,555,1,'2017-12-06 16:53:54','2017-12-06 16:53:54','image/catalog/category/no_image.jpg',NULL,0,2),(364,NULL,351,0,0,555,1,'2017-12-06 16:53:54','2017-12-06 16:53:54','image/catalog/category/no_image.jpg',NULL,0,2),(365,NULL,247,0,0,555,1,'2017-12-06 16:53:54','2017-12-06 16:53:54','image/catalog/category/no_image.jpg',NULL,0,2),(366,NULL,278,0,0,555,1,'2017-12-06 16:53:54','2017-12-06 16:53:54','image/catalog/category/no_image.jpg',NULL,0,2),(367,NULL,256,0,0,555,1,'2017-12-06 16:53:54','2017-12-06 16:53:54','image/catalog/category/no_image.jpg',NULL,0,1),(368,NULL,272,0,0,555,1,'2017-12-06 16:53:54','2017-12-06 16:53:54','image/catalog/category/no_image.jpg',NULL,0,2),(369,NULL,278,0,0,555,1,'2017-12-06 16:53:54','2017-12-06 16:53:54','image/catalog/category/no_image.jpg',NULL,0,2),(370,NULL,311,0,0,555,1,'2017-12-06 16:53:54','2017-12-06 16:53:54','image/catalog/category/no_image.jpg',NULL,0,2),(371,NULL,266,0,0,555,1,'2017-12-06 16:53:54','2017-12-06 16:53:54','image/catalog/category/no_image.jpg',NULL,0,1),(372,NULL,371,0,0,555,1,'2017-12-06 16:53:54','2017-12-06 16:53:54','image/catalog/category/no_image.jpg',NULL,0,2),(373,NULL,264,0,0,555,1,'2017-12-06 16:53:54','2017-12-06 16:53:54','image/catalog/category/no_image.jpg',NULL,0,2),(374,NULL,351,0,0,555,1,'2017-12-06 16:53:54','2017-12-06 16:53:54','image/catalog/category/no_image.jpg',NULL,0,2),(375,NULL,297,0,0,555,1,'2017-12-06 16:53:54','2017-12-06 16:53:54','image/catalog/category/no_image.jpg',NULL,0,2),(376,NULL,351,0,0,555,1,'2017-12-06 16:53:54','2017-12-06 16:53:54','image/catalog/category/no_image.jpg',NULL,0,2),(377,NULL,337,0,0,555,1,'2017-12-06 16:53:54','2017-12-06 16:53:54','image/catalog/category/no_image.jpg',NULL,0,2),(378,NULL,267,0,0,555,1,'2017-12-06 16:53:54','2017-12-06 16:53:54','image/catalog/category/no_image.jpg',NULL,0,2),(379,NULL,247,0,0,555,1,'2017-12-06 16:53:54','2017-12-06 16:53:54','image/catalog/category/no_image.jpg',NULL,0,1),(380,NULL,379,0,0,555,1,'2017-12-06 16:53:54','2017-12-06 16:53:54','image/catalog/category/no_image.jpg',NULL,0,2),(381,NULL,334,0,0,555,1,'2017-12-06 16:53:54','2017-12-06 16:53:54','image/catalog/category/no_image.jpg',NULL,0,2),(382,NULL,304,0,0,555,1,'2017-12-06 16:53:54','2017-12-06 16:53:54','image/catalog/category/no_image.jpg',NULL,0,2),(383,NULL,288,0,0,555,1,'2017-12-06 16:53:54','2017-12-06 16:53:54','image/catalog/category/no_image.jpg',NULL,0,2),(384,NULL,280,0,0,555,1,'2017-12-06 16:53:54','2017-12-06 16:53:54','image/catalog/category/no_image.jpg',NULL,0,2),(385,NULL,288,0,0,555,1,'2017-12-06 16:53:54','2017-12-06 16:53:54','image/catalog/category/no_image.jpg',NULL,0,2),(386,NULL,260,0,0,555,1,'2017-12-06 16:53:54','2017-12-06 16:53:54','image/catalog/category/no_image.jpg',NULL,0,2),(387,NULL,315,0,0,555,1,'2017-12-06 16:53:54','2017-12-06 16:53:54','image/catalog/category/no_image.jpg',NULL,0,2),(388,NULL,334,0,0,555,1,'2017-12-06 16:53:54','2017-12-06 16:53:54','image/catalog/category/no_image.jpg',NULL,0,2),(389,NULL,280,0,0,555,1,'2017-12-06 16:53:54','2017-12-06 16:53:54','image/catalog/category/no_image.jpg',NULL,0,2),(390,NULL,379,0,0,555,1,'2017-12-06 16:53:54','2017-12-06 16:53:54','image/catalog/category/no_image.jpg',NULL,0,2),(391,NULL,315,0,0,555,1,'2017-12-06 16:53:54','2017-12-06 16:53:54','image/catalog/category/no_image.jpg',NULL,0,2),(392,NULL,317,0,0,555,1,'2017-12-06 16:53:54','2017-12-06 16:53:54','image/catalog/category/no_image.jpg',NULL,0,2),(393,NULL,270,0,0,555,1,'2017-12-06 16:53:55','2017-12-06 16:53:55','image/catalog/category/no_image.jpg',NULL,0,2),(394,NULL,247,0,0,555,1,'2017-12-06 16:53:55','2017-12-06 16:53:55','image/catalog/category/no_image.jpg',NULL,0,2),(395,NULL,371,0,0,555,1,'2017-12-06 16:53:55','2017-12-06 16:53:55','image/catalog/category/no_image.jpg',NULL,0,2),(396,NULL,260,0,0,555,1,'2017-12-06 16:53:55','2017-12-06 16:53:55','image/catalog/category/no_image.jpg',NULL,0,2),(397,NULL,297,0,0,555,1,'2017-12-06 16:53:55','2017-12-06 16:53:55','image/catalog/category/no_image.jpg',NULL,0,2),(398,NULL,297,0,0,555,1,'2017-12-06 16:53:55','2017-12-06 16:53:55','image/catalog/category/no_image.jpg',NULL,0,2),(399,NULL,311,0,0,555,1,'2017-12-06 16:53:55','2017-12-06 16:53:55','image/catalog/category/no_image.jpg',NULL,0,2),(400,NULL,266,0,0,555,1,'2017-12-06 16:53:55','2017-12-06 16:53:55','image/catalog/category/no_image.jpg',NULL,0,1),(401,NULL,0,0,0,555,1,'2017-12-06 16:53:55','2017-12-06 16:53:55','image/catalog/category/no_image.jpg',NULL,0,0),(402,NULL,260,0,0,555,1,'2017-12-06 16:53:55','2017-12-06 16:53:55','image/catalog/category/no_image.jpg',NULL,0,2),(403,NULL,278,0,0,555,1,'2017-12-06 16:53:55','2017-12-06 16:53:55','image/catalog/category/no_image.jpg',NULL,0,2),(404,NULL,317,0,0,555,1,'2017-12-06 16:53:55','2017-12-06 16:53:55','image/catalog/category/no_image.jpg',NULL,0,2),(405,NULL,379,0,0,555,1,'2017-12-06 16:53:55','2017-12-06 16:53:55','image/catalog/category/no_image.jpg',NULL,0,2),(406,NULL,339,0,0,555,1,'2017-12-06 16:53:55','2017-12-06 16:53:55','image/catalog/category/no_image.jpg',NULL,0,2),(407,NULL,337,0,0,555,1,'2017-12-06 16:53:55','2017-12-06 16:53:55','image/catalog/category/no_image.jpg',NULL,0,2),(408,NULL,288,0,0,555,1,'2017-12-06 16:53:55','2017-12-06 16:53:55','image/catalog/category/no_image.jpg',NULL,0,2),(409,NULL,278,0,0,555,1,'2017-12-06 16:53:55','2017-12-06 16:53:55','image/catalog/category/no_image.jpg',NULL,0,2),(410,NULL,302,0,0,555,1,'2017-12-06 16:53:55','2017-12-06 16:53:55','image/catalog/category/no_image.jpg',NULL,0,1),(411,NULL,400,0,0,555,1,'2017-12-06 16:53:55','2017-12-06 16:53:55','image/catalog/category/no_image.jpg',NULL,0,2);
/*!40000 ALTER TABLE `oc_category` ENABLE KEYS */;
UNLOCK TABLES;

--
-- Table structure for table `oc_category_description`
--

DROP TABLE IF EXISTS `oc_category_description`;
/*!40101 SET @saved_cs_client     = @@character_set_client */;
/*!40101 SET character_set_client = utf8 */;
CREATE TABLE `oc_category_description` (
  `category_id` int(11) NOT NULL,
  `language_id` int(11) NOT NULL,
  `name` varchar(255) NOT NULL,
  `description` text NOT NULL,
  `meta_title` varchar(255) NOT NULL,
  `meta_description` varchar(255) NOT NULL,
  `meta_keyword` varchar(255) NOT NULL,
  PRIMARY KEY (`category_id`,`language_id`),
  KEY `name` (`name`)
) ENGINE=MyISAM DEFAULT CHARSET=utf8;
/*!40101 SET character_set_client = @saved_cs_client */;

--
-- Dumping data for table `oc_category_description`
--

LOCK TABLES `oc_category_description` WRITE;
/*!40000 ALTER TABLE `oc_category_description` DISABLE KEYS */;
INSERT INTO `oc_category_description` VALUES (247,1,'Koirat','Koirat','Koirat','Koirat','Koirat'),(247,2,'Koirat','Koirat','Koirat','Koirat','Koirat'),(248,1,'Koiran lelut','Koiran lelut','Koiran lelut','Koiran lelut','Koiran lelut'),(248,2,'Koiran lelut','Koiran lelut','Koiran lelut','Koiran lelut','Koiran lelut'),(249,1,'Pehmolelut','Pehmolelut','Pehmolelut','Pehmolelut','Pehmolelut'),(249,2,'Pehmolelut','Pehmolelut','Pehmolelut','Pehmolelut','Pehmolelut'),(250,1,'Kissat','Kissat','Kissat','Kissat','Kissat'),(250,2,'Kissat','Kissat','Kissat','Kissat','Kissat'),(251,1,'Kissan ruokinta','Kissan ruokinta','Kissan ruokinta','Kissan ruokinta','Kissan ruokinta'),(251,2,'Kissan ruokinta','Kissan ruokinta','Kissan ruokinta','Kissan ruokinta','Kissan ruokinta'),(252,1,'Kuivaruoka','Kuivaruoka','Kuivaruoka','Kuivaruoka','Kuivaruoka'),(252,2,'Kuivaruoka','Kuivaruoka','Kuivaruoka','Kuivaruoka','Kuivaruoka'),(253,1,'Royal Canin','Royal Canin','Royal Canin','Royal Canin','Royal Canin'),(253,2,'Royal Canin','Royal Canin','Royal Canin','Royal Canin','Royal Canin'),(254,1,'Feline Breed Nutrition -roturuoat','Feline Breed Nutrition -roturuoat','Feline Breed Nutrition -roturuoat','Feline Breed Nutrition -roturuoat','Feline Breed Nutrition -roturuoat'),(254,2,'Feline Breed Nutrition -roturuoat','Feline Breed Nutrition -roturuoat','Feline Breed Nutrition -roturuoat','Feline Breed Nutrition -roturuoat','Feline Breed Nutrition -roturuoat'),(255,1,'Koiran ruokinta','Koiran ruokinta','Koiran ruokinta','Koiran ruokinta','Koiran ruokinta'),(255,2,'Koiran ruokinta','Koiran ruokinta','Koiran ruokinta','Koiran ruokinta','Koiran ruokinta'),(256,1,'Lemmikinomistajille','Lemmikinomistajille','Lemmikinomistajille','Lemmikinomistajille','Lemmikinomistajille'),(256,2,'Lemmikinomistajille','Lemmikinomistajille','Lemmikinomistajille','Lemmikinomistajille','Lemmikinomistajille'),(257,1,'Harrastustuotteet lemmikinomistajille','Harrastustuotteet lemmikinomistajille','Harrastustuotteet lemmikinomistajille','Harrastustuotteet lemmikinomistajille','Harrastustuotteet lemmikinomistajille'),(257,2,'Harrastustuotteet lemmikinomistajille','Harrastustuotteet lemmikinomistajille','Harrastustuotteet lemmikinomistajille','Harrastustuotteet lemmikinomistajille','Harrastustuotteet lemmikinomistajille'),(258,1,'Rotutuotteet','Rotutuotteet','Rotutuotteet','Rotutuotteet','Rotutuotteet'),(258,2,'Rotutuotteet','Rotutuotteet','Rotutuotteet','Rotutuotteet','Rotutuotteet'),(259,1,'Täyskumilelut','Täyskumilelut','Täyskumilelut','Täyskumilelut','Täyskumilelut'),(259,2,'Täyskumilelut','Täyskumilelut','Täyskumilelut','Täyskumilelut','Täyskumilelut'),(260,1,'Koiran ulkoilu','Koiran ulkoilu','Koiran ulkoilu','Koiran ulkoilu','Koiran ulkoilu'),(260,2,'Koiran ulkoilu','Koiran ulkoilu','Koiran ulkoilu','Koiran ulkoilu','Koiran ulkoilu'),(261,1,'Pelastusliivit','Pelastusliivit','Pelastusliivit','Pelastusliivit','Pelastusliivit'),(261,2,'Pelastusliivit','Pelastusliivit','Pelastusliivit','Pelastusliivit','Pelastusliivit'),(262,1,'Sporting Life ','Sporting Life ','Sporting Life ','Sporting Life ','Sporting Life '),(262,2,'Sporting Life ','Sporting Life ','Sporting Life ','Sporting Life ','Sporting Life '),(263,1,' Urban Life',' Urban Life',' Urban Life',' Urban Life',' Urban Life'),(263,2,' Urban Life',' Urban Life',' Urban Life',' Urban Life',' Urban Life'),(264,1,'Kissan lelut','Kissan lelut','Kissan lelut','Kissan lelut','Kissan lelut'),(264,2,'Kissan lelut','Kissan lelut','Kissan lelut','Kissan lelut','Kissan lelut'),(265,1,'Muut kissan lelut','Muut kissan lelut','Muut kissan lelut','Muut kissan lelut','Muut kissan lelut'),(265,2,'Muut kissan lelut','Muut kissan lelut','Muut kissan lelut','Muut kissan lelut','Muut kissan lelut'),(266,1,'Pieneläimet','Pieneläimet','Pieneläimet','Pieneläimet','Pieneläimet'),(266,2,'Pieneläimet','Pieneläimet','Pieneläimet','Pieneläimet','Pieneläimet'),(267,1,'Pieneläinten ruokinta ja herkut','Pieneläinten ruokinta ja herkut','Pieneläinten ruokinta ja herkut','Pieneläinten ruokinta ja herkut','Pieneläinten ruokinta ja herkut'),(267,2,'Pieneläinten ruokinta ja herkut','Pieneläinten ruokinta ja herkut','Pieneläinten ruokinta ja herkut','Pieneläinten ruokinta ja herkut','Pieneläinten ruokinta ja herkut'),(268,1,'Ruoat','Ruoat','Ruoat','Ruoat','Ruoat'),(268,2,'Ruoat','Ruoat','Ruoat','Ruoat','Ruoat'),(269,1,'Muut lelut','Muut lelut','Muut lelut','Muut lelut','Muut lelut'),(269,2,'Muut lelut','Muut lelut','Muut lelut','Muut lelut','Muut lelut'),(270,1,'Koiran turkinhoito ja trimmaus','Koiran turkinhoito ja trimmaus','Koiran turkinhoito ja trimmaus','Koiran turkinhoito ja trimmaus','Koiran turkinhoito ja trimmaus'),(270,2,'Koiran turkinhoito ja trimmaus','Koiran turkinhoito ja trimmaus','Koiran turkinhoito ja trimmaus','Koiran turkinhoito ja trimmaus','Koiran turkinhoito ja trimmaus'),(271,1,'Turkinhoitovälineet','Turkinhoitovälineet','Turkinhoitovälineet','Turkinhoitovälineet','Turkinhoitovälineet'),(271,2,'Turkinhoitovälineet','Turkinhoitovälineet','Turkinhoitovälineet','Turkinhoitovälineet','Turkinhoitovälineet'),(272,1,'Koiran herkut','Koiran herkut','Koiran herkut','Koiran herkut','Koiran herkut'),(272,2,'Koiran herkut','Koiran herkut','Koiran herkut','Koiran herkut','Koiran herkut'),(273,1,'Makupalat','Makupalat','Makupalat','Makupalat','Makupalat'),(273,2,'Makupalat','Makupalat','Makupalat','Makupalat','Makupalat'),(274,1,'Märkäruoka','Märkäruoka','Märkäruoka','Märkäruoka','Märkäruoka'),(274,2,'Märkäruoka','Märkäruoka','Märkäruoka','Märkäruoka','Märkäruoka'),(275,1,'Kissan hygienia','Kissan hygienia','Kissan hygienia','Kissan hygienia','Kissan hygienia'),(275,2,'Kissan hygienia','Kissan hygienia','Kissan hygienia','Kissan hygienia','Kissan hygienia'),(276,1,'Hiekkalaatikot ja kissanvessat','Hiekkalaatikot ja kissanvessat','Hiekkalaatikot ja kissanvessat','Hiekkalaatikot ja kissanvessat','Hiekkalaatikot ja kissanvessat'),(276,2,'Hiekkalaatikot ja kissanvessat','Hiekkalaatikot ja kissanvessat','Hiekkalaatikot ja kissanvessat','Hiekkalaatikot ja kissanvessat','Hiekkalaatikot ja kissanvessat'),(277,1,'Kalenterit','Kalenterit','Kalenterit','Kalenterit','Kalenterit'),(277,2,'Kalenterit','Kalenterit','Kalenterit','Kalenterit','Kalenterit'),(278,1,'Koiran koulutus ja harrastukset','Koiran koulutus ja harrastukset','Koiran koulutus ja harrastukset','Koiran koulutus ja harrastukset','Koiran koulutus ja harrastukset'),(278,2,'Koiran koulutus ja harrastukset','Koiran koulutus ja harrastukset','Koiran koulutus ja harrastukset','Koiran koulutus ja harrastukset','Koiran koulutus ja harrastukset'),(279,1,'Koiran harrastustarvikkeet','Koiran harrastustarvikkeet','Koiran harrastustarvikkeet','Koiran harrastustarvikkeet','Koiran harrastustarvikkeet'),(279,2,'Koiran harrastustarvikkeet','Koiran harrastustarvikkeet','Koiran harrastustarvikkeet','Koiran harrastustarvikkeet','Koiran harrastustarvikkeet'),(280,1,'Koiran asuminen ja kuljetus','Koiran asuminen ja kuljetus','Koiran asuminen ja kuljetus','Koiran asuminen ja kuljetus','Koiran asuminen ja kuljetus'),(280,2,'Koiran asuminen ja kuljetus','Koiran asuminen ja kuljetus','Koiran asuminen ja kuljetus','Koiran asuminen ja kuljetus','Koiran asuminen ja kuljetus'),(281,1,'Ruokakupit ja ruokintatarvikkeet','Ruokakupit ja ruokintatarvikkeet','Ruokakupit ja ruokintatarvikkeet','Ruokakupit ja ruokintatarvikkeet','Ruokakupit ja ruokintatarvikkeet'),(281,2,'Ruokakupit ja ruokintatarvikkeet','Ruokakupit ja ruokintatarvikkeet','Ruokakupit ja ruokintatarvikkeet','Ruokakupit ja ruokintatarvikkeet','Ruokakupit ja ruokintatarvikkeet'),(282,1,'Talutushihnat','Talutushihnat','Talutushihnat','Talutushihnat','Talutushihnat'),(282,2,'Talutushihnat','Talutushihnat','Talutushihnat','Talutushihnat','Talutushihnat'),(283,1,'Koiranruokalavat','Koiranruokalavat','Koiranruokalavat','Koiranruokalavat','Koiranruokalavat'),(283,2,'Koiranruokalavat','Koiranruokalavat','Koiranruokalavat','Koiranruokalavat','Koiranruokalavat'),(284,1,'Aktivointilelut','Aktivointilelut','Aktivointilelut','Aktivointilelut','Aktivointilelut'),(284,2,'Aktivointilelut','Aktivointilelut','Aktivointilelut','Aktivointilelut','Aktivointilelut'),(285,1,'Pennut','Pennut','Pennut','Pennut','Pennut'),(285,2,'Pennut','Pennut','Pennut','Pennut','Pennut'),(286,1,'Koiranpennut','Koiranpennut','Koiranpennut','Koiranpennut','Koiranpennut'),(286,2,'Koiranpennut','Koiranpennut','Koiranpennut','Koiranpennut','Koiranpennut'),(287,1,'Pentukutsut','Pentukutsut','Pentukutsut','Pentukutsut','Pentukutsut'),(287,2,'Pentukutsut','Pentukutsut','Pentukutsut','Pentukutsut','Pentukutsut'),(288,1,'Kissan ulkoilu','Kissan ulkoilu','Kissan ulkoilu','Kissan ulkoilu','Kissan ulkoilu'),(288,2,'Kissan ulkoilu','Kissan ulkoilu','Kissan ulkoilu','Kissan ulkoilu','Kissan ulkoilu'),(289,1,'Kissan valjaat','Kissan valjaat','Kissan valjaat','Kissan valjaat','Kissan valjaat'),(289,2,'Kissan valjaat','Kissan valjaat','Kissan valjaat','Kissan valjaat','Kissan valjaat'),(290,1,'Huiskat','Huiskat','Huiskat','Huiskat','Huiskat'),(290,2,'Huiskat','Huiskat','Huiskat','Huiskat','Huiskat'),(291,1,'Säilykkeet','Säilykkeet','Säilykkeet','Säilykkeet','Säilykkeet'),(291,2,'Säilykkeet','Säilykkeet','Säilykkeet','Säilykkeet','Säilykkeet'),(292,1,'Maxi','Maxi','Maxi','Maxi','Maxi'),(292,2,'Maxi','Maxi','Maxi','Maxi','Maxi'),(293,1,'Purunarut ja muut narulelut','Purunarut ja muut narulelut','Purunarut ja muut narulelut','Purunarut ja muut narulelut','Purunarut ja muut narulelut'),(293,2,'Purunarut ja muut narulelut','Purunarut ja muut narulelut','Purunarut ja muut narulelut','Purunarut ja muut narulelut','Purunarut ja muut narulelut'),(294,1,'Kakkapussit ja tarvikkeet','Kakkapussit ja tarvikkeet','Kakkapussit ja tarvikkeet','Kakkapussit ja tarvikkeet','Kakkapussit ja tarvikkeet'),(294,2,'Kakkapussit ja tarvikkeet','Kakkapussit ja tarvikkeet','Kakkapussit ja tarvikkeet','Kakkapussit ja tarvikkeet','Kakkapussit ja tarvikkeet'),(295,1,'Koiran pedit','Koiran pedit','Koiran pedit','Koiran pedit','Koiran pedit'),(295,2,'Koiran pedit','Koiran pedit','Koiran pedit','Koiran pedit','Koiran pedit'),(296,1,'Kissan aktivointilelut','Kissan aktivointilelut','Kissan aktivointilelut','Kissan aktivointilelut','Kissan aktivointilelut'),(296,2,'Kissan aktivointilelut','Kissan aktivointilelut','Kissan aktivointilelut','Kissan aktivointilelut','Kissan aktivointilelut'),(297,1,'Linnut','Linnut','Linnut','Linnut','Linnut'),(297,2,'Linnut','Linnut','Linnut','Linnut','Linnut'),(298,1,'Lintujen ruokinta ','Lintujen ruokinta ','Lintujen ruokinta ','Lintujen ruokinta ','Lintujen ruokinta '),(298,2,'Lintujen ruokinta ','Lintujen ruokinta ','Lintujen ruokinta ','Lintujen ruokinta ','Lintujen ruokinta '),(299,1,'Turvallisuustuotteet ulkoiluun','Turvallisuustuotteet ulkoiluun','Turvallisuustuotteet ulkoiluun','Turvallisuustuotteet ulkoiluun','Turvallisuustuotteet ulkoiluun'),(299,2,'Turvallisuustuotteet ulkoiluun','Turvallisuustuotteet ulkoiluun','Turvallisuustuotteet ulkoiluun','Turvallisuustuotteet ulkoiluun','Turvallisuustuotteet ulkoiluun'),(300,1,'Kantokassit','Kantokassit','Kantokassit','Kantokassit','Kantokassit'),(300,2,'Kantokassit','Kantokassit','Kantokassit','Kantokassit','Kantokassit'),(301,1,'Pyyhkeet ja kylpytakit','Pyyhkeet ja kylpytakit','Pyyhkeet ja kylpytakit','Pyyhkeet ja kylpytakit','Pyyhkeet ja kylpytakit'),(301,2,'Pyyhkeet ja kylpytakit','Pyyhkeet ja kylpytakit','Pyyhkeet ja kylpytakit','Pyyhkeet ja kylpytakit','Pyyhkeet ja kylpytakit'),(302,1,'TARJOUKSET','TARJOUKSET','TARJOUKSET','TARJOUKSET','TARJOUKSET'),(302,2,'TARJOUKSET','TARJOUKSET','TARJOUKSET','TARJOUKSET','TARJOUKSET'),(303,1,'Kanta-asiakastarjoukset','Kanta-asiakastarjoukset','Kanta-asiakastarjoukset','Kanta-asiakastarjoukset','Kanta-asiakastarjoukset'),(303,2,'Kanta-asiakastarjoukset','Kanta-asiakastarjoukset','Kanta-asiakastarjoukset','Kanta-asiakastarjoukset','Kanta-asiakastarjoukset'),(304,1,'Kissan hyvinvointi ja hoito','Kissan hyvinvointi ja hoito','Kissan hyvinvointi ja hoito','Kissan hyvinvointi ja hoito','Kissan hyvinvointi ja hoito'),(304,2,'Kissan hyvinvointi ja hoito','Kissan hyvinvointi ja hoito','Kissan hyvinvointi ja hoito','Kissan hyvinvointi ja hoito','Kissan hyvinvointi ja hoito'),(305,1,'Turkin ja kynsienhoito','Turkin ja kynsienhoito','Turkin ja kynsienhoito','Turkin ja kynsienhoito','Turkin ja kynsienhoito'),(305,2,'Turkin ja kynsienhoito','Turkin ja kynsienhoito','Turkin ja kynsienhoito','Turkin ja kynsienhoito','Turkin ja kynsienhoito'),(306,1,'POISTONURKKA','POISTONURKKA','POISTONURKKA','POISTONURKKA','POISTONURKKA'),(306,2,'POISTONURKKA','POISTONURKKA','POISTONURKKA','POISTONURKKA','POISTONURKKA'),(307,1,'Höyhenlelut','Höyhenlelut','Höyhenlelut','Höyhenlelut','Höyhenlelut'),(307,2,'Höyhenlelut','Höyhenlelut','Höyhenlelut','Höyhenlelut','Höyhenlelut'),(308,1,'Hamsterit','Hamsterit','Hamsterit','Hamsterit','Hamsterit'),(308,2,'Hamsterit','Hamsterit','Hamsterit','Hamsterit','Hamsterit'),(309,1,'Hamsterin ruoka','Hamsterin ruoka','Hamsterin ruoka','Hamsterin ruoka','Hamsterin ruoka'),(309,2,'Hamsterin ruoka','Hamsterin ruoka','Hamsterin ruoka','Hamsterin ruoka','Hamsterin ruoka'),(310,1,'Muut hygieniatarvikkeet','Muut hygieniatarvikkeet','Muut hygieniatarvikkeet','Muut hygieniatarvikkeet','Muut hygieniatarvikkeet'),(310,2,'Muut hygieniatarvikkeet','Muut hygieniatarvikkeet','Muut hygieniatarvikkeet','Muut hygieniatarvikkeet','Muut hygieniatarvikkeet'),(311,1,'Hoitotarvikkeet ja valjaat','Hoitotarvikkeet ja valjaat','Hoitotarvikkeet ja valjaat','Hoitotarvikkeet ja valjaat','Hoitotarvikkeet ja valjaat'),(311,2,'Hoitotarvikkeet ja valjaat','Hoitotarvikkeet ja valjaat','Hoitotarvikkeet ja valjaat','Hoitotarvikkeet ja valjaat','Hoitotarvikkeet ja valjaat'),(312,1,'Vitamiinit ja yleiskuntovalmisteet','Vitamiinit ja yleiskuntovalmisteet','Vitamiinit ja yleiskuntovalmisteet','Vitamiinit ja yleiskuntovalmisteet','Vitamiinit ja yleiskuntovalmisteet'),(312,2,'Vitamiinit ja yleiskuntovalmisteet','Vitamiinit ja yleiskuntovalmisteet','Vitamiinit ja yleiskuntovalmisteet','Vitamiinit ja yleiskuntovalmisteet','Vitamiinit ja yleiskuntovalmisteet'),(313,1,'Makupalat hampaiden hoitoon','Makupalat hampaiden hoitoon','Makupalat hampaiden hoitoon','Makupalat hampaiden hoitoon','Makupalat hampaiden hoitoon'),(313,2,'Makupalat hampaiden hoitoon','Makupalat hampaiden hoitoon','Makupalat hampaiden hoitoon','Makupalat hampaiden hoitoon','Makupalat hampaiden hoitoon'),(314,1,'Herkkutikut & makupalat','Herkkutikut & makupalat','Herkkutikut & makupalat','Herkkutikut & makupalat','Herkkutikut & makupalat'),(314,2,'Herkkutikut & makupalat','Herkkutikut & makupalat','Herkkutikut & makupalat','Herkkutikut & makupalat','Herkkutikut & makupalat'),(315,1,'Kanit','Kanit','Kanit','Kanit','Kanit'),(315,2,'Kanit','Kanit','Kanit','Kanit','Kanit'),(316,1,'Kanin ruoka','Kanin ruoka','Kanin ruoka','Kanin ruoka','Kanin ruoka'),(316,2,'Kanin ruoka','Kanin ruoka','Kanin ruoka','Kanin ruoka','Kanin ruoka'),(317,1,'Akvaario','Akvaario','Akvaario','Akvaario','Akvaario'),(317,2,'Akvaario','Akvaario','Akvaario','Akvaario','Akvaario'),(318,1,'Ruokinta','Ruokinta','Ruokinta','Ruokinta','Ruokinta'),(318,2,'Ruokinta','Ruokinta','Ruokinta','Ruokinta','Ruokinta'),(319,1,'Kissan herkut','Kissan herkut','Kissan herkut','Kissan herkut','Kissan herkut'),(319,2,'Kissan herkut','Kissan herkut','Kissan herkut','Kissan herkut','Kissan herkut'),(320,1,'Herkut','Herkut','Herkut','Herkut','Herkut'),(320,2,'Herkut','Herkut','Herkut','Herkut','Herkut'),(321,1,'Breed-roturuoat','Breed-roturuoat','Breed-roturuoat','Breed-roturuoat','Breed-roturuoat'),(321,2,'Breed-roturuoat','Breed-roturuoat','Breed-roturuoat','Breed-roturuoat','Breed-roturuoat'),(322,1,'Koiran pannat','Koiran pannat','Koiran pannat','Koiran pannat','Koiran pannat'),(322,2,'Koiran pannat','Koiran pannat','Koiran pannat','Koiran pannat','Koiran pannat'),(323,1,'Emo ja pennut','Emo ja pennut','Emo ja pennut','Emo ja pennut','Emo ja pennut'),(323,2,'Emo ja pennut','Emo ja pennut','Emo ja pennut','Emo ja pennut','Emo ja pennut'),(324,1,'Shampoot','Shampoot','Shampoot','Shampoot','Shampoot'),(324,2,'Shampoot','Shampoot','Shampoot','Shampoot','Shampoot'),(325,1,'Vesilelut','Vesilelut','Vesilelut','Vesilelut','Vesilelut'),(325,2,'Vesilelut','Vesilelut','Vesilelut','Vesilelut','Vesilelut'),(326,1,'Nimilaatat','Nimilaatat','Nimilaatat','Nimilaatat','Nimilaatat'),(326,2,'Nimilaatat','Nimilaatat','Nimilaatat','Nimilaatat','Nimilaatat'),(327,1,'Kuivatut eläintenosat','Kuivatut eläintenosat','Kuivatut eläintenosat','Kuivatut eläintenosat','Kuivatut eläintenosat'),(327,2,'Kuivatut eläintenosat','Kuivatut eläintenosat','Kuivatut eläintenosat','Kuivatut eläintenosat','Kuivatut eläintenosat'),(328,1,'Kissanpennut','Kissanpennut','Kissanpennut','Kissanpennut','Kissanpennut'),(328,2,'Kissanpennut','Kissanpennut','Kissanpennut','Kissanpennut','Kissanpennut'),(329,1,'Autoilutuotteet','Autoilutuotteet','Autoilutuotteet','Autoilutuotteet','Autoilutuotteet'),(329,2,'Autoilutuotteet','Autoilutuotteet','Autoilutuotteet','Autoilutuotteet','Autoilutuotteet'),(330,1,'Trimmauskoneet ja -terät','Trimmauskoneet ja -terät','Trimmauskoneet ja -terät','Trimmauskoneet ja -terät','Trimmauskoneet ja -terät'),(330,2,'Trimmauskoneet ja -terät','Trimmauskoneet ja -terät','Trimmauskoneet ja -terät','Trimmauskoneet ja -terät','Trimmauskoneet ja -terät'),(331,1,'Kissanhiekat','Kissanhiekat','Kissanhiekat','Kissanhiekat','Kissanhiekat'),(331,2,'Kissanhiekat','Kissanhiekat','Kissanhiekat','Kissanhiekat','Kissanhiekat'),(332,1,'Koiran vaatteet','Koiran vaatteet','Koiran vaatteet','Koiran vaatteet','Koiran vaatteet'),(332,2,'Koiran vaatteet','Koiran vaatteet','Koiran vaatteet','Koiran vaatteet','Koiran vaatteet'),(333,1,'Treeniliivit ja -tarvikkeet','Treeniliivit ja -tarvikkeet','Treeniliivit ja -tarvikkeet','Treeniliivit ja -tarvikkeet','Treeniliivit ja -tarvikkeet'),(333,2,'Treeniliivit ja -tarvikkeet','Treeniliivit ja -tarvikkeet','Treeniliivit ja -tarvikkeet','Treeniliivit ja -tarvikkeet','Treeniliivit ja -tarvikkeet'),(334,1,'Koiran hyvinvointi ja terveys','Koiran hyvinvointi ja terveys','Koiran hyvinvointi ja terveys','Koiran hyvinvointi ja terveys','Koiran hyvinvointi ja terveys'),(334,2,'Koiran hyvinvointi ja terveys','Koiran hyvinvointi ja terveys','Koiran hyvinvointi ja terveys','Koiran hyvinvointi ja terveys','Koiran hyvinvointi ja terveys'),(335,1,'Iho, haavat ja ensiapu','Iho, haavat ja ensiapu','Iho, haavat ja ensiapu','Iho, haavat ja ensiapu','Iho, haavat ja ensiapu'),(335,2,'Iho, haavat ja ensiapu','Iho, haavat ja ensiapu','Iho, haavat ja ensiapu','Iho, haavat ja ensiapu','Iho, haavat ja ensiapu'),(336,1,'Hoitoaineet ja viimeistelytuotteet','Hoitoaineet ja viimeistelytuotteet','Hoitoaineet ja viimeistelytuotteet','Hoitoaineet ja viimeistelytuotteet','Hoitoaineet ja viimeistelytuotteet'),(336,2,'Hoitoaineet ja viimeistelytuotteet','Hoitoaineet ja viimeistelytuotteet','Hoitoaineet ja viimeistelytuotteet','Hoitoaineet ja viimeistelytuotteet','Hoitoaineet ja viimeistelytuotteet'),(337,1,'Kissan asuminen ja matkustus','Kissan asuminen ja matkustus','Kissan asuminen ja matkustus','Kissan asuminen ja matkustus','Kissan asuminen ja matkustus'),(337,2,'Kissan asuminen ja matkustus','Kissan asuminen ja matkustus','Kissan asuminen ja matkustus','Kissan asuminen ja matkustus','Kissan asuminen ja matkustus'),(338,1,'Kiipeilypuut ja raapimapuut','Kiipeilypuut ja raapimapuut','Kiipeilypuut ja raapimapuut','Kiipeilypuut ja raapimapuut','Kiipeilypuut ja raapimapuut'),(338,2,'Kiipeilypuut ja raapimapuut','Kiipeilypuut ja raapimapuut','Kiipeilypuut ja raapimapuut','Kiipeilypuut ja raapimapuut','Kiipeilypuut ja raapimapuut'),(339,1,'Pieneläinten asuminen','Pieneläinten asuminen','Pieneläinten asuminen','Pieneläinten asuminen','Pieneläinten asuminen'),(339,2,'Pieneläinten asuminen','Pieneläinten asuminen','Pieneläinten asuminen','Pieneläinten asuminen','Pieneläinten asuminen'),(340,1,'Häkit ja terraariot','Häkit ja terraariot','Häkit ja terraariot','Häkit ja terraariot','Häkit ja terraariot'),(340,2,'Häkit ja terraariot','Häkit ja terraariot','Häkit ja terraariot','Häkit ja terraariot','Häkit ja terraariot'),(341,1,'Koiraportit ja aitaukset','Koiraportit ja aitaukset','Koiraportit ja aitaukset','Koiraportit ja aitaukset','Koiraportit ja aitaukset'),(341,2,'Koiraportit ja aitaukset','Koiraportit ja aitaukset','Koiraportit ja aitaukset','Koiraportit ja aitaukset','Koiraportit ja aitaukset'),(342,1,'Trimmaussakset ja -veitset','Trimmaussakset ja -veitset','Trimmaussakset ja -veitset','Trimmaussakset ja -veitset','Trimmaussakset ja -veitset'),(342,2,'Trimmaussakset ja -veitset','Trimmaussakset ja -veitset','Trimmaussakset ja -veitset','Trimmaussakset ja -veitset','Trimmaussakset ja -veitset'),(343,1,'Kissan luukut','Kissan luukut','Kissan luukut','Kissan luukut','Kissan luukut'),(343,2,'Kissan luukut','Kissan luukut','Kissan luukut','Kissan luukut','Kissan luukut'),(344,1,'Feline Care Nutrition – erityistarpeisiin','Feline Care Nutrition – erityistarpeisiin','Feline Care Nutrition – erityistarpeisiin','Feline Care Nutrition – erityistarpeisiin','Feline Care Nutrition – erityistarpeisiin'),(344,2,'Feline Care Nutrition – erityistarpeisiin','Feline Care Nutrition – erityistarpeisiin','Feline Care Nutrition – erityistarpeisiin','Feline Care Nutrition – erityistarpeisiin','Feline Care Nutrition – erityistarpeisiin'),(345,1,'Öljyvalmisteet','Öljyvalmisteet','Öljyvalmisteet','Öljyvalmisteet','Öljyvalmisteet'),(345,2,'Öljyvalmisteet','Öljyvalmisteet','Öljyvalmisteet','Öljyvalmisteet','Öljyvalmisteet'),(346,1,'Muut tuotteet koiran koulutukseen','Muut tuotteet koiran koulutukseen','Muut tuotteet koiran koulutukseen','Muut tuotteet koiran koulutukseen','Muut tuotteet koiran koulutukseen'),(346,2,'Muut tuotteet koiran koulutukseen','Muut tuotteet koiran koulutukseen','Muut tuotteet koiran koulutukseen','Muut tuotteet koiran koulutukseen','Muut tuotteet koiran koulutukseen'),(347,1,'Medium','Medium','Medium','Medium','Medium'),(347,2,'Medium','Medium','Medium','Medium','Medium'),(348,1,'Raakaruoka','Raakaruoka','Raakaruoka','Raakaruoka','Raakaruoka'),(348,2,'Raakaruoka','Raakaruoka','Raakaruoka','Raakaruoka','Raakaruoka'),(349,1,'Vitamiinit ja lisäravinteet','Vitamiinit ja lisäravinteet','Vitamiinit ja lisäravinteet','Vitamiinit ja lisäravinteet','Vitamiinit ja lisäravinteet'),(349,2,'Vitamiinit ja lisäravinteet','Vitamiinit ja lisäravinteet','Vitamiinit ja lisäravinteet','Vitamiinit ja lisäravinteet','Vitamiinit ja lisäravinteet'),(350,1,'Hiiret','Hiiret','Hiiret','Hiiret','Hiiret'),(350,2,'Hiiret','Hiiret','Hiiret','Hiiret','Hiiret'),(351,1,'Häkkitarvikkeet ja lelut','Häkkitarvikkeet ja lelut','Häkkitarvikkeet ja lelut','Häkkitarvikkeet ja lelut','Häkkitarvikkeet ja lelut'),(351,2,'Häkkitarvikkeet ja lelut','Häkkitarvikkeet ja lelut','Häkkitarvikkeet ja lelut','Häkkitarvikkeet ja lelut','Häkkitarvikkeet ja lelut'),(352,1,'Muut lisävarusteet häkkiin','Muut lisävarusteet häkkiin','Muut lisävarusteet häkkiin','Muut lisävarusteet häkkiin','Muut lisävarusteet häkkiin'),(352,2,'Muut lisävarusteet häkkiin','Muut lisävarusteet häkkiin','Muut lisävarusteet häkkiin','Muut lisävarusteet häkkiin','Muut lisävarusteet häkkiin'),(353,1,'Koiran valjaat','Koiran valjaat','Koiran valjaat','Koiran valjaat','Koiran valjaat'),(353,2,'Koiran valjaat','Koiran valjaat','Koiran valjaat','Koiran valjaat','Koiran valjaat'),(354,1,'Silmien ja korvienhoito','Silmien ja korvienhoito','Silmien ja korvienhoito','Silmien ja korvienhoito','Silmien ja korvienhoito'),(354,2,'Silmien ja korvienhoito','Silmien ja korvienhoito','Silmien ja korvienhoito','Silmien ja korvienhoito','Silmien ja korvienhoito'),(355,1,'Lelut','Lelut','Lelut','Lelut','Lelut'),(355,2,'Lelut','Lelut','Lelut','Lelut','Lelut'),(356,1,'Vatsan ja suoliston hyvinvointi','Vatsan ja suoliston hyvinvointi','Vatsan ja suoliston hyvinvointi','Vatsan ja suoliston hyvinvointi','Vatsan ja suoliston hyvinvointi'),(356,2,'Vatsan ja suoliston hyvinvointi','Vatsan ja suoliston hyvinvointi','Vatsan ja suoliston hyvinvointi','Vatsan ja suoliston hyvinvointi','Vatsan ja suoliston hyvinvointi'),(357,1,'Ulkoloiset','Ulkoloiset','Ulkoloiset','Ulkoloiset','Ulkoloiset'),(357,2,'Ulkoloiset','Ulkoloiset','Ulkoloiset','Ulkoloiset','Ulkoloiset'),(358,1,'Feline Health Nutrition -täysravinnot','Feline Health Nutrition -täysravinnot','Feline Health Nutrition -täysravinnot','Feline Health Nutrition -täysravinnot','Feline Health Nutrition -täysravinnot'),(358,2,'Feline Health Nutrition -täysravinnot','Feline Health Nutrition -täysravinnot','Feline Health Nutrition -täysravinnot','Feline Health Nutrition -täysravinnot','Feline Health Nutrition -täysravinnot'),(359,1,'Latexlelut','Latexlelut','Latexlelut','Latexlelut','Latexlelut'),(359,2,'Latexlelut','Latexlelut','Latexlelut','Latexlelut','Latexlelut'),(360,1,'Turkinhoito','Turkinhoito','Turkinhoito','Turkinhoito','Turkinhoito'),(360,2,'Turkinhoito','Turkinhoito','Turkinhoito','Turkinhoito','Turkinhoito'),(361,1,'Hamsterin herkut','Hamsterin herkut','Hamsterin herkut','Hamsterin herkut','Hamsterin herkut'),(361,2,'Hamsterin herkut','Hamsterin herkut','Hamsterin herkut','Hamsterin herkut','Hamsterin herkut'),(362,1,'Mini','Mini','Mini','Mini','Mini'),(362,2,'Mini','Mini','Mini','Mini','Mini'),(363,1,'X-Small','X-Small','X-Small','X-Small','X-Small'),(363,2,'X-Small','X-Small','X-Small','X-Small','X-Small'),(364,1,'Kuivikkeet ja purut','Kuivikkeet ja purut','Kuivikkeet ja purut','Kuivikkeet ja purut','Kuivikkeet ja purut'),(364,2,'Kuivikkeet ja purut','Kuivikkeet ja purut','Kuivikkeet ja purut','Kuivikkeet ja purut','Kuivikkeet ja purut'),(365,1,'Giant','Giant','Giant','Giant','Giant'),(365,2,'Giant','Giant','Giant','Giant','Giant'),(366,1,'Haukunestopannat','Haukunestopannat','Haukunestopannat','Haukunestopannat','Haukunestopannat'),(366,2,'Haukunestopannat','Haukunestopannat','Haukunestopannat','Haukunestopannat','Haukunestopannat'),(367,1,'Muut tuotteet lemmikinomistajille','Muut tuotteet lemmikinomistajille','Muut tuotteet lemmikinomistajille','Muut tuotteet lemmikinomistajille','Muut tuotteet lemmikinomistajille'),(367,2,'Muut tuotteet lemmikinomistajille','Muut tuotteet lemmikinomistajille','Muut tuotteet lemmikinomistajille','Muut tuotteet lemmikinomistajille','Muut tuotteet lemmikinomistajille'),(368,1,'Puruluut','Puruluut','Puruluut','Puruluut','Puruluut'),(368,2,'Puruluut','Puruluut','Puruluut','Puruluut','Puruluut'),(369,1,'Vedonestovaljaat','Vedonestovaljaat','Vedonestovaljaat','Vedonestovaljaat','Vedonestovaljaat'),(369,2,'Vedonestovaljaat','Vedonestovaljaat','Vedonestovaljaat','Vedonestovaljaat','Vedonestovaljaat'),(370,1,'Valjaat','Valjaat','Valjaat','Valjaat','Valjaat'),(370,2,'Valjaat','Valjaat','Valjaat','Valjaat','Valjaat'),(371,1,'Marsut','Marsut','Marsut','Marsut','Marsut'),(371,2,'Marsut','Marsut','Marsut','Marsut','Marsut'),(372,1,'Marsun herkut','Marsun herkut','Marsun herkut','Marsun herkut','Marsun herkut'),(372,2,'Marsun herkut','Marsun herkut','Marsun herkut','Marsun herkut','Marsun herkut'),(373,1,'Pallot','Pallot','Pallot','Pallot','Pallot'),(373,2,'Pallot','Pallot','Pallot','Pallot','Pallot'),(374,1,'Mökit ja pedit','Mökit ja pedit','Mökit ja pedit','Mökit ja pedit','Mökit ja pedit'),(374,2,'Mökit ja pedit','Mökit ja pedit','Mökit ja pedit','Mökit ja pedit','Mökit ja pedit'),(375,1,'Lintujen hyvinvointi ja hoito','Lintujen hyvinvointi ja hoito','Lintujen hyvinvointi ja hoito','Lintujen hyvinvointi ja hoito','Lintujen hyvinvointi ja hoito'),(375,2,'Lintujen hyvinvointi ja hoito','Lintujen hyvinvointi ja hoito','Lintujen hyvinvointi ja hoito','Lintujen hyvinvointi ja hoito','Lintujen hyvinvointi ja hoito'),(376,1,'Häkit','Häkit','Häkit','Häkit','Häkit'),(376,2,'Häkit','Häkit','Häkit','Häkit','Häkit'),(377,1,'Kissan pedit','Kissan pedit','Kissan pedit','Kissan pedit','Kissan pedit'),(377,2,'Kissan pedit','Kissan pedit','Kissan pedit','Kissan pedit','Kissan pedit'),(378,1,'Heinät ja heinätuotteet','Heinät ja heinätuotteet','Heinät ja heinätuotteet','Heinät ja heinätuotteet','Heinät ja heinätuotteet'),(378,2,'Heinät ja heinätuotteet','Heinät ja heinätuotteet','Heinät ja heinätuotteet','Heinät ja heinätuotteet','Heinät ja heinätuotteet'),(379,1,'Koiran hygienia','Koiran hygienia','Koiran hygienia','Koiran hygienia','Koiran hygienia'),(379,2,'Koiran hygienia','Koiran hygienia','Koiran hygienia','Koiran hygienia','Koiran hygienia'),(380,1,'Muut hygieniatuotteet','Muut hygieniatuotteet','Muut hygieniatuotteet','Muut hygieniatuotteet','Muut hygieniatuotteet'),(380,2,'Muut hygieniatuotteet','Muut hygieniatuotteet','Muut hygieniatuotteet','Muut hygieniatuotteet','Muut hygieniatuotteet'),(381,1,'Hampaiden ja suunhoito','Hampaiden ja suunhoito','Hampaiden ja suunhoito','Hampaiden ja suunhoito','Hampaiden ja suunhoito'),(381,2,'Hampaiden ja suunhoito','Hampaiden ja suunhoito','Hampaiden ja suunhoito','Hampaiden ja suunhoito','Hampaiden ja suunhoito'),(382,1,'Stressi ja pelkotilat','Stressi ja pelkotilat','Stressi ja pelkotilat','Stressi ja pelkotilat','Stressi ja pelkotilat'),(382,2,'Stressi ja pelkotilat','Stressi ja pelkotilat','Stressi ja pelkotilat','Stressi ja pelkotilat','Stressi ja pelkotilat'),(383,1,'Kissan taluttimet','Kissan taluttimet','Kissan taluttimet','Kissan taluttimet','Kissan taluttimet'),(383,2,'Kissan taluttimet','Kissan taluttimet','Kissan taluttimet','Kissan taluttimet','Kissan taluttimet'),(384,1,'Muut tuotteet asumiseen ja matkustukseen','Muut tuotteet asumiseen ja matkustukseen','Muut tuotteet asumiseen ja matkustukseen','Muut tuotteet asumiseen ja matkustukseen','Muut tuotteet asumiseen ja matkustukseen'),(384,2,'Muut tuotteet asumiseen ja matkustukseen','Muut tuotteet asumiseen ja matkustukseen','Muut tuotteet asumiseen ja matkustukseen','Muut tuotteet asumiseen ja matkustukseen','Muut tuotteet asumiseen ja matkustukseen'),(385,1,'Kissan kaulapannat','Kissan kaulapannat','Kissan kaulapannat','Kissan kaulapannat','Kissan kaulapannat'),(385,2,'Kissan kaulapannat','Kissan kaulapannat','Kissan kaulapannat','Kissan kaulapannat','Kissan kaulapannat'),(386,1,'Kengät ja tossut','Kengät ja tossut','Kengät ja tossut','Kengät ja tossut','Kengät ja tossut'),(386,2,'Kengät ja tossut','Kengät ja tossut','Kengät ja tossut','Kengät ja tossut','Kengät ja tossut'),(387,1,'Kanin herkut','Kanin herkut','Kanin herkut','Kanin herkut','Kanin herkut'),(387,2,'Kanin herkut','Kanin herkut','Kanin herkut','Kanin herkut','Kanin herkut'),(388,1,'Kynsien ja tassujenhoito','Kynsien ja tassujenhoito','Kynsien ja tassujenhoito','Kynsien ja tassujenhoito','Kynsien ja tassujenhoito'),(388,2,'Kynsien ja tassujenhoito','Kynsien ja tassujenhoito','Kynsien ja tassujenhoito','Kynsien ja tassujenhoito','Kynsien ja tassujenhoito'),(389,1,'Koirahäkit ja kantoboksit','Koirahäkit ja kantoboksit','Koirahäkit ja kantoboksit','Koirahäkit ja kantoboksit','Koirahäkit ja kantoboksit'),(389,2,'Koirahäkit ja kantoboksit','Koirahäkit ja kantoboksit','Koirahäkit ja kantoboksit','Koirahäkit ja kantoboksit','Koirahäkit ja kantoboksit'),(390,1,'Juoksu- ja poikasuojat','Juoksu- ja poikasuojat','Juoksu- ja poikasuojat','Juoksu- ja poikasuojat','Juoksu- ja poikasuojat'),(390,2,'Juoksu- ja poikasuojat','Juoksu- ja poikasuojat','Juoksu- ja poikasuojat','Juoksu- ja poikasuojat','Juoksu- ja poikasuojat'),(391,1,'Kanin häkit','Kanin häkit','Kanin häkit','Kanin häkit','Kanin häkit'),(391,2,'Kanin häkit','Kanin häkit','Kanin häkit','Kanin häkit','Kanin häkit'),(392,1,'Akvaariotarvikkeet','Akvaariotarvikkeet','Akvaariotarvikkeet','Akvaariotarvikkeet','Akvaariotarvikkeet'),(392,2,'Akvaariotarvikkeet','Akvaariotarvikkeet','Akvaariotarvikkeet','Akvaariotarvikkeet','Akvaariotarvikkeet'),(393,1,'Muut turkinhoito ja trimmaustuotteet','Muut turkinhoito ja trimmaustuotteet','Muut turkinhoito ja trimmaustuotteet','Muut turkinhoito ja trimmaustuotteet','Muut turkinhoito ja trimmaustuotteet'),(393,2,'Muut turkinhoito ja trimmaustuotteet','Muut turkinhoito ja trimmaustuotteet','Muut turkinhoito ja trimmaustuotteet','Muut turkinhoito ja trimmaustuotteet','Muut turkinhoito ja trimmaustuotteet'),(394,1,'Lisäravinteet','Lisäravinteet','Lisäravinteet','Lisäravinteet','Lisäravinteet'),(394,2,'Lisäravinteet','Lisäravinteet','Lisäravinteet','Lisäravinteet','Lisäravinteet'),(395,1,'Marsun ruoka','Marsun ruoka','Marsun ruoka','Marsun ruoka','Marsun ruoka'),(395,2,'Marsun ruoka','Marsun ruoka','Marsun ruoka','Marsun ruoka','Marsun ruoka'),(396,1,'Muut tuotteet ulkoiluun','Muut tuotteet ulkoiluun','Muut tuotteet ulkoiluun','Muut tuotteet ulkoiluun','Muut tuotteet ulkoiluun'),(396,2,'Muut tuotteet ulkoiluun','Muut tuotteet ulkoiluun','Muut tuotteet ulkoiluun','Muut tuotteet ulkoiluun','Muut tuotteet ulkoiluun'),(397,1,'Lintujen asuminen','Lintujen asuminen','Lintujen asuminen','Lintujen asuminen','Lintujen asuminen'),(397,2,'Lintujen asuminen','Lintujen asuminen','Lintujen asuminen','Lintujen asuminen','Lintujen asuminen'),(398,1,'Lintujen herkut','Lintujen herkut','Lintujen herkut','Lintujen herkut','Lintujen herkut'),(398,2,'Lintujen herkut','Lintujen herkut','Lintujen herkut','Lintujen herkut','Lintujen herkut'),(399,1,'Muut tuotteet ulkoiluun ja kuljetukseen','Muut tuotteet ulkoiluun ja kuljetukseen','Muut tuotteet ulkoiluun ja kuljetukseen','Muut tuotteet ulkoiluun ja kuljetukseen','Muut tuotteet ulkoiluun ja kuljetukseen'),(399,2,'Muut tuotteet ulkoiluun ja kuljetukseen','Muut tuotteet ulkoiluun ja kuljetukseen','Muut tuotteet ulkoiluun ja kuljetukseen','Muut tuotteet ulkoiluun ja kuljetukseen','Muut tuotteet ulkoiluun ja kuljetukseen'),(400,1,'Pieneläinten hyvinvointi ja hoito','Pieneläinten hyvinvointi ja hoito','Pieneläinten hyvinvointi ja hoito','Pieneläinten hyvinvointi ja hoito','Pieneläinten hyvinvointi ja hoito'),(400,2,'Pieneläinten hyvinvointi ja hoito','Pieneläinten hyvinvointi ja hoito','Pieneläinten hyvinvointi ja hoito','Pieneläinten hyvinvointi ja hoito','Pieneläinten hyvinvointi ja hoito'),(401,1,'Musti ja Mirri','Musti ja Mirri','Musti ja Mirri','Musti ja Mirri','Musti ja Mirri'),(401,2,'Musti ja Mirri','Musti ja Mirri','Musti ja Mirri','Musti ja Mirri','Musti ja Mirri'),(402,1,'Reput','Reput','Reput','Reput','Reput'),(402,2,'Reput','Reput','Reput','Reput','Reput'),(403,1,'Kuonopannat','Kuonopannat','Kuonopannat','Kuonopannat','Kuonopannat'),(403,2,'Kuonopannat','Kuonopannat','Kuonopannat','Kuonopannat','Kuonopannat'),(404,1,'Akvaariokalojen hyvinvointi ja hoito','Akvaariokalojen hyvinvointi ja hoito','Akvaariokalojen hyvinvointi ja hoito','Akvaariokalojen hyvinvointi ja hoito','Akvaariokalojen hyvinvointi ja hoito'),(404,2,'Akvaariokalojen hyvinvointi ja hoito','Akvaariokalojen hyvinvointi ja hoito','Akvaariokalojen hyvinvointi ja hoito','Akvaariokalojen hyvinvointi ja hoito','Akvaariokalojen hyvinvointi ja hoito'),(405,1,'Alustat ja siisteys','Alustat ja siisteys','Alustat ja siisteys','Alustat ja siisteys','Alustat ja siisteys'),(405,2,'Alustat ja siisteys','Alustat ja siisteys','Alustat ja siisteys','Alustat ja siisteys','Alustat ja siisteys'),(406,1,'Lisävarusteet häkkiin','Lisävarusteet häkkiin','Lisävarusteet häkkiin','Lisävarusteet häkkiin','Lisävarusteet häkkiin'),(406,2,'Lisävarusteet häkkiin','Lisävarusteet häkkiin','Lisävarusteet häkkiin','Lisävarusteet häkkiin','Lisävarusteet häkkiin'),(407,1,'Kantoboksit ja kantokassit','Kantoboksit ja kantokassit','Kantoboksit ja kantokassit','Kantoboksit ja kantokassit','Kantoboksit ja kantokassit'),(407,2,'Kantoboksit ja kantokassit','Kantoboksit ja kantokassit','Kantoboksit ja kantokassit','Kantoboksit ja kantokassit','Kantoboksit ja kantokassit'),(408,1,'Kissankellot ja tunnistekapselit','Kissankellot ja tunnistekapselit','Kissankellot ja tunnistekapselit','Kissankellot ja tunnistekapselit','Kissankellot ja tunnistekapselit'),(408,2,'Kissankellot ja tunnistekapselit','Kissankellot ja tunnistekapselit','Kissankellot ja tunnistekapselit','Kissankellot ja tunnistekapselit','Kissankellot ja tunnistekapselit'),(409,1,'Kuonokopat','Kuonokopat','Kuonokopat','Kuonokopat','Kuonokopat'),(409,2,'Kuonokopat','Kuonokopat','Kuonokopat','Kuonokopat','Kuonokopat'),(410,1,'Marraskuun tarjoukset','Marraskuun tarjoukset','Marraskuun tarjoukset','Marraskuun tarjoukset','Marraskuun tarjoukset'),(410,2,'Marraskuun tarjoukset','Marraskuun tarjoukset','Marraskuun tarjoukset','Marraskuun tarjoukset','Marraskuun tarjoukset'),(411,1,'Turkinhoitotarvikkeet','Turkinhoitotarvikkeet','Turkinhoitotarvikkeet','Turkinhoitotarvikkeet','Turkinhoitotarvikkeet'),(411,2,'Turkinhoitotarvikkeet','Turkinhoitotarvikkeet','Turkinhoitotarvikkeet','Turkinhoitotarvikkeet','Turkinhoitotarvikkeet'),(247,3,'Koirat','Koirat','Koirat','Koirat','Koirat'),(248,3,'Koiran lelut','Koiran lelut','Koiran lelut','Koiran lelut','Koiran lelut'),(249,3,'Pehmolelut','Pehmolelut','Pehmolelut','Pehmolelut','Pehmolelut'),(250,3,'Kissat','Kissat','Kissat','Kissat','Kissat'),(251,3,'Kissan ruokinta','Kissan ruokinta','Kissan ruokinta','Kissan ruokinta','Kissan ruokinta'),(252,3,'Kuivaruoka','Kuivaruoka','Kuivaruoka','Kuivaruoka','Kuivaruoka'),(253,3,'Royal Canin','Royal Canin','Royal Canin','Royal Canin','Royal Canin'),(254,3,'Feline Breed Nutrition -roturuoat','Feline Breed Nutrition -roturuoat','Feline Breed Nutrition -roturuoat','Feline Breed Nutrition -roturuoat','Feline Breed Nutrition -roturuoat'),(255,3,'Koiran ruokinta','Koiran ruokinta','Koiran ruokinta','Koiran ruokinta','Koiran ruokinta'),(256,3,'Lemmikinomistajille','Lemmikinomistajille','Lemmikinomistajille','Lemmikinomistajille','Lemmikinomistajille'),(257,3,'Harrastustuotteet lemmikinomistajille','Harrastustuotteet lemmikinomistajille','Harrastustuotteet lemmikinomistajille','Harrastustuotteet lemmikinomistajille','Harrastustuotteet lemmikinomistajille'),(258,3,'Rotutuotteet','Rotutuotteet','Rotutuotteet','Rotutuotteet','Rotutuotteet'),(259,3,'Täyskumilelut','Täyskumilelut','Täyskumilelut','Täyskumilelut','Täyskumilelut'),(260,3,'Koiran ulkoilu','Koiran ulkoilu','Koiran ulkoilu','Koiran ulkoilu','Koiran ulkoilu'),(261,3,'Pelastusliivit','Pelastusliivit','Pelastusliivit','Pelastusliivit','Pelastusliivit'),(262,3,'Sporting Life ','Sporting Life ','Sporting Life ','Sporting Life ','Sporting Life '),(263,3,' Urban Life',' Urban Life',' Urban Life',' Urban Life',' Urban Life'),(264,3,'Kissan lelut','Kissan lelut','Kissan lelut','Kissan lelut','Kissan lelut'),(265,3,'Muut kissan lelut','Muut kissan lelut','Muut kissan lelut','Muut kissan lelut','Muut kissan lelut'),(266,3,'Pieneläimet','Pieneläimet','Pieneläimet','Pieneläimet','Pieneläimet'),(267,3,'Pieneläinten ruokinta ja herkut','Pieneläinten ruokinta ja herkut','Pieneläinten ruokinta ja herkut','Pieneläinten ruokinta ja herkut','Pieneläinten ruokinta ja herkut'),(268,3,'Ruoat','Ruoat','Ruoat','Ruoat','Ruoat'),(269,3,'Muut lelut','Muut lelut','Muut lelut','Muut lelut','Muut lelut'),(270,3,'Koiran turkinhoito ja trimmaus','Koiran turkinhoito ja trimmaus','Koiran turkinhoito ja trimmaus','Koiran turkinhoito ja trimmaus','Koiran turkinhoito ja trimmaus'),(271,3,'Turkinhoitovälineet','Turkinhoitovälineet','Turkinhoitovälineet','Turkinhoitovälineet','Turkinhoitovälineet'),(272,3,'Koiran herkut','Koiran herkut','Koiran herkut','Koiran herkut','Koiran herkut'),(273,3,'Makupalat','Makupalat','Makupalat','Makupalat','Makupalat'),(274,3,'Märkäruoka','Märkäruoka','Märkäruoka','Märkäruoka','Märkäruoka'),(275,3,'Kissan hygienia','Kissan hygienia','Kissan hygienia','Kissan hygienia','Kissan hygienia'),(276,3,'Hiekkalaatikot ja kissanvessat','Hiekkalaatikot ja kissanvessat','Hiekkalaatikot ja kissanvessat','Hiekkalaatikot ja kissanvessat','Hiekkalaatikot ja kissanvessat'),(277,3,'Kalenterit','Kalenterit','Kalenterit','Kalenterit','Kalenterit'),(278,3,'Koiran koulutus ja harrastukset','Koiran koulutus ja harrastukset','Koiran koulutus ja harrastukset','Koiran koulutus ja harrastukset','Koiran koulutus ja harrastukset'),(279,3,'Koiran harrastustarvikkeet','Koiran harrastustarvikkeet','Koiran harrastustarvikkeet','Koiran harrastustarvikkeet','Koiran harrastustarvikkeet'),(280,3,'Koiran asuminen ja kuljetus','Koiran asuminen ja kuljetus','Koiran asuminen ja kuljetus','Koiran asuminen ja kuljetus','Koiran asuminen ja kuljetus'),(281,3,'Ruokakupit ja ruokintatarvikkeet','Ruokakupit ja ruokintatarvikkeet','Ruokakupit ja ruokintatarvikkeet','Ruokakupit ja ruokintatarvikkeet','Ruokakupit ja ruokintatarvikkeet'),(282,3,'Talutushihnat','Talutushihnat','Talutushihnat','Talutushihnat','Talutushihnat'),(283,3,'Koiranruokalavat','Koiranruokalavat','Koiranruokalavat','Koiranruokalavat','Koiranruokalavat'),(284,3,'Aktivointilelut','Aktivointilelut','Aktivointilelut','Aktivointilelut','Aktivointilelut'),(285,3,'Pennut','Pennut','Pennut','Pennut','Pennut'),(286,3,'Koiranpennut','Koiranpennut','Koiranpennut','Koiranpennut','Koiranpennut'),(287,3,'Pentukutsut','Pentukutsut','Pentukutsut','Pentukutsut','Pentukutsut'),(288,3,'Kissan ulkoilu','Kissan ulkoilu','Kissan ulkoilu','Kissan ulkoilu','Kissan ulkoilu'),(289,3,'Kissan valjaat','Kissan valjaat','Kissan valjaat','Kissan valjaat','Kissan valjaat'),(290,3,'Huiskat','Huiskat','Huiskat','Huiskat','Huiskat'),(291,3,'Säilykkeet','Säilykkeet','Säilykkeet','Säilykkeet','Säilykkeet'),(292,3,'Maxi','Maxi','Maxi','Maxi','Maxi'),(293,3,'Purunarut ja muut narulelut','Purunarut ja muut narulelut','Purunarut ja muut narulelut','Purunarut ja muut narulelut','Purunarut ja muut narulelut'),(294,3,'Kakkapussit ja tarvikkeet','Kakkapussit ja tarvikkeet','Kakkapussit ja tarvikkeet','Kakkapussit ja tarvikkeet','Kakkapussit ja tarvikkeet'),(295,3,'Koiran pedit','Koiran pedit','Koiran pedit','Koiran pedit','Koiran pedit'),(296,3,'Kissan aktivointilelut','Kissan aktivointilelut','Kissan aktivointilelut','Kissan aktivointilelut','Kissan aktivointilelut'),(297,3,'Linnut','Linnut','Linnut','Linnut','Linnut'),(298,3,'Lintujen ruokinta ','Lintujen ruokinta ','Lintujen ruokinta ','Lintujen ruokinta ','Lintujen ruokinta '),(299,3,'Turvallisuustuotteet ulkoiluun','Turvallisuustuotteet ulkoiluun','Turvallisuustuotteet ulkoiluun','Turvallisuustuotteet ulkoiluun','Turvallisuustuotteet ulkoiluun'),(300,3,'Kantokassit','Kantokassit','Kantokassit','Kantokassit','Kantokassit'),(301,3,'Pyyhkeet ja kylpytakit','Pyyhkeet ja kylpytakit','Pyyhkeet ja kylpytakit','Pyyhkeet ja kylpytakit','Pyyhkeet ja kylpytakit'),(302,3,'TARJOUKSET','TARJOUKSET','TARJOUKSET','TARJOUKSET','TARJOUKSET'),(303,3,'Kanta-asiakastarjoukset','Kanta-asiakastarjoukset','Kanta-asiakastarjoukset','Kanta-asiakastarjoukset','Kanta-asiakastarjoukset'),(304,3,'Kissan hyvinvointi ja hoito','Kissan hyvinvointi ja hoito','Kissan hyvinvointi ja hoito','Kissan hyvinvointi ja hoito','Kissan hyvinvointi ja hoito'),(305,3,'Turkin ja kynsienhoito','Turkin ja kynsienhoito','Turkin ja kynsienhoito','Turkin ja kynsienhoito','Turkin ja kynsienhoito'),(306,3,'POISTONURKKA','POISTONURKKA','POISTONURKKA','POISTONURKKA','POISTONURKKA'),(307,3,'Höyhenlelut','Höyhenlelut','Höyhenlelut','Höyhenlelut','Höyhenlelut'),(308,3,'Hamsterit','Hamsterit','Hamsterit','Hamsterit','Hamsterit'),(309,3,'Hamsterin ruoka','Hamsterin ruoka','Hamsterin ruoka','Hamsterin ruoka','Hamsterin ruoka'),(310,3,'Muut hygieniatarvikkeet','Muut hygieniatarvikkeet','Muut hygieniatarvikkeet','Muut hygieniatarvikkeet','Muut hygieniatarvikkeet'),(311,3,'Hoitotarvikkeet ja valjaat','Hoitotarvikkeet ja valjaat','Hoitotarvikkeet ja valjaat','Hoitotarvikkeet ja valjaat','Hoitotarvikkeet ja valjaat'),(312,3,'Vitamiinit ja yleiskuntovalmisteet','Vitamiinit ja yleiskuntovalmisteet','Vitamiinit ja yleiskuntovalmisteet','Vitamiinit ja yleiskuntovalmisteet','Vitamiinit ja yleiskuntovalmisteet'),(313,3,'Makupalat hampaiden hoitoon','Makupalat hampaiden hoitoon','Makupalat hampaiden hoitoon','Makupalat hampaiden hoitoon','Makupalat hampaiden hoitoon'),(314,3,'Herkkutikut & makupalat','Herkkutikut & makupalat','Herkkutikut & makupalat','Herkkutikut & makupalat','Herkkutikut & makupalat'),(315,3,'Kanit','Kanit','Kanit','Kanit','Kanit'),(316,3,'Kanin ruoka','Kanin ruoka','Kanin ruoka','Kanin ruoka','Kanin ruoka'),(317,3,'Akvaario','Akvaario','Akvaario','Akvaario','Akvaario'),(318,3,'Ruokinta','Ruokinta','Ruokinta','Ruokinta','Ruokinta'),(319,3,'Kissan herkut','Kissan herkut','Kissan herkut','Kissan herkut','Kissan herkut'),(320,3,'Herkut','Herkut','Herkut','Herkut','Herkut'),(321,3,'Breed-roturuoat','Breed-roturuoat','Breed-roturuoat','Breed-roturuoat','Breed-roturuoat'),(322,3,'Koiran pannat','Koiran pannat','Koiran pannat','Koiran pannat','Koiran pannat'),(323,3,'Emo ja pennut','Emo ja pennut','Emo ja pennut','Emo ja pennut','Emo ja pennut'),(324,3,'Shampoot','Shampoot','Shampoot','Shampoot','Shampoot'),(325,3,'Vesilelut','Vesilelut','Vesilelut','Vesilelut','Vesilelut'),(326,3,'Nimilaatat','Nimilaatat','Nimilaatat','Nimilaatat','Nimilaatat'),(327,3,'Kuivatut eläintenosat','Kuivatut eläintenosat','Kuivatut eläintenosat','Kuivatut eläintenosat','Kuivatut eläintenosat'),(328,3,'Kissanpennut','Kissanpennut','Kissanpennut','Kissanpennut','Kissanpennut'),(329,3,'Autoilutuotteet','Autoilutuotteet','Autoilutuotteet','Autoilutuotteet','Autoilutuotteet'),(330,3,'Trimmauskoneet ja -terät','Trimmauskoneet ja -terät','Trimmauskoneet ja -terät','Trimmauskoneet ja -terät','Trimmauskoneet ja -terät'),(331,3,'Kissanhiekat','Kissanhiekat','Kissanhiekat','Kissanhiekat','Kissanhiekat'),(332,3,'Koiran vaatteet','Koiran vaatteet','Koiran vaatteet','Koiran vaatteet','Koiran vaatteet'),(333,3,'Treeniliivit ja -tarvikkeet','Treeniliivit ja -tarvikkeet','Treeniliivit ja -tarvikkeet','Treeniliivit ja -tarvikkeet','Treeniliivit ja -tarvikkeet'),(334,3,'Koiran hyvinvointi ja terveys','Koiran hyvinvointi ja terveys','Koiran hyvinvointi ja terveys','Koiran hyvinvointi ja terveys','Koiran hyvinvointi ja terveys'),(335,3,'Iho, haavat ja ensiapu','Iho, haavat ja ensiapu','Iho, haavat ja ensiapu','Iho, haavat ja ensiapu','Iho, haavat ja ensiapu'),(336,3,'Hoitoaineet ja viimeistelytuotteet','Hoitoaineet ja viimeistelytuotteet','Hoitoaineet ja viimeistelytuotteet','Hoitoaineet ja viimeistelytuotteet','Hoitoaineet ja viimeistelytuotteet'),(337,3,'Kissan asuminen ja matkustus','Kissan asuminen ja matkustus','Kissan asuminen ja matkustus','Kissan asuminen ja matkustus','Kissan asuminen ja matkustus'),(338,3,'Kiipeilypuut ja raapimapuut','Kiipeilypuut ja raapimapuut','Kiipeilypuut ja raapimapuut','Kiipeilypuut ja raapimapuut','Kiipeilypuut ja raapimapuut'),(339,3,'Pieneläinten asuminen','Pieneläinten asuminen','Pieneläinten asuminen','Pieneläinten asuminen','Pieneläinten asuminen'),(340,3,'Häkit ja terraariot','Häkit ja terraariot','Häkit ja terraariot','Häkit ja terraariot','Häkit ja terraariot'),(341,3,'Koiraportit ja aitaukset','Koiraportit ja aitaukset','Koiraportit ja aitaukset','Koiraportit ja aitaukset','Koiraportit ja aitaukset'),(342,3,'Trimmaussakset ja -veitset','Trimmaussakset ja -veitset','Trimmaussakset ja -veitset','Trimmaussakset ja -veitset','Trimmaussakset ja -veitset'),(343,3,'Kissan luukut','Kissan luukut','Kissan luukut','Kissan luukut','Kissan luukut'),(344,3,'Feline Care Nutrition – erityistarpeisiin','Feline Care Nutrition – erityistarpeisiin','Feline Care Nutrition – erityistarpeisiin','Feline Care Nutrition – erityistarpeisiin','Feline Care Nutrition – erityistarpeisiin'),(345,3,'Öljyvalmisteet','Öljyvalmisteet','Öljyvalmisteet','Öljyvalmisteet','Öljyvalmisteet'),(346,3,'Muut tuotteet koiran koulutukseen','Muut tuotteet koiran koulutukseen','Muut tuotteet koiran koulutukseen','Muut tuotteet koiran koulutukseen','Muut tuotteet koiran koulutukseen'),(347,3,'Medium','Medium','Medium','Medium','Medium'),(348,3,'Raakaruoka','Raakaruoka','Raakaruoka','Raakaruoka','Raakaruoka'),(349,3,'Vitamiinit ja lisäravinteet','Vitamiinit ja lisäravinteet','Vitamiinit ja lisäravinteet','Vitamiinit ja lisäravinteet','Vitamiinit ja lisäravinteet'),(350,3,'Hiiret','Hiiret','Hiiret','Hiiret','Hiiret'),(351,3,'Häkkitarvikkeet ja lelut','Häkkitarvikkeet ja lelut','Häkkitarvikkeet ja lelut','Häkkitarvikkeet ja lelut','Häkkitarvikkeet ja lelut'),(352,3,'Muut lisävarusteet häkkiin','Muut lisävarusteet häkkiin','Muut lisävarusteet häkkiin','Muut lisävarusteet häkkiin','Muut lisävarusteet häkkiin'),(353,3,'Koiran valjaat','Koiran valjaat','Koiran valjaat','Koiran valjaat','Koiran valjaat'),(354,3,'Silmien ja korvienhoito','Silmien ja korvienhoito','Silmien ja korvienhoito','Silmien ja korvienhoito','Silmien ja korvienhoito'),(355,3,'Lelut','Lelut','Lelut','Lelut','Lelut'),(356,3,'Vatsan ja suoliston hyvinvointi','Vatsan ja suoliston hyvinvointi','Vatsan ja suoliston hyvinvointi','Vatsan ja suoliston hyvinvointi','Vatsan ja suoliston hyvinvointi'),(357,3,'Ulkoloiset','Ulkoloiset','Ulkoloiset','Ulkoloiset','Ulkoloiset'),(358,3,'Feline Health Nutrition -täysravinnot','Feline Health Nutrition -täysravinnot','Feline Health Nutrition -täysravinnot','Feline Health Nutrition -täysravinnot','Feline Health Nutrition -täysravinnot'),(359,3,'Latexlelut','Latexlelut','Latexlelut','Latexlelut','Latexlelut'),(360,3,'Turkinhoito','Turkinhoito','Turkinhoito','Turkinhoito','Turkinhoito'),(361,3,'Hamsterin herkut','Hamsterin herkut','Hamsterin herkut','Hamsterin herkut','Hamsterin herkut'),(362,3,'Mini','Mini','Mini','Mini','Mini'),(363,3,'X-Small','X-Small','X-Small','X-Small','X-Small'),(364,3,'Kuivikkeet ja purut','Kuivikkeet ja purut','Kuivikkeet ja purut','Kuivikkeet ja purut','Kuivikkeet ja purut'),(365,3,'Giant','Giant','Giant','Giant','Giant'),(366,3,'Haukunestopannat','Haukunestopannat','Haukunestopannat','Haukunestopannat','Haukunestopannat'),(367,3,'Muut tuotteet lemmikinomistajille','Muut tuotteet lemmikinomistajille','Muut tuotteet lemmikinomistajille','Muut tuotteet lemmikinomistajille','Muut tuotteet lemmikinomistajille'),(368,3,'Puruluut','Puruluut','Puruluut','Puruluut','Puruluut'),(369,3,'Vedonestovaljaat','Vedonestovaljaat','Vedonestovaljaat','Vedonestovaljaat','Vedonestovaljaat'),(370,3,'Valjaat','Valjaat','Valjaat','Valjaat','Valjaat'),(371,3,'Marsut','Marsut','Marsut','Marsut','Marsut'),(372,3,'Marsun herkut','Marsun herkut','Marsun herkut','Marsun herkut','Marsun herkut'),(373,3,'Pallot','Pallot','Pallot','Pallot','Pallot'),(374,3,'Mökit ja pedit','Mökit ja pedit','Mökit ja pedit','Mökit ja pedit','Mökit ja pedit'),(375,3,'Lintujen hyvinvointi ja hoito','Lintujen hyvinvointi ja hoito','Lintujen hyvinvointi ja hoito','Lintujen hyvinvointi ja hoito','Lintujen hyvinvointi ja hoito'),(376,3,'Häkit','Häkit','Häkit','Häkit','Häkit'),(377,3,'Kissan pedit','Kissan pedit','Kissan pedit','Kissan pedit','Kissan pedit'),(378,3,'Heinät ja heinätuotteet','Heinät ja heinätuotteet','Heinät ja heinätuotteet','Heinät ja heinätuotteet','Heinät ja heinätuotteet'),(379,3,'Koiran hygienia','Koiran hygienia','Koiran hygienia','Koiran hygienia','Koiran hygienia'),(380,3,'Muut hygieniatuotteet','Muut hygieniatuotteet','Muut hygieniatuotteet','Muut hygieniatuotteet','Muut hygieniatuotteet'),(381,3,'Hampaiden ja suunhoito','Hampaiden ja suunhoito','Hampaiden ja suunhoito','Hampaiden ja suunhoito','Hampaiden ja suunhoito'),(382,3,'Stressi ja pelkotilat','Stressi ja pelkotilat','Stressi ja pelkotilat','Stressi ja pelkotilat','Stressi ja pelkotilat'),(383,3,'Kissan taluttimet','Kissan taluttimet','Kissan taluttimet','Kissan taluttimet','Kissan taluttimet'),(384,3,'Muut tuotteet asumiseen ja matkustukseen','Muut tuotteet asumiseen ja matkustukseen','Muut tuotteet asumiseen ja matkustukseen','Muut tuotteet asumiseen ja matkustukseen','Muut tuotteet asumiseen ja matkustukseen'),(385,3,'Kissan kaulapannat','Kissan kaulapannat','Kissan kaulapannat','Kissan kaulapannat','Kissan kaulapannat'),(386,3,'Kengät ja tossut','Kengät ja tossut','Kengät ja tossut','Kengät ja tossut','Kengät ja tossut'),(387,3,'Kanin herkut','Kanin herkut','Kanin herkut','Kanin herkut','Kanin herkut'),(388,3,'Kynsien ja tassujenhoito','Kynsien ja tassujenhoito','Kynsien ja tassujenhoito','Kynsien ja tassujenhoito','Kynsien ja tassujenhoito'),(389,3,'Koirahäkit ja kantoboksit','Koirahäkit ja kantoboksit','Koirahäkit ja kantoboksit','Koirahäkit ja kantoboksit','Koirahäkit ja kantoboksit'),(390,3,'Juoksu- ja poikasuojat','Juoksu- ja poikasuojat','Juoksu- ja poikasuojat','Juoksu- ja poikasuojat','Juoksu- ja poikasuojat'),(391,3,'Kanin häkit','Kanin häkit','Kanin häkit','Kanin häkit','Kanin häkit'),(392,3,'Akvaariotarvikkeet','Akvaariotarvikkeet','Akvaariotarvikkeet','Akvaariotarvikkeet','Akvaariotarvikkeet'),(393,3,'Muut turkinhoito ja trimmaustuotteet','Muut turkinhoito ja trimmaustuotteet','Muut turkinhoito ja trimmaustuotteet','Muut turkinhoito ja trimmaustuotteet','Muut turkinhoito ja trimmaustuotteet'),(394,3,'Lisäravinteet','Lisäravinteet','Lisäravinteet','Lisäravinteet','Lisäravinteet'),(395,3,'Marsun ruoka','Marsun ruoka','Marsun ruoka','Marsun ruoka','Marsun ruoka'),(396,3,'Muut tuotteet ulkoiluun','Muut tuotteet ulkoiluun','Muut tuotteet ulkoiluun','Muut tuotteet ulkoiluun','Muut tuotteet ulkoiluun'),(397,3,'Lintujen asuminen','Lintujen asuminen','Lintujen asuminen','Lintujen asuminen','Lintujen asuminen'),(398,3,'Lintujen herkut','Lintujen herkut','Lintujen herkut','Lintujen herkut','Lintujen herkut'),(399,3,'Muut tuotteet ulkoiluun ja kuljetukseen','Muut tuotteet ulkoiluun ja kuljetukseen','Muut tuotteet ulkoiluun ja kuljetukseen','Muut tuotteet ulkoiluun ja kuljetukseen','Muut tuotteet ulkoiluun ja kuljetukseen'),(400,3,'Pieneläinten hyvinvointi ja hoito','Pieneläinten hyvinvointi ja hoito','Pieneläinten hyvinvointi ja hoito','Pieneläinten hyvinvointi ja hoito','Pieneläinten hyvinvointi ja hoito'),(401,3,'Musti ja Mirri','Musti ja Mirri','Musti ja Mirri','Musti ja Mirri','Musti ja Mirri'),(402,3,'Reput','Reput','Reput','Reput','Reput'),(403,3,'Kuonopannat','Kuonopannat','Kuonopannat','Kuonopannat','Kuonopannat'),(404,3,'Akvaariokalojen hyvinvointi ja hoito','Akvaariokalojen hyvinvointi ja hoito','Akvaariokalojen hyvinvointi ja hoito','Akvaariokalojen hyvinvointi ja hoito','Akvaariokalojen hyvinvointi ja hoito'),(405,3,'Alustat ja siisteys','Alustat ja siisteys','Alustat ja siisteys','Alustat ja siisteys','Alustat ja siisteys'),(406,3,'Lisävarusteet häkkiin','Lisävarusteet häkkiin','Lisävarusteet häkkiin','Lisävarusteet häkkiin','Lisävarusteet häkkiin'),(407,3,'Kantoboksit ja kantokassit','Kantoboksit ja kantokassit','Kantoboksit ja kantokassit','Kantoboksit ja kantokassit','Kantoboksit ja kantokassit'),(408,3,'Kissankellot ja tunnistekapselit','Kissankellot ja tunnistekapselit','Kissankellot ja tunnistekapselit','Kissankellot ja tunnistekapselit','Kissankellot ja tunnistekapselit'),(409,3,'Kuonokopat','Kuonokopat','Kuonokopat','Kuonokopat','Kuonokopat'),(410,3,'Marraskuun tarjoukset','Marraskuun tarjoukset','Marraskuun tarjoukset','Marraskuun tarjoukset','Marraskuun tarjoukset'),(411,3,'Turkinhoitotarvikkeet','Turkinhoitotarvikkeet','Turkinhoitotarvikkeet','Turkinhoitotarvikkeet','Turkinhoitotarvikkeet'),(247,4,'Koirat','Koirat','Koirat','Koirat','Koirat'),(248,4,'Koiran lelut','Koiran lelut','Koiran lelut','Koiran lelut','Koiran lelut'),(249,4,'Pehmolelut','Pehmolelut','Pehmolelut','Pehmolelut','Pehmolelut'),(250,4,'Kissat','Kissat','Kissat','Kissat','Kissat'),(251,4,'Kissan ruokinta','Kissan ruokinta','Kissan ruokinta','Kissan ruokinta','Kissan ruokinta'),(252,4,'Kuivaruoka','Kuivaruoka','Kuivaruoka','Kuivaruoka','Kuivaruoka'),(253,4,'Royal Canin','Royal Canin','Royal Canin','Royal Canin','Royal Canin'),(254,4,'Feline Breed Nutrition -roturuoat','Feline Breed Nutrition -roturuoat','Feline Breed Nutrition -roturuoat','Feline Breed Nutrition -roturuoat','Feline Breed Nutrition -roturuoat'),(255,4,'Koiran ruokinta','Koiran ruokinta','Koiran ruokinta','Koiran ruokinta','Koiran ruokinta'),(256,4,'Lemmikinomistajille','Lemmikinomistajille','Lemmikinomistajille','Lemmikinomistajille','Lemmikinomistajille'),(257,4,'Harrastustuotteet lemmikinomistajille','Harrastustuotteet lemmikinomistajille','Harrastustuotteet lemmikinomistajille','Harrastustuotteet lemmikinomistajille','Harrastustuotteet lemmikinomistajille'),(258,4,'Rotutuotteet','Rotutuotteet','Rotutuotteet','Rotutuotteet','Rotutuotteet'),(259,4,'Täyskumilelut','Täyskumilelut','Täyskumilelut','Täyskumilelut','Täyskumilelut'),(260,4,'Koiran ulkoilu','Koiran ulkoilu','Koiran ulkoilu','Koiran ulkoilu','Koiran ulkoilu'),(261,4,'Pelastusliivit','Pelastusliivit','Pelastusliivit','Pelastusliivit','Pelastusliivit'),(262,4,'Sporting Life ','Sporting Life ','Sporting Life ','Sporting Life ','Sporting Life '),(263,4,' Urban Life',' Urban Life',' Urban Life',' Urban Life',' Urban Life'),(264,4,'Kissan lelut','Kissan lelut','Kissan lelut','Kissan lelut','Kissan lelut'),(265,4,'Muut kissan lelut','Muut kissan lelut','Muut kissan lelut','Muut kissan lelut','Muut kissan lelut'),(266,4,'Pieneläimet','Pieneläimet','Pieneläimet','Pieneläimet','Pieneläimet'),(267,4,'Pieneläinten ruokinta ja herkut','Pieneläinten ruokinta ja herkut','Pieneläinten ruokinta ja herkut','Pieneläinten ruokinta ja herkut','Pieneläinten ruokinta ja herkut'),(268,4,'Ruoat','Ruoat','Ruoat','Ruoat','Ruoat'),(269,4,'Muut lelut','Muut lelut','Muut lelut','Muut lelut','Muut lelut'),(270,4,'Koiran turkinhoito ja trimmaus','Koiran turkinhoito ja trimmaus','Koiran turkinhoito ja trimmaus','Koiran turkinhoito ja trimmaus','Koiran turkinhoito ja trimmaus'),(271,4,'Turkinhoitovälineet','Turkinhoitovälineet','Turkinhoitovälineet','Turkinhoitovälineet','Turkinhoitovälineet'),(272,4,'Koiran herkut','Koiran herkut','Koiran herkut','Koiran herkut','Koiran herkut'),(273,4,'Makupalat','Makupalat','Makupalat','Makupalat','Makupalat'),(274,4,'Märkäruoka','Märkäruoka','Märkäruoka','Märkäruoka','Märkäruoka'),(275,4,'Kissan hygienia','Kissan hygienia','Kissan hygienia','Kissan hygienia','Kissan hygienia'),(276,4,'Hiekkalaatikot ja kissanvessat','Hiekkalaatikot ja kissanvessat','Hiekkalaatikot ja kissanvessat','Hiekkalaatikot ja kissanvessat','Hiekkalaatikot ja kissanvessat'),(277,4,'Kalenterit','Kalenterit','Kalenterit','Kalenterit','Kalenterit'),(278,4,'Koiran koulutus ja harrastukset','Koiran koulutus ja harrastukset','Koiran koulutus ja harrastukset','Koiran koulutus ja harrastukset','Koiran koulutus ja harrastukset'),(279,4,'Koiran harrastustarvikkeet','Koiran harrastustarvikkeet','Koiran harrastustarvikkeet','Koiran harrastustarvikkeet','Koiran harrastustarvikkeet'),(280,4,'Koiran asuminen ja kuljetus','Koiran asuminen ja kuljetus','Koiran asuminen ja kuljetus','Koiran asuminen ja kuljetus','Koiran asuminen ja kuljetus'),(281,4,'Ruokakupit ja ruokintatarvikkeet','Ruokakupit ja ruokintatarvikkeet','Ruokakupit ja ruokintatarvikkeet','Ruokakupit ja ruokintatarvikkeet','Ruokakupit ja ruokintatarvikkeet'),(282,4,'Talutushihnat','Talutushihnat','Talutushihnat','Talutushihnat','Talutushihnat'),(283,4,'Koiranruokalavat','Koiranruokalavat','Koiranruokalavat','Koiranruokalavat','Koiranruokalavat'),(284,4,'Aktivointilelut','Aktivointilelut','Aktivointilelut','Aktivointilelut','Aktivointilelut'),(285,4,'Pennut','Pennut','Pennut','Pennut','Pennut'),(286,4,'Koiranpennut','Koiranpennut','Koiranpennut','Koiranpennut','Koiranpennut'),(287,4,'Pentukutsut','Pentukutsut','Pentukutsut','Pentukutsut','Pentukutsut'),(288,4,'Kissan ulkoilu','Kissan ulkoilu','Kissan ulkoilu','Kissan ulkoilu','Kissan ulkoilu'),(289,4,'Kissan valjaat','Kissan valjaat','Kissan valjaat','Kissan valjaat','Kissan valjaat'),(290,4,'Huiskat','Huiskat','Huiskat','Huiskat','Huiskat'),(291,4,'Säilykkeet','Säilykkeet','Säilykkeet','Säilykkeet','Säilykkeet'),(292,4,'Maxi','Maxi','Maxi','Maxi','Maxi'),(293,4,'Purunarut ja muut narulelut','Purunarut ja muut narulelut','Purunarut ja muut narulelut','Purunarut ja muut narulelut','Purunarut ja muut narulelut'),(294,4,'Kakkapussit ja tarvikkeet','Kakkapussit ja tarvikkeet','Kakkapussit ja tarvikkeet','Kakkapussit ja tarvikkeet','Kakkapussit ja tarvikkeet'),(295,4,'Koiran pedit','Koiran pedit','Koiran pedit','Koiran pedit','Koiran pedit'),(296,4,'Kissan aktivointilelut','Kissan aktivointilelut','Kissan aktivointilelut','Kissan aktivointilelut','Kissan aktivointilelut'),(297,4,'Linnut','Linnut','Linnut','Linnut','Linnut'),(298,4,'Lintujen ruokinta ','Lintujen ruokinta ','Lintujen ruokinta ','Lintujen ruokinta ','Lintujen ruokinta '),(299,4,'Turvallisuustuotteet ulkoiluun','Turvallisuustuotteet ulkoiluun','Turvallisuustuotteet ulkoiluun','Turvallisuustuotteet ulkoiluun','Turvallisuustuotteet ulkoiluun'),(300,4,'Kantokassit','Kantokassit','Kantokassit','Kantokassit','Kantokassit'),(301,4,'Pyyhkeet ja kylpytakit','Pyyhkeet ja kylpytakit','Pyyhkeet ja kylpytakit','Pyyhkeet ja kylpytakit','Pyyhkeet ja kylpytakit'),(302,4,'TARJOUKSET','TARJOUKSET','TARJOUKSET','TARJOUKSET','TARJOUKSET'),(303,4,'Kanta-asiakastarjoukset','Kanta-asiakastarjoukset','Kanta-asiakastarjoukset','Kanta-asiakastarjoukset','Kanta-asiakastarjoukset'),(304,4,'Kissan hyvinvointi ja hoito','Kissan hyvinvointi ja hoito','Kissan hyvinvointi ja hoito','Kissan hyvinvointi ja hoito','Kissan hyvinvointi ja hoito'),(305,4,'Turkin ja kynsienhoito','Turkin ja kynsienhoito','Turkin ja kynsienhoito','Turkin ja kynsienhoito','Turkin ja kynsienhoito'),(306,4,'POISTONURKKA','POISTONURKKA','POISTONURKKA','POISTONURKKA','POISTONURKKA'),(307,4,'Höyhenlelut','Höyhenlelut','Höyhenlelut','Höyhenlelut','Höyhenlelut'),(308,4,'Hamsterit','Hamsterit','Hamsterit','Hamsterit','Hamsterit'),(309,4,'Hamsterin ruoka','Hamsterin ruoka','Hamsterin ruoka','Hamsterin ruoka','Hamsterin ruoka'),(310,4,'Muut hygieniatarvikkeet','Muut hygieniatarvikkeet','Muut hygieniatarvikkeet','Muut hygieniatarvikkeet','Muut hygieniatarvikkeet'),(311,4,'Hoitotarvikkeet ja valjaat','Hoitotarvikkeet ja valjaat','Hoitotarvikkeet ja valjaat','Hoitotarvikkeet ja valjaat','Hoitotarvikkeet ja valjaat'),(312,4,'Vitamiinit ja yleiskuntovalmisteet','Vitamiinit ja yleiskuntovalmisteet','Vitamiinit ja yleiskuntovalmisteet','Vitamiinit ja yleiskuntovalmisteet','Vitamiinit ja yleiskuntovalmisteet'),(313,4,'Makupalat hampaiden hoitoon','Makupalat hampaiden hoitoon','Makupalat hampaiden hoitoon','Makupalat hampaiden hoitoon','Makupalat hampaiden hoitoon'),(314,4,'Herkkutikut & makupalat','Herkkutikut & makupalat','Herkkutikut & makupalat','Herkkutikut & makupalat','Herkkutikut & makupalat'),(315,4,'Kanit','Kanit','Kanit','Kanit','Kanit'),(316,4,'Kanin ruoka','Kanin ruoka','Kanin ruoka','Kanin ruoka','Kanin ruoka'),(317,4,'Akvaario','Akvaario','Akvaario','Akvaario','Akvaario'),(318,4,'Ruokinta','Ruokinta','Ruokinta','Ruokinta','Ruokinta'),(319,4,'Kissan herkut','Kissan herkut','Kissan herkut','Kissan herkut','Kissan herkut'),(320,4,'Herkut','Herkut','Herkut','Herkut','Herkut'),(321,4,'Breed-roturuoat','Breed-roturuoat','Breed-roturuoat','Breed-roturuoat','Breed-roturuoat'),(322,4,'Koiran pannat','Koiran pannat','Koiran pannat','Koiran pannat','Koiran pannat'),(323,4,'Emo ja pennut','Emo ja pennut','Emo ja pennut','Emo ja pennut','Emo ja pennut'),(324,4,'Shampoot','Shampoot','Shampoot','Shampoot','Shampoot'),(325,4,'Vesilelut','Vesilelut','Vesilelut','Vesilelut','Vesilelut'),(326,4,'Nimilaatat','Nimilaatat','Nimilaatat','Nimilaatat','Nimilaatat'),(327,4,'Kuivatut eläintenosat','Kuivatut eläintenosat','Kuivatut eläintenosat','Kuivatut eläintenosat','Kuivatut eläintenosat'),(328,4,'Kissanpennut','Kissanpennut','Kissanpennut','Kissanpennut','Kissanpennut'),(329,4,'Autoilutuotteet','Autoilutuotteet','Autoilutuotteet','Autoilutuotteet','Autoilutuotteet'),(330,4,'Trimmauskoneet ja -terät','Trimmauskoneet ja -terät','Trimmauskoneet ja -terät','Trimmauskoneet ja -terät','Trimmauskoneet ja -terät'),(331,4,'Kissanhiekat','Kissanhiekat','Kissanhiekat','Kissanhiekat','Kissanhiekat'),(332,4,'Koiran vaatteet','Koiran vaatteet','Koiran vaatteet','Koiran vaatteet','Koiran vaatteet'),(333,4,'Treeniliivit ja -tarvikkeet','Treeniliivit ja -tarvikkeet','Treeniliivit ja -tarvikkeet','Treeniliivit ja -tarvikkeet','Treeniliivit ja -tarvikkeet'),(334,4,'Koiran hyvinvointi ja terveys','Koiran hyvinvointi ja terveys','Koiran hyvinvointi ja terveys','Koiran hyvinvointi ja terveys','Koiran hyvinvointi ja terveys'),(335,4,'Iho, haavat ja ensiapu','Iho, haavat ja ensiapu','Iho, haavat ja ensiapu','Iho, haavat ja ensiapu','Iho, haavat ja ensiapu'),(336,4,'Hoitoaineet ja viimeistelytuotteet','Hoitoaineet ja viimeistelytuotteet','Hoitoaineet ja viimeistelytuotteet','Hoitoaineet ja viimeistelytuotteet','Hoitoaineet ja viimeistelytuotteet'),(337,4,'Kissan asuminen ja matkustus','Kissan asuminen ja matkustus','Kissan asuminen ja matkustus','Kissan asuminen ja matkustus','Kissan asuminen ja matkustus'),(338,4,'Kiipeilypuut ja raapimapuut','Kiipeilypuut ja raapimapuut','Kiipeilypuut ja raapimapuut','Kiipeilypuut ja raapimapuut','Kiipeilypuut ja raapimapuut'),(339,4,'Pieneläinten asuminen','Pieneläinten asuminen','Pieneläinten asuminen','Pieneläinten asuminen','Pieneläinten asuminen'),(340,4,'Häkit ja terraariot','Häkit ja terraariot','Häkit ja terraariot','Häkit ja terraariot','Häkit ja terraariot'),(341,4,'Koiraportit ja aitaukset','Koiraportit ja aitaukset','Koiraportit ja aitaukset','Koiraportit ja aitaukset','Koiraportit ja aitaukset'),(342,4,'Trimmaussakset ja -veitset','Trimmaussakset ja -veitset','Trimmaussakset ja -veitset','Trimmaussakset ja -veitset','Trimmaussakset ja -veitset'),(343,4,'Kissan luukut','Kissan luukut','Kissan luukut','Kissan luukut','Kissan luukut'),(344,4,'Feline Care Nutrition – erityistarpeisiin','Feline Care Nutrition – erityistarpeisiin','Feline Care Nutrition – erityistarpeisiin','Feline Care Nutrition – erityistarpeisiin','Feline Care Nutrition – erityistarpeisiin'),(345,4,'Öljyvalmisteet','Öljyvalmisteet','Öljyvalmisteet','Öljyvalmisteet','Öljyvalmisteet'),(346,4,'Muut tuotteet koiran koulutukseen','Muut tuotteet koiran koulutukseen','Muut tuotteet koiran koulutukseen','Muut tuotteet koiran koulutukseen','Muut tuotteet koiran koulutukseen'),(347,4,'Medium','Medium','Medium','Medium','Medium'),(348,4,'Raakaruoka','Raakaruoka','Raakaruoka','Raakaruoka','Raakaruoka'),(349,4,'Vitamiinit ja lisäravinteet','Vitamiinit ja lisäravinteet','Vitamiinit ja lisäravinteet','Vitamiinit ja lisäravinteet','Vitamiinit ja lisäravinteet'),(350,4,'Hiiret','Hiiret','Hiiret','Hiiret','Hiiret'),(351,4,'Häkkitarvikkeet ja lelut','Häkkitarvikkeet ja lelut','Häkkitarvikkeet ja lelut','Häkkitarvikkeet ja lelut','Häkkitarvikkeet ja lelut'),(352,4,'Muut lisävarusteet häkkiin','Muut lisävarusteet häkkiin','Muut lisävarusteet häkkiin','Muut lisävarusteet häkkiin','Muut lisävarusteet häkkiin'),(353,4,'Koiran valjaat','Koiran valjaat','Koiran valjaat','Koiran valjaat','Koiran valjaat'),(354,4,'Silmien ja korvienhoito','Silmien ja korvienhoito','Silmien ja korvienhoito','Silmien ja korvienhoito','Silmien ja korvienhoito'),(355,4,'Lelut','Lelut','Lelut','Lelut','Lelut'),(356,4,'Vatsan ja suoliston hyvinvointi','Vatsan ja suoliston hyvinvointi','Vatsan ja suoliston hyvinvointi','Vatsan ja suoliston hyvinvointi','Vatsan ja suoliston hyvinvointi'),(357,4,'Ulkoloiset','Ulkoloiset','Ulkoloiset','Ulkoloiset','Ulkoloiset'),(358,4,'Feline Health Nutrition -täysravinnot','Feline Health Nutrition -täysravinnot','Feline Health Nutrition -täysravinnot','Feline Health Nutrition -täysravinnot','Feline Health Nutrition -täysravinnot'),(359,4,'Latexlelut','Latexlelut','Latexlelut','Latexlelut','Latexlelut'),(360,4,'Turkinhoito','Turkinhoito','Turkinhoito','Turkinhoito','Turkinhoito'),(361,4,'Hamsterin herkut','Hamsterin herkut','Hamsterin herkut','Hamsterin herkut','Hamsterin herkut'),(362,4,'Mini','Mini','Mini','Mini','Mini'),(363,4,'X-Small','X-Small','X-Small','X-Small','X-Small'),(364,4,'Kuivikkeet ja purut','Kuivikkeet ja purut','Kuivikkeet ja purut','Kuivikkeet ja purut','Kuivikkeet ja purut'),(365,4,'Giant','Giant','Giant','Giant','Giant'),(366,4,'Haukunestopannat','Haukunestopannat','Haukunestopannat','Haukunestopannat','Haukunestopannat'),(367,4,'Muut tuotteet lemmikinomistajille','Muut tuotteet lemmikinomistajille','Muut tuotteet lemmikinomistajille','Muut tuotteet lemmikinomistajille','Muut tuotteet lemmikinomistajille'),(368,4,'Puruluut','Puruluut','Puruluut','Puruluut','Puruluut'),(369,4,'Vedonestovaljaat','Vedonestovaljaat','Vedonestovaljaat','Vedonestovaljaat','Vedonestovaljaat'),(370,4,'Valjaat','Valjaat','Valjaat','Valjaat','Valjaat'),(371,4,'Marsut','Marsut','Marsut','Marsut','Marsut'),(372,4,'Marsun herkut','Marsun herkut','Marsun herkut','Marsun herkut','Marsun herkut'),(373,4,'Pallot','Pallot','Pallot','Pallot','Pallot'),(374,4,'Mökit ja pedit','Mökit ja pedit','Mökit ja pedit','Mökit ja pedit','Mökit ja pedit'),(375,4,'Lintujen hyvinvointi ja hoito','Lintujen hyvinvointi ja hoito','Lintujen hyvinvointi ja hoito','Lintujen hyvinvointi ja hoito','Lintujen hyvinvointi ja hoito'),(376,4,'Häkit','Häkit','Häkit','Häkit','Häkit'),(377,4,'Kissan pedit','Kissan pedit','Kissan pedit','Kissan pedit','Kissan pedit'),(378,4,'Heinät ja heinätuotteet','Heinät ja heinätuotteet','Heinät ja heinätuotteet','Heinät ja heinätuotteet','Heinät ja heinätuotteet'),(379,4,'Koiran hygienia','Koiran hygienia','Koiran hygienia','Koiran hygienia','Koiran hygienia'),(380,4,'Muut hygieniatuotteet','Muut hygieniatuotteet','Muut hygieniatuotteet','Muut hygieniatuotteet','Muut hygieniatuotteet'),(381,4,'Hampaiden ja suunhoito','Hampaiden ja suunhoito','Hampaiden ja suunhoito','Hampaiden ja suunhoito','Hampaiden ja suunhoito'),(382,4,'Stressi ja pelkotilat','Stressi ja pelkotilat','Stressi ja pelkotilat','Stressi ja pelkotilat','Stressi ja pelkotilat'),(383,4,'Kissan taluttimet','Kissan taluttimet','Kissan taluttimet','Kissan taluttimet','Kissan taluttimet'),(384,4,'Muut tuotteet asumiseen ja matkustukseen','Muut tuotteet asumiseen ja matkustukseen','Muut tuotteet asumiseen ja matkustukseen','Muut tuotteet asumiseen ja matkustukseen','Muut tuotteet asumiseen ja matkustukseen'),(385,4,'Kissan kaulapannat','Kissan kaulapannat','Kissan kaulapannat','Kissan kaulapannat','Kissan kaulapannat'),(386,4,'Kengät ja tossut','Kengät ja tossut','Kengät ja tossut','Kengät ja tossut','Kengät ja tossut'),(387,4,'Kanin herkut','Kanin herkut','Kanin herkut','Kanin herkut','Kanin herkut'),(388,4,'Kynsien ja tassujenhoito','Kynsien ja tassujenhoito','Kynsien ja tassujenhoito','Kynsien ja tassujenhoito','Kynsien ja tassujenhoito'),(389,4,'Koirahäkit ja kantoboksit','Koirahäkit ja kantoboksit','Koirahäkit ja kantoboksit','Koirahäkit ja kantoboksit','Koirahäkit ja kantoboksit'),(390,4,'Juoksu- ja poikasuojat','Juoksu- ja poikasuojat','Juoksu- ja poikasuojat','Juoksu- ja poikasuojat','Juoksu- ja poikasuojat'),(391,4,'Kanin häkit','Kanin häkit','Kanin häkit','Kanin häkit','Kanin häkit'),(392,4,'Akvaariotarvikkeet','Akvaariotarvikkeet','Akvaariotarvikkeet','Akvaariotarvikkeet','Akvaariotarvikkeet'),(393,4,'Muut turkinhoito ja trimmaustuotteet','Muut turkinhoito ja trimmaustuotteet','Muut turkinhoito ja trimmaustuotteet','Muut turkinhoito ja trimmaustuotteet','Muut turkinhoito ja trimmaustuotteet'),(394,4,'Lisäravinteet','Lisäravinteet','Lisäravinteet','Lisäravinteet','Lisäravinteet'),(395,4,'Marsun ruoka','Marsun ruoka','Marsun ruoka','Marsun ruoka','Marsun ruoka'),(396,4,'Muut tuotteet ulkoiluun','Muut tuotteet ulkoiluun','Muut tuotteet ulkoiluun','Muut tuotteet ulkoiluun','Muut tuotteet ulkoiluun'),(397,4,'Lintujen asuminen','Lintujen asuminen','Lintujen asuminen','Lintujen asuminen','Lintujen asuminen'),(398,4,'Lintujen herkut','Lintujen herkut','Lintujen herkut','Lintujen herkut','Lintujen herkut'),(399,4,'Muut tuotteet ulkoiluun ja kuljetukseen','Muut tuotteet ulkoiluun ja kuljetukseen','Muut tuotteet ulkoiluun ja kuljetukseen','Muut tuotteet ulkoiluun ja kuljetukseen','Muut tuotteet ulkoiluun ja kuljetukseen'),(400,4,'Pieneläinten hyvinvointi ja hoito','Pieneläinten hyvinvointi ja hoito','Pieneläinten hyvinvointi ja hoito','Pieneläinten hyvinvointi ja hoito','Pieneläinten hyvinvointi ja hoito'),(401,4,'Musti ja Mirri','Musti ja Mirri','Musti ja Mirri','Musti ja Mirri','Musti ja Mirri'),(402,4,'Reput','Reput','Reput','Reput','Reput'),(403,4,'Kuonopannat','Kuonopannat','Kuonopannat','Kuonopannat','Kuonopannat'),(404,4,'Akvaariokalojen hyvinvointi ja hoito','Akvaariokalojen hyvinvointi ja hoito','Akvaariokalojen hyvinvointi ja hoito','Akvaariokalojen hyvinvointi ja hoito','Akvaariokalojen hyvinvointi ja hoito'),(405,4,'Alustat ja siisteys','Alustat ja siisteys','Alustat ja siisteys','Alustat ja siisteys','Alustat ja siisteys'),(406,4,'Lisävarusteet häkkiin','Lisävarusteet häkkiin','Lisävarusteet häkkiin','Lisävarusteet häkkiin','Lisävarusteet häkkiin'),(407,4,'Kantoboksit ja kantokassit','Kantoboksit ja kantokassit','Kantoboksit ja kantokassit','Kantoboksit ja kantokassit','Kantoboksit ja kantokassit'),(408,4,'Kissankellot ja tunnistekapselit','Kissankellot ja tunnistekapselit','Kissankellot ja tunnistekapselit','Kissankellot ja tunnistekapselit','Kissankellot ja tunnistekapselit'),(409,4,'Kuonokopat','Kuonokopat','Kuonokopat','Kuonokopat','Kuonokopat'),(410,4,'Marraskuun tarjoukset','Marraskuun tarjoukset','Marraskuun tarjoukset','Marraskuun tarjoukset','Marraskuun tarjoukset'),(411,4,'Turkinhoitotarvikkeet','Turkinhoitotarvikkeet','Turkinhoitotarvikkeet','Turkinhoitotarvikkeet','Turkinhoitotarvikkeet');
/*!40000 ALTER TABLE `oc_category_description` ENABLE KEYS */;
UNLOCK TABLES;

--
-- Table structure for table `oc_category_filter`
--

DROP TABLE IF EXISTS `oc_category_filter`;
/*!40101 SET @saved_cs_client     = @@character_set_client */;
/*!40101 SET character_set_client = utf8 */;
CREATE TABLE `oc_category_filter` (
  `category_id` int(11) NOT NULL,
  `filter_id` int(11) NOT NULL,
  PRIMARY KEY (`category_id`,`filter_id`)
) ENGINE=MyISAM DEFAULT CHARSET=utf8;
/*!40101 SET character_set_client = @saved_cs_client */;

--
-- Dumping data for table `oc_category_filter`
--

LOCK TABLES `oc_category_filter` WRITE;
/*!40000 ALTER TABLE `oc_category_filter` DISABLE KEYS */;
INSERT INTO `oc_category_filter` VALUES (247,1),(247,2),(247,3),(247,4),(247,5),(247,6),(247,7),(247,8),(247,9),(247,10),(247,11),(247,12),(248,1),(248,2),(248,3),(248,4),(248,5),(248,6),(248,7),(248,8),(248,9),(248,10),(248,11),(248,12),(249,1),(249,2),(249,3),(249,4),(249,5),(249,6),(249,7),(249,8),(249,9),(249,10),(249,11),(249,12),(250,1),(250,2),(250,3),(250,4),(250,5),(250,6),(250,7),(250,8),(250,9),(250,10),(250,11),(250,12),(251,1),(251,2),(251,3),(251,4),(251,5),(251,6),(251,7),(251,8),(251,9),(251,10),(251,11),(251,12),(252,1),(252,2),(252,3),(252,4),(252,5),(252,6),(252,7),(252,8),(252,9),(252,10),(252,11),(252,12),(253,1),(253,2),(253,3),(253,4),(253,5),(253,6),(253,7),(253,8),(253,9),(253,10),(253,11),(253,12),(254,1),(254,2),(254,3),(254,4),(254,5),(254,6),(254,7),(254,8),(254,9),(254,10),(254,11),(254,12),(255,1),(255,2),(255,3),(255,4),(255,5),(255,6),(255,7),(255,8),(255,9),(255,10),(255,11),(255,12),(256,1),(256,2),(256,3),(256,4),(256,5),(256,6),(256,7),(256,8),(256,9),(256,10),(256,11),(256,12),(257,1),(257,2),(257,3),(257,4),(257,5),(257,6),(257,7),(257,8),(257,9),(257,10),(257,11),(257,12),(258,1),(258,2),(258,3),(258,4),(258,5),(258,6),(258,7),(258,8),(258,9),(258,10),(258,11),(258,12),(259,1),(259,2),(259,3),(259,4),(259,5),(259,6),(259,7),(259,8),(259,9),(259,10),(259,11),(259,12),(260,1),(260,2),(260,3),(260,4),(260,5),(260,6),(260,7),(260,8),(260,9),(260,10),(260,11),(260,12),(261,1),(261,2),(261,3),(261,4),(261,5),(261,6),(261,7),(261,8),(261,9),(261,10),(261,11),(261,12),(262,1),(262,2),(262,3),(262,4),(262,5),(262,6),(262,7),(262,8),(262,9),(262,10),(262,11),(262,12),(263,1),(263,2),(263,3),(263,4),(263,5),(263,6),(263,7),(263,8),(263,9),(263,10),(263,11),(263,12),(264,1),(264,2),(264,3),(264,4),(264,5),(264,6),(264,7),(264,8),(264,9),(264,10),(264,11),(264,12),(265,1),(265,2),(265,3),(265,4),(265,5),(265,6),(265,7),(265,8),(265,9),(265,10),(265,11),(265,12),(266,1),(266,2),(266,3),(266,4),(266,5),(266,6),(266,7),(266,8),(266,9),(266,10),(266,11),(266,12),(267,1),(267,2),(267,3),(267,4),(267,5),(267,6),(267,7),(267,8),(267,9),(267,10),(267,11),(267,12),(268,1),(268,2),(268,3),(268,4),(268,5),(268,6),(268,7),(268,8),(268,9),(268,10),(268,11),(268,12),(269,1),(269,2),(269,3),(269,4),(269,5),(269,6),(269,7),(269,8),(269,9),(269,10),(269,11),(269,12),(270,1),(270,2),(270,3),(270,4),(270,5),(270,6),(270,7),(270,8),(270,9),(270,10),(270,11),(270,12),(271,1),(271,2),(271,3),(271,4),(271,5),(271,6),(271,7),(271,8),(271,9),(271,10),(271,11),(271,12),(272,1),(272,2),(272,3),(272,4),(272,5),(272,6),(272,7),(272,8),(272,9),(272,10),(272,11),(272,12),(273,1),(273,2),(273,3),(273,4),(273,5),(273,6),(273,7),(273,8),(273,9),(273,10),(273,11),(273,12),(274,1),(274,2),(274,3),(274,4),(274,5),(274,6),(274,7),(274,8),(274,9),(274,10),(274,11),(274,12),(275,1),(275,2),(275,3),(275,4),(275,5),(275,6),(275,7),(275,8),(275,9),(275,10),(275,11),(275,12),(276,1),(276,2),(276,3),(276,4),(276,5),(276,6),(276,7),(276,8),(276,9),(276,10),(276,11),(276,12),(277,1),(277,2),(277,3),(277,4),(277,5),(277,6),(277,7),(277,8),(277,9),(277,10),(277,11),(277,12),(278,1),(278,2),(278,3),(278,4),(278,5),(278,6),(278,7),(278,8),(278,9),(278,10),(278,11),(278,12),(279,1),(279,2),(279,3),(279,4),(279,5),(279,6),(279,7),(279,8),(279,9),(279,10),(279,11),(279,12),(280,1),(280,2),(280,3),(280,4),(280,5),(280,6),(280,7),(280,8),(280,9),(280,10),(280,11),(280,12),(281,1),(281,2),(281,3),(281,4),(281,5),(281,6),(281,7),(281,8),(281,9),(281,10),(281,11),(281,12),(282,1),(282,2),(282,3),(282,4),(282,5),(282,6),(282,7),(282,8),(282,9),(282,10),(282,11),(282,12),(283,1),(283,2),(283,3),(283,4),(283,5),(283,6),(283,7),(283,8),(283,9),(283,10),(283,11),(283,12),(284,1),(284,2),(284,3),(284,4),(284,5),(284,6),(284,7),(284,8),(284,9),(284,10),(284,11),(284,12),(285,1),(285,2),(285,3),(285,4),(285,5),(285,6),(285,7),(285,8),(285,9),(285,10),(285,11),(285,12),(286,1),(286,2),(286,3),(286,4),(286,5),(286,6),(286,7),(286,8),(286,9),(286,10),(286,11),(286,12),(287,1),(287,2),(287,3),(287,4),(287,5),(287,6),(287,7),(287,8),(287,9),(287,10),(287,11),(287,12),(288,1),(288,2),(288,3),(288,4),(288,5),(288,6),(288,7),(288,8),(288,9),(288,10),(288,11),(288,12),(289,1),(289,2),(289,3),(289,4),(289,5),(289,6),(289,7),(289,8),(289,9),(289,10),(289,11),(289,12),(290,1),(290,2),(290,3),(290,4),(290,5),(290,6),(290,7),(290,8),(290,9),(290,10),(290,11),(290,12),(291,1),(291,2),(291,3),(291,4),(291,5),(291,6),(291,7),(291,8),(291,9),(291,10),(291,11),(291,12),(292,1),(292,2),(292,3),(292,4),(292,5),(292,6),(292,7),(292,8),(292,9),(292,10),(292,11),(292,12),(293,1),(293,2),(293,3),(293,4),(293,5),(293,6),(293,7),(293,8),(293,9),(293,10),(293,11),(293,12),(294,1),(294,2),(294,3),(294,4),(294,5),(294,6),(294,7),(294,8),(294,9),(294,10),(294,11),(294,12),(295,1),(295,2),(295,3),(295,4),(295,5),(295,6),(295,7),(295,8),(295,9),(295,10),(295,11),(295,12),(296,1),(296,2),(296,3),(296,4),(296,5),(296,6),(296,7),(296,8),(296,9),(296,10),(296,11),(296,12),(297,1),(297,2),(297,3),(297,4),(297,5),(297,6),(297,7),(297,8),(297,9),(297,10),(297,11),(297,12),(298,1),(298,2),(298,3),(298,4),(298,5),(298,6),(298,7),(298,8),(298,9),(298,10),(298,11),(298,12),(299,1),(299,2),(299,3),(299,4),(299,5),(299,6),(299,7),(299,8),(299,9),(299,10),(299,11),(299,12),(300,1),(300,2),(300,3),(300,4),(300,5),(300,6),(300,7),(300,8),(300,9),(300,10),(300,11),(300,12),(301,1),(301,2),(301,3),(301,4),(301,5),(301,6),(301,7),(301,8),(301,9),(301,10),(301,11),(301,12),(302,1),(302,2),(302,3),(302,4),(302,5),(302,6),(302,7),(302,8),(302,9),(302,10),(302,11),(302,12),(303,1),(303,2),(303,3),(303,4),(303,5),(303,6),(303,7),(303,8),(303,9),(303,10),(303,11),(303,12),(304,1),(304,2),(304,3),(304,4),(304,5),(304,6),(304,7),(304,8),(304,9),(304,10),(304,11),(304,12),(305,1),(305,2),(305,3),(305,4),(305,5),(305,6),(305,7),(305,8),(305,9),(305,10),(305,11),(305,12),(306,1),(306,2),(306,3),(306,4),(306,5),(306,6),(306,7),(306,8),(306,9),(306,10),(306,11),(306,12),(307,1),(307,2),(307,3),(307,4),(307,5),(307,6),(307,7),(307,8),(307,9),(307,10),(307,11),(307,12),(308,1),(308,2),(308,3),(308,4),(308,5),(308,6),(308,7),(308,8),(308,9),(308,10),(308,11),(308,12),(309,1),(309,2),(309,3),(309,4),(309,5),(309,6),(309,7),(309,8),(309,9),(309,10),(309,11),(309,12),(310,1),(310,2),(310,3),(310,4),(310,5),(310,6),(310,7),(310,8),(310,9),(310,10),(310,11),(310,12),(311,1),(311,2),(311,3),(311,4),(311,5),(311,6),(311,7),(311,8),(311,9),(311,10),(311,11),(311,12),(312,1),(312,2),(312,3),(312,4),(312,5),(312,6),(312,7),(312,8),(312,9),(312,10),(312,11),(312,12),(313,1),(313,2),(313,3),(313,4),(313,5),(313,6),(313,7),(313,8),(313,9),(313,10),(313,11),(313,12),(314,1),(314,2),(314,3),(314,4),(314,5),(314,6),(314,7),(314,8),(314,9),(314,10),(314,11),(314,12),(315,1),(315,2),(315,3),(315,4),(315,5),(315,6),(315,7),(315,8),(315,9),(315,10),(315,11),(315,12),(316,1),(316,2),(316,3),(316,4),(316,5),(316,6),(316,7),(316,8),(316,9),(316,10),(316,11),(316,12),(317,1),(317,2),(317,3),(317,4),(317,5),(317,6),(317,7),(317,8),(317,9),(317,10),(317,11),(317,12),(318,1),(318,2),(318,3),(318,4),(318,5),(318,6),(318,7),(318,8),(318,9),(318,10),(318,11),(318,12),(319,1),(319,2),(319,3),(319,4),(319,5),(319,6),(319,7),(319,8),(319,9),(319,10),(319,11),(319,12),(320,1),(320,2),(320,3),(320,4),(320,5),(320,6),(320,7),(320,8),(320,9),(320,10),(320,11),(320,12),(321,1),(321,2),(321,3),(321,4),(321,5),(321,6),(321,7),(321,8),(321,9),(321,10),(321,11),(321,12),(322,1),(322,2),(322,3),(322,4),(322,5),(322,6),(322,7),(322,8),(322,9),(322,10),(322,11),(322,12),(323,1),(323,2),(323,3),(323,4),(323,5),(323,6),(323,7),(323,8),(323,9),(323,10),(323,11),(323,12),(324,1),(324,2),(324,3),(324,4),(324,5),(324,6),(324,7),(324,8),(324,9),(324,10),(324,11),(324,12),(325,1),(325,2),(325,3),(325,4),(325,5),(325,6),(325,7),(325,8),(325,9),(325,10),(325,11),(325,12),(326,1),(326,2),(326,3),(326,4),(326,5),(326,6),(326,7),(326,8),(326,9),(326,10),(326,11),(326,12),(327,1),(327,2),(327,3),(327,4),(327,5),(327,6),(327,7),(327,8),(327,9),(327,10),(327,11),(327,12),(328,1),(328,2),(328,3),(328,4),(328,5),(328,6),(328,7),(328,8),(328,9),(328,10),(328,11),(328,12),(329,1),(329,2),(329,3),(329,4),(329,5),(329,6),(329,7),(329,8),(329,9),(329,10),(329,11),(329,12),(330,1),(330,2),(330,3),(330,4),(330,5),(330,6),(330,7),(330,8),(330,9),(330,10),(330,11),(330,12),(331,1),(331,2),(331,3),(331,4),(331,5),(331,6),(331,7),(331,8),(331,9),(331,10),(331,11),(331,12),(332,1),(332,2),(332,3),(332,4),(332,5),(332,6),(332,7),(332,8),(332,9),(332,10),(332,11),(332,12),(333,1),(333,2),(333,3),(333,4),(333,5),(333,6),(333,7),(333,8),(333,9),(333,10),(333,11),(333,12),(334,1),(334,2),(334,3),(334,4),(334,5),(334,6),(334,7),(334,8),(334,9),(334,10),(334,11),(334,12),(335,1),(335,2),(335,3),(335,4),(335,5),(335,6),(335,7),(335,8),(335,9),(335,10),(335,11),(335,12),(336,1),(336,2),(336,3),(336,4),(336,5),(336,6),(336,7),(336,8),(336,9),(336,10),(336,11),(336,12),(337,1),(337,2),(337,3),(337,4),(337,5),(337,6),(337,7),(337,8),(337,9),(337,10),(337,11),(337,12),(338,1),(338,2),(338,3),(338,4),(338,5),(338,6),(338,7),(338,8),(338,9),(338,10),(338,11),(338,12),(339,1),(339,2),(339,3),(339,4),(339,5),(339,6),(339,7),(339,8),(339,9),(339,10),(339,11),(339,12),(340,1),(340,2),(340,3),(340,4),(340,5),(340,6),(340,7),(340,8),(340,9),(340,10),(340,11),(340,12),(341,1),(341,2),(341,3),(341,4),(341,5),(341,6),(341,7),(341,8),(341,9),(341,10),(341,11),(341,12),(342,1),(342,2),(342,3),(342,4),(342,5),(342,6),(342,7),(342,8),(342,9),(342,10),(342,11),(342,12),(343,1),(343,2),(343,3),(343,4),(343,5),(343,6),(343,7),(343,8),(343,9),(343,10),(343,11),(343,12),(344,1),(344,2),(344,3),(344,4),(344,5),(344,6),(344,7),(344,8),(344,9),(344,10),(344,11),(344,12),(345,1),(345,2),(345,3),(345,4),(345,5),(345,6),(345,7),(345,8),(345,9),(345,10),(345,11),(345,12),(346,1),(346,2),(346,3),(346,4),(346,5),(346,6),(346,7),(346,8),(346,9),(346,10),(346,11),(346,12),(347,1),(347,2),(347,3),(347,4),(347,5),(347,6),(347,7),(347,8),(347,9),(347,10),(347,11),(347,12),(348,1),(348,2),(348,3),(348,4),(348,5),(348,6),(348,7),(348,8),(348,9),(348,10),(348,11),(348,12),(349,1),(349,2),(349,3),(349,4),(349,5),(349,6),(349,7),(349,8),(349,9),(349,10),(349,11),(349,12),(350,1),(350,2),(350,3),(350,4),(350,5),(350,6),(350,7),(350,8),(350,9),(350,10),(350,11),(350,12),(351,1),(351,2),(351,3),(351,4),(351,5),(351,6),(351,7),(351,8),(351,9),(351,10),(351,11),(351,12),(352,1),(352,2),(352,3),(352,4),(352,5),(352,6),(352,7),(352,8),(352,9),(352,10),(352,11),(352,12),(353,1),(353,2),(353,3),(353,4),(353,5),(353,6),(353,7),(353,8),(353,9),(353,10),(353,11),(353,12),(354,1),(354,2),(354,3),(354,4),(354,5),(354,6),(354,7),(354,8),(354,9),(354,10),(354,11),(354,12),(355,1),(355,2),(355,3),(355,4),(355,5),(355,6),(355,7),(355,8),(355,9),(355,10),(355,11),(355,12),(356,1),(356,2),(356,3),(356,4),(356,5),(356,6),(356,7),(356,8),(356,9),(356,10),(356,11),(356,12),(357,1),(357,2),(357,3),(357,4),(357,5),(357,6),(357,7),(357,8),(357,9),(357,10),(357,11),(357,12),(358,1),(358,2),(358,3),(358,4),(358,5),(358,6),(358,7),(358,8),(358,9),(358,10),(358,11),(358,12),(359,1),(359,2),(359,3),(359,4),(359,5),(359,6),(359,7),(359,8),(359,9),(359,10),(359,11),(359,12),(360,1),(360,2),(360,3),(360,4),(360,5),(360,6),(360,7),(360,8),(360,9),(360,10),(360,11),(360,12),(361,1),(361,2),(361,3),(361,4),(361,5),(361,6),(361,7),(361,8),(361,9),(361,10),(361,11),(361,12),(362,1),(362,2),(362,3),(362,4),(362,5),(362,6),(362,7),(362,8),(362,9),(362,10),(362,11),(362,12),(363,1),(363,2),(363,3),(363,4),(363,5),(363,6),(363,7),(363,8),(363,9),(363,10),(363,11),(363,12),(364,1),(364,2),(364,3),(364,4),(364,5),(364,6),(364,7),(364,8),(364,9),(364,10),(364,11),(364,12),(365,1),(365,2),(365,3),(365,4),(365,5),(365,6),(365,7),(365,8),(365,9),(365,10),(365,11),(365,12),(366,1),(366,2),(366,3),(366,4),(366,5),(366,6),(366,7),(366,8),(366,9),(366,10),(366,11),(366,12),(367,1),(367,2),(367,3),(367,4),(367,5),(367,6),(367,7),(367,8),(367,9),(367,10),(367,11),(367,12),(368,1),(368,2),(368,3),(368,4),(368,5),(368,6),(368,7),(368,8),(368,9),(368,10),(368,11),(368,12),(369,1),(369,2),(369,3),(369,4),(369,5),(369,6),(369,7),(369,8),(369,9),(369,10),(369,11),(369,12),(370,1),(370,2),(370,3),(370,4),(370,5),(370,6),(370,7),(370,8),(370,9),(370,10),(370,11),(370,12),(371,1),(371,2),(371,3),(371,4),(371,5),(371,6),(371,7),(371,8),(371,9),(371,10),(371,11),(371,12),(372,1),(372,2),(372,3),(372,4),(372,5),(372,6),(372,7),(372,8),(372,9),(372,10),(372,11),(372,12),(373,1),(373,2),(373,3),(373,4),(373,5),(373,6),(373,7),(373,8),(373,9),(373,10),(373,11),(373,12),(374,1),(374,2),(374,3),(374,4),(374,5),(374,6),(374,7),(374,8),(374,9),(374,10),(374,11),(374,12),(375,1),(375,2),(375,3),(375,4),(375,5),(375,6),(375,7),(375,8),(375,9),(375,10),(375,11),(375,12),(376,1),(376,2),(376,3),(376,4),(376,5),(376,6),(376,7),(376,8),(376,9),(376,10),(376,11),(376,12),(377,1),(377,2),(377,3),(377,4),(377,5),(377,6),(377,7),(377,8),(377,9),(377,10),(377,11),(377,12),(378,1),(378,2),(378,3),(378,4),(378,5),(378,6),(378,7),(378,8),(378,9),(378,10),(378,11),(378,12),(379,1),(379,2),(379,3),(379,4),(379,5),(379,6),(379,7),(379,8),(379,9),(379,10),(379,11),(379,12),(380,1),(380,2),(380,3),(380,4),(380,5),(380,6),(380,7),(380,8),(380,9),(380,10),(380,11),(380,12),(381,1),(381,2),(381,3),(381,4),(381,5),(381,6),(381,7),(381,8),(381,9),(381,10),(381,11),(381,12),(382,1),(382,2),(382,3),(382,4),(382,5),(382,6),(382,7),(382,8),(382,9),(382,10),(382,11),(382,12),(383,1),(383,2),(383,3),(383,4),(383,5),(383,6),(383,7),(383,8),(383,9),(383,10),(383,11),(383,12),(384,1),(384,2),(384,3),(384,4),(384,5),(384,6),(384,7),(384,8),(384,9),(384,10),(384,11),(384,12),(385,1),(385,2),(385,3),(385,4),(385,5),(385,6),(385,7),(385,8),(385,9),(385,10),(385,11),(385,12),(386,1),(386,2),(386,3),(386,4),(386,5),(386,6),(386,7),(386,8),(386,9),(386,10),(386,11),(386,12),(387,1),(387,2),(387,3),(387,4),(387,5),(387,6),(387,7),(387,8),(387,9),(387,10),(387,11),(387,12),(388,1),(388,2),(388,3),(388,4),(388,5),(388,6),(388,7),(388,8),(388,9),(388,10),(388,11),(388,12),(389,1),(389,2),(389,3),(389,4),(389,5),(389,6),(389,7),(389,8),(389,9),(389,10),(389,11),(389,12),(390,1),(390,2),(390,3),(390,4),(390,5),(390,6),(390,7),(390,8),(390,9),(390,10),(390,11),(390,12),(391,1),(391,2),(391,3),(391,4),(391,5),(391,6),(391,7),(391,8),(391,9),(391,10),(391,11),(391,12),(392,1),(392,2),(392,3),(392,4),(392,5),(392,6),(392,7),(392,8),(392,9),(392,10),(392,11),(392,12),(393,1),(393,2),(393,3),(393,4),(393,5),(393,6),(393,7),(393,8),(393,9),(393,10),(393,11),(393,12),(394,1),(394,2),(394,3),(394,4),(394,5),(394,6),(394,7),(394,8),(394,9),(394,10),(394,11),(394,12),(395,1),(395,2),(395,3),(395,4),(395,5),(395,6),(395,7),(395,8),(395,9),(395,10),(395,11),(395,12),(396,1),(396,2),(396,3),(396,4),(396,5),(396,6),(396,7),(396,8),(396,9),(396,10),(396,11),(396,12),(397,1),(397,2),(397,3),(397,4),(397,5),(397,6),(397,7),(397,8),(397,9),(397,10),(397,11),(397,12),(398,1),(398,2),(398,3),(398,4),(398,5),(398,6),(398,7),(398,8),(398,9),(398,10),(398,11),(398,12),(399,1),(399,2),(399,3),(399,4),(399,5),(399,6),(399,7),(399,8),(399,9),(399,10),(399,11),(399,12),(400,1),(400,2),(400,3),(400,4),(400,5),(400,6),(400,7),(400,8),(400,9),(400,10),(400,11),(400,12),(401,1),(401,2),(401,3),(401,4),(401,5),(401,6),(401,7),(401,8),(401,9),(401,10),(401,11),(401,12),(402,1),(402,2),(402,3),(402,4),(402,5),(402,6),(402,7),(402,8),(402,9),(402,10),(402,11),(402,12),(403,1),(403,2),(403,3),(403,4),(403,5),(403,6),(403,7),(403,8),(403,9),(403,10),(403,11),(403,12),(404,1),(404,2),(404,3),(404,4),(404,5),(404,6),(404,7),(404,8),(404,9),(404,10),(404,11),(404,12),(405,1),(405,2),(405,3),(405,4),(405,5),(405,6),(405,7),(405,8),(405,9),(405,10),(405,11),(405,12),(406,1),(406,2),(406,3),(406,4),(406,5),(406,6),(406,7),(406,8),(406,9),(406,10),(406,11),(406,12),(407,1),(407,2),(407,3),(407,4),(407,5),(407,6),(407,7),(407,8),(407,9),(407,10),(407,11),(407,12),(408,1),(408,2),(408,3),(408,4),(408,5),(408,6),(408,7),(408,8),(408,9),(408,10),(408,11),(408,12),(409,1),(409,2),(409,3),(409,4),(409,5),(409,6),(409,7),(409,8),(409,9),(409,10),(409,11),(409,12),(410,1),(410,2),(410,3),(410,4),(410,5),(410,6),(410,7),(410,8),(410,9),(410,10),(410,11),(410,12),(411,1),(411,2),(411,3),(411,4),(411,5),(411,6),(411,7),(411,8),(411,9),(411,10),(411,11),(411,12);
/*!40000 ALTER TABLE `oc_category_filter` ENABLE KEYS */;
UNLOCK TABLES;

--
-- Table structure for table `oc_category_path`
--

DROP TABLE IF EXISTS `oc_category_path`;
/*!40101 SET @saved_cs_client     = @@character_set_client */;
/*!40101 SET character_set_client = utf8 */;
CREATE TABLE `oc_category_path` (
  `category_id` int(11) NOT NULL,
  `path_id` int(11) NOT NULL,
  `level` int(11) NOT NULL,
  PRIMARY KEY (`category_id`,`path_id`)
) ENGINE=MyISAM DEFAULT CHARSET=utf8;
/*!40101 SET character_set_client = @saved_cs_client */;

--
-- Dumping data for table `oc_category_path`
--

LOCK TABLES `oc_category_path` WRITE;
/*!40000 ALTER TABLE `oc_category_path` DISABLE KEYS */;
INSERT INTO `oc_category_path` VALUES (247,247,0),(248,247,0),(248,248,1),(249,247,0),(249,248,1),(249,249,2),(250,250,0),(251,250,0),(251,251,0),(252,250,0),(252,251,1),(252,252,0),(253,253,0),(254,253,0),(254,250,1),(254,254,0),(255,247,0),(255,255,1),(256,256,0),(257,256,0),(257,257,0),(258,256,0),(258,257,1),(258,258,0),(259,247,0),(259,248,1),(259,259,2),(260,247,0),(260,260,0),(261,247,0),(261,260,1),(261,261,0),(262,253,0),(262,247,1),(262,262,0),(263,253,0),(263,247,1),(263,262,2),(263,263,0),(264,250,0),(264,264,0),(265,250,0),(265,264,1),(265,265,0),(266,266,0),(267,266,0),(267,267,0),(268,266,0),(268,267,1),(268,268,0),(269,247,0),(269,248,1),(269,269,2),(270,247,0),(270,270,0),(271,247,0),(271,270,1),(271,271,0),(272,247,0),(272,272,0),(273,247,0),(273,272,1),(273,273,0),(274,247,0),(274,255,1),(274,274,2),(275,250,0),(275,275,0),(276,250,0),(276,275,1),(276,276,0),(277,256,0),(277,277,0),(278,247,0),(278,278,0),(279,247,0),(279,278,1),(279,279,0),(280,247,0),(280,280,0),(281,247,0),(281,280,1),(281,281,0),(282,247,0),(282,260,1),(282,282,0),(283,247,0),(283,255,1),(283,283,2),(284,247,0),(284,248,1),(284,284,2),(285,285,0),(286,285,0),(286,286,0),(287,285,0),(287,286,1),(287,287,0),(288,250,0),(288,288,0),(289,250,0),(289,288,1),(289,289,0),(290,250,0),(290,264,1),(290,290,0),(291,253,0),(291,250,1),(291,291,0),(292,253,0),(292,247,1),(292,292,0),(293,247,0),(293,248,1),(293,293,2),(294,247,0),(294,260,1),(294,294,0),(295,247,0),(295,280,1),(295,295,0),(296,250,0),(296,264,1),(296,296,0),(297,266,0),(297,297,0),(298,266,0),(298,297,1),(298,298,0),(299,247,0),(299,260,1),(299,299,0),(300,247,0),(300,280,1),(300,300,0),(301,247,0),(301,270,1),(301,301,0),(302,302,0),(303,302,0),(303,303,0),(304,250,0),(304,304,0),(305,250,0),(305,304,1),(305,305,0),(306,302,0),(306,306,0),(307,250,0),(307,264,1),(307,307,0),(308,266,0),(308,308,0),(309,266,0),(309,308,1),(309,309,0),(310,250,0),(310,275,1),(310,310,0),(311,266,0),(311,311,0),(312,266,0),(312,311,1),(312,312,0),(313,247,0),(313,272,1),(313,313,0),(314,266,0),(314,267,1),(314,314,0),(315,266,0),(315,315,0),(316,266,0),(316,315,1),(316,316,0),(317,266,0),(317,317,0),(318,266,0),(318,317,1),(318,318,0),(319,250,0),(319,319,0),(320,250,0),(320,319,1),(320,320,0),(321,253,0),(321,247,1),(321,321,0),(322,247,0),(322,260,1),(322,322,0),(323,253,0),(323,247,1),(323,323,0),(324,247,0),(324,270,1),(324,324,0),(325,247,0),(325,248,1),(325,325,2),(326,247,0),(326,260,1),(326,326,0),(327,247,0),(327,272,1),(327,327,0),(328,285,0),(328,328,0),(329,247,0),(329,280,1),(329,329,0),(330,247,0),(330,270,1),(330,330,0),(331,250,0),(331,275,1),(331,331,0),(332,247,0),(332,260,1),(332,332,0),(333,256,0),(333,257,1),(333,333,0),(334,247,0),(334,334,0),(335,247,0),(335,334,1),(335,335,0),(336,247,0),(336,270,1),(336,336,0),(337,250,0),(337,337,0),(338,250,0),(338,337,1),(338,338,0),(339,266,0),(339,339,0),(340,266,0),(340,339,1),(340,340,0),(341,247,0),(341,280,1),(341,341,0),(342,247,0),(342,270,1),(342,342,0),(343,250,0),(343,337,1),(343,343,0),(344,253,0),(344,250,1),(344,344,0),(345,247,0),(345,334,1),(345,345,0),(346,247,0),(346,278,1),(346,346,0),(347,253,0),(347,247,1),(347,347,0),(348,247,0),(348,255,1),(348,348,2),(349,250,0),(349,304,1),(349,349,0),(350,250,0),(350,264,1),(350,350,0),(351,266,0),(351,351,0),(352,266,0),(352,351,1),(352,352,0),(353,247,0),(353,260,1),(353,353,0),(354,247,0),(354,334,1),(354,354,0),(355,266,0),(355,339,1),(355,355,0),(356,247,0),(356,334,1),(356,356,0),(357,250,0),(357,304,1),(357,357,0),(358,253,0),(358,250,1),(358,358,0),(359,247,0),(359,248,1),(359,359,2),(360,266,0),(360,311,1),(360,360,0),(361,266,0),(361,308,1),(361,361,0),(362,253,0),(362,247,1),(362,362,0),(363,253,0),(363,247,1),(363,363,0),(364,266,0),(364,351,1),(364,364,0),(365,253,0),(365,247,1),(365,365,0),(366,247,0),(366,278,1),(366,366,0),(367,256,0),(367,367,0),(368,247,0),(368,272,1),(368,368,0),(369,247,0),(369,278,1),(369,369,0),(370,266,0),(370,311,1),(370,370,0),(371,266,0),(371,371,0),(372,266,0),(372,371,1),(372,372,0),(373,250,0),(373,264,1),(373,373,0),(374,266,0),(374,351,1),(374,374,0),(375,266,0),(375,297,1),(375,375,0),(376,266,0),(376,351,1),(376,376,0),(377,250,0),(377,337,1),(377,377,0),(378,266,0),(378,267,1),(378,378,0),(379,247,0),(379,379,0),(380,247,0),(380,379,1),(380,380,0),(381,247,0),(381,334,1),(381,381,0),(382,250,0),(382,304,1),(382,382,0),(383,250,0),(383,288,1),(383,383,0),(384,247,0),(384,280,1),(384,384,0),(385,250,0),(385,288,1),(385,385,0),(386,247,0),(386,260,1),(386,386,0),(387,266,0),(387,315,1),(387,387,0),(388,247,0),(388,334,1),(388,388,0),(389,247,0),(389,280,1),(389,389,0),(390,247,0),(390,379,1),(390,390,0),(391,266,0),(391,315,1),(391,391,0),(392,266,0),(392,317,1),(392,392,0),(393,247,0),(393,270,1),(393,393,0),(394,253,0),(394,247,1),(394,394,0),(395,266,0),(395,371,1),(395,395,0),(396,247,0),(396,260,1),(396,396,0),(397,266,0),(397,297,1),(397,397,0),(398,266,0),(398,297,1),(398,398,0),(399,266,0),(399,311,1),(399,399,0),(400,266,0),(400,400,0),(401,401,0),(402,247,0),(402,260,1),(402,402,0),(403,247,0),(403,278,1),(403,403,0),(404,266,0),(404,317,1),(404,404,0),(405,247,0),(405,379,1),(405,405,0),(406,266,0),(406,339,1),(406,406,0),(407,250,0),(407,337,1),(407,407,0),(408,250,0),(408,288,1),(408,408,0),(409,247,0),(409,278,1),(409,409,0),(410,302,0),(410,410,0),(411,266,0),(411,400,1),(411,411,0);
/*!40000 ALTER TABLE `oc_category_path` ENABLE KEYS */;
UNLOCK TABLES;

--
-- Table structure for table `oc_category_to_layout`
--

DROP TABLE IF EXISTS `oc_category_to_layout`;
/*!40101 SET @saved_cs_client     = @@character_set_client */;
/*!40101 SET character_set_client = utf8 */;
CREATE TABLE `oc_category_to_layout` (
  `category_id` int(11) NOT NULL,
  `store_id` int(11) NOT NULL,
  `layout_id` int(11) NOT NULL,
  PRIMARY KEY (`category_id`,`store_id`)
) ENGINE=MyISAM DEFAULT CHARSET=utf8;
/*!40101 SET character_set_client = @saved_cs_client */;

--
-- Dumping data for table `oc_category_to_layout`
--

LOCK TABLES `oc_category_to_layout` WRITE;
/*!40000 ALTER TABLE `oc_category_to_layout` DISABLE KEYS */;
INSERT INTO `oc_category_to_layout` VALUES (247,1,0),(247,2,0),(247,3,0),(247,4,0),(247,5,0),(247,6,0),(247,7,0),(248,1,0),(248,2,0),(248,3,0),(248,4,0),(248,5,0),(248,6,0),(248,7,0),(249,1,0),(249,2,0),(249,3,0),(249,4,0),(249,5,0),(249,6,0),(249,7,0),(250,1,0),(250,2,0),(250,3,0),(250,4,0),(250,5,0),(250,6,0),(250,7,0),(251,1,0),(251,2,0),(251,3,0),(251,4,0),(251,5,0),(251,6,0),(251,7,0),(252,1,0),(252,2,0),(252,3,0),(252,4,0),(252,5,0),(252,6,0),(252,7,0),(253,1,0),(253,2,0),(253,3,0),(253,4,0),(253,5,0),(253,6,0),(253,7,0),(254,1,0),(254,2,0),(254,3,0),(254,4,0),(254,5,0),(254,6,0),(254,7,0),(255,1,0),(255,2,0),(255,3,0),(255,4,0),(255,5,0),(255,6,0),(255,7,0),(256,1,0),(256,2,0),(256,3,0),(256,4,0),(256,5,0),(256,6,0),(256,7,0),(257,1,0),(257,2,0),(257,3,0),(257,4,0),(257,5,0),(257,6,0),(257,7,0),(258,1,0),(258,2,0),(258,3,0),(258,4,0),(258,5,0),(258,6,0),(258,7,0),(259,1,0),(259,2,0),(259,3,0),(259,4,0),(259,5,0),(259,6,0),(259,7,0),(260,1,0),(260,2,0),(260,3,0),(260,4,0),(260,5,0),(260,6,0),(260,7,0),(261,1,0),(261,2,0),(261,3,0),(261,4,0),(261,5,0),(261,6,0),(261,7,0),(262,1,0),(262,2,0),(262,3,0),(262,4,0),(262,5,0),(262,6,0),(262,7,0),(263,1,0),(263,2,0),(263,3,0),(263,4,0),(263,5,0),(263,6,0),(263,7,0),(264,1,0),(264,2,0),(264,3,0),(264,4,0),(264,5,0),(264,6,0),(264,7,0),(265,1,0),(265,2,0),(265,3,0),(265,4,0),(265,5,0),(265,6,0),(265,7,0),(266,1,0),(266,2,0),(266,3,0),(266,4,0),(266,5,0),(266,6,0),(266,7,0),(267,1,0),(267,2,0),(267,3,0),(267,4,0),(267,5,0),(267,6,0),(267,7,0),(268,1,0),(268,2,0),(268,3,0),(268,4,0),(268,5,0),(268,6,0),(268,7,0),(269,1,0),(269,2,0),(269,3,0),(269,4,0),(269,5,0),(269,6,0),(269,7,0),(270,1,0),(270,2,0),(270,3,0),(270,4,0),(270,5,0),(270,6,0),(270,7,0),(271,1,0),(271,2,0),(271,3,0),(271,4,0),(271,5,0),(271,6,0),(271,7,0),(272,1,0),(272,2,0),(272,3,0),(272,4,0),(272,5,0),(272,6,0),(272,7,0),(273,1,0),(273,2,0),(273,3,0),(273,4,0),(273,5,0),(273,6,0),(273,7,0),(274,1,0),(274,2,0),(274,3,0),(274,4,0),(274,5,0),(274,6,0),(274,7,0),(275,1,0),(275,2,0),(275,3,0),(275,4,0),(275,5,0),(275,6,0),(275,7,0),(276,1,0),(276,2,0),(276,3,0),(276,4,0),(276,5,0),(276,6,0),(276,7,0),(277,1,0),(277,2,0),(277,3,0),(277,4,0),(277,5,0),(277,6,0),(277,7,0),(278,1,0),(278,2,0),(278,3,0),(278,4,0),(278,5,0),(278,6,0),(278,7,0),(279,1,0),(279,2,0),(279,3,0),(279,4,0),(279,5,0),(279,6,0),(279,7,0),(280,1,0),(280,2,0),(280,3,0),(280,4,0),(280,5,0),(280,6,0),(280,7,0),(281,1,0),(281,2,0),(281,3,0),(281,4,0),(281,5,0),(281,6,0),(281,7,0),(282,1,0),(282,2,0),(282,3,0),(282,4,0),(282,5,0),(282,6,0),(282,7,0),(283,1,0),(283,2,0),(283,3,0),(283,4,0),(283,5,0),(283,6,0),(283,7,0),(284,1,0),(284,2,0),(284,3,0),(284,4,0),(284,5,0),(284,6,0),(284,7,0),(285,1,0),(285,2,0),(285,3,0),(285,4,0),(285,5,0),(285,6,0),(285,7,0),(286,1,0),(286,2,0),(286,3,0),(286,4,0),(286,5,0),(286,6,0),(286,7,0),(287,1,0),(287,2,0),(287,3,0),(287,4,0),(287,5,0),(287,6,0),(287,7,0),(288,1,0),(288,2,0),(288,3,0),(288,4,0),(288,5,0),(288,6,0),(288,7,0),(289,1,0),(289,2,0),(289,3,0),(289,4,0),(289,5,0),(289,6,0),(289,7,0),(290,1,0),(290,2,0),(290,3,0),(290,4,0),(290,5,0),(290,6,0),(290,7,0),(291,1,0),(291,2,0),(291,3,0),(291,4,0),(291,5,0),(291,6,0),(291,7,0),(292,1,0),(292,2,0),(292,3,0),(292,4,0),(292,5,0),(292,6,0),(292,7,0),(293,1,0),(293,2,0),(293,3,0),(293,4,0),(293,5,0),(293,6,0),(293,7,0),(294,1,0),(294,2,0),(294,3,0),(294,4,0),(294,5,0),(294,6,0),(294,7,0),(295,1,0),(295,2,0),(295,3,0),(295,4,0),(295,5,0),(295,6,0),(295,7,0),(296,1,0),(296,2,0),(296,3,0),(296,4,0),(296,5,0),(296,6,0),(296,7,0),(297,1,0),(297,2,0),(297,3,0),(297,4,0),(297,5,0),(297,6,0),(297,7,0),(298,1,0),(298,2,0),(298,3,0),(298,4,0),(298,5,0),(298,6,0),(298,7,0),(299,1,0),(299,2,0),(299,3,0),(299,4,0),(299,5,0),(299,6,0),(299,7,0),(300,1,0),(300,2,0),(300,3,0),(300,4,0),(300,5,0),(300,6,0),(300,7,0),(301,1,0),(301,2,0),(301,3,0),(301,4,0),(301,5,0),(301,6,0),(301,7,0),(302,1,0),(302,2,0),(302,3,0),(302,4,0),(302,5,0),(302,6,0),(302,7,0),(303,1,0),(303,2,0),(303,3,0),(303,4,0),(303,5,0),(303,6,0),(303,7,0),(304,1,0),(304,2,0),(304,3,0),(304,4,0),(304,5,0),(304,6,0),(304,7,0),(305,1,0),(305,2,0),(305,3,0),(305,4,0),(305,5,0),(305,6,0),(305,7,0),(306,1,0),(306,2,0),(306,3,0),(306,4,0),(306,5,0),(306,6,0),(306,7,0),(307,1,0),(307,2,0),(307,3,0),(307,4,0),(307,5,0),(307,6,0),(307,7,0),(308,1,0),(308,2,0),(308,3,0),(308,4,0),(308,5,0),(308,6,0),(308,7,0),(309,1,0),(309,2,0),(309,3,0),(309,4,0),(309,5,0),(309,6,0),(309,7,0),(310,1,0),(310,2,0),(310,3,0),(310,4,0),(310,5,0),(310,6,0),(310,7,0),(311,1,0),(311,2,0),(311,3,0),(311,4,0),(311,5,0),(311,6,0),(311,7,0),(312,1,0),(312,2,0),(312,3,0),(312,4,0),(312,5,0),(312,6,0),(312,7,0),(313,1,0),(313,2,0),(313,3,0),(313,4,0),(313,5,0),(313,6,0),(313,7,0),(314,1,0),(314,2,0),(314,3,0),(314,4,0),(314,5,0),(314,6,0),(314,7,0),(315,1,0),(315,2,0),(315,3,0),(315,4,0),(315,5,0),(315,6,0),(315,7,0),(316,1,0),(316,2,0),(316,3,0),(316,4,0),(316,5,0),(316,6,0),(316,7,0),(317,1,0),(317,2,0),(317,3,0),(317,4,0),(317,5,0),(317,6,0),(317,7,0),(318,1,0),(318,2,0),(318,3,0),(318,4,0),(318,5,0),(318,6,0),(318,7,0),(319,1,0),(319,2,0),(319,3,0),(319,4,0),(319,5,0),(319,6,0),(319,7,0),(320,1,0),(320,2,0),(320,3,0),(320,4,0),(320,5,0),(320,6,0),(320,7,0),(321,1,0),(321,2,0),(321,3,0),(321,4,0),(321,5,0),(321,6,0),(321,7,0),(322,1,0),(322,2,0),(322,3,0),(322,4,0),(322,5,0),(322,6,0),(322,7,0),(323,1,0),(323,2,0),(323,3,0),(323,4,0),(323,5,0),(323,6,0),(323,7,0),(324,1,0),(324,2,0),(324,3,0),(324,4,0),(324,5,0),(324,6,0),(324,7,0),(325,1,0),(325,2,0),(325,3,0),(325,4,0),(325,5,0),(325,6,0),(325,7,0),(326,1,0),(326,2,0),(326,3,0),(326,4,0),(326,5,0),(326,6,0),(326,7,0),(327,1,0),(327,2,0),(327,3,0),(327,4,0),(327,5,0),(327,6,0),(327,7,0),(328,1,0),(328,2,0),(328,3,0),(328,4,0),(328,5,0),(328,6,0),(328,7,0),(329,1,0),(329,2,0),(329,3,0),(329,4,0),(329,5,0),(329,6,0),(329,7,0),(330,1,0),(330,2,0),(330,3,0),(330,4,0),(330,5,0),(330,6,0),(330,7,0),(331,1,0),(331,2,0),(331,3,0),(331,4,0),(331,5,0),(331,6,0),(331,7,0),(332,1,0),(332,2,0),(332,3,0),(332,4,0),(332,5,0),(332,6,0),(332,7,0),(333,1,0),(333,2,0),(333,3,0),(333,4,0),(333,5,0),(333,6,0),(333,7,0),(334,1,0),(334,2,0),(334,3,0),(334,4,0),(334,5,0),(334,6,0),(334,7,0),(335,1,0),(335,2,0),(335,3,0),(335,4,0),(335,5,0),(335,6,0),(335,7,0),(336,1,0),(336,2,0),(336,3,0),(336,4,0),(336,5,0),(336,6,0),(336,7,0),(337,1,0),(337,2,0),(337,3,0),(337,4,0),(337,5,0),(337,6,0),(337,7,0),(338,1,0),(338,2,0),(338,3,0),(338,4,0),(338,5,0),(338,6,0),(338,7,0),(339,1,0),(339,2,0),(339,3,0),(339,4,0),(339,5,0),(339,6,0),(339,7,0),(340,1,0),(340,2,0),(340,3,0),(340,4,0),(340,5,0),(340,6,0),(340,7,0),(341,1,0),(341,2,0),(341,3,0),(341,4,0),(341,5,0),(341,6,0),(341,7,0),(342,1,0),(342,2,0),(342,3,0),(342,4,0),(342,5,0),(342,6,0),(342,7,0),(343,1,0),(343,2,0),(343,3,0),(343,4,0),(343,5,0),(343,6,0),(343,7,0),(344,1,0),(344,2,0),(344,3,0),(344,4,0),(344,5,0),(344,6,0),(344,7,0),(345,1,0),(345,2,0),(345,3,0),(345,4,0),(345,5,0),(345,6,0),(345,7,0),(346,1,0),(346,2,0),(346,3,0),(346,4,0),(346,5,0),(346,6,0),(346,7,0),(347,1,0),(347,2,0),(347,3,0),(347,4,0),(347,5,0),(347,6,0),(347,7,0),(348,1,0),(348,2,0),(348,3,0),(348,4,0),(348,5,0),(348,6,0),(348,7,0),(349,1,0),(349,2,0),(349,3,0),(349,4,0),(349,5,0),(349,6,0),(349,7,0),(350,1,0),(350,2,0),(350,3,0),(350,4,0),(350,5,0),(350,6,0),(350,7,0),(351,1,0),(351,2,0),(351,3,0),(351,4,0),(351,5,0),(351,6,0),(351,7,0),(352,1,0),(352,2,0),(352,3,0),(352,4,0),(352,5,0),(352,6,0),(352,7,0),(353,1,0),(353,2,0),(353,3,0),(353,4,0),(353,5,0),(353,6,0),(353,7,0),(354,1,0),(354,2,0),(354,3,0),(354,4,0),(354,5,0),(354,6,0),(354,7,0),(355,1,0),(355,2,0),(355,3,0),(355,4,0),(355,5,0),(355,6,0),(355,7,0),(356,1,0),(356,2,0),(356,3,0),(356,4,0),(356,5,0),(356,6,0),(356,7,0),(357,1,0),(357,2,0),(357,3,0),(357,4,0),(357,5,0),(357,6,0),(357,7,0),(358,1,0),(358,2,0),(358,3,0),(358,4,0),(358,5,0),(358,6,0),(358,7,0),(359,1,0),(359,2,0),(359,3,0),(359,4,0),(359,5,0),(359,6,0),(359,7,0),(360,1,0),(360,2,0),(360,3,0),(360,4,0),(360,5,0),(360,6,0),(360,7,0),(361,1,0),(361,2,0),(361,3,0),(361,4,0),(361,5,0),(361,6,0),(361,7,0),(362,1,0),(362,2,0),(362,3,0),(362,4,0),(362,5,0),(362,6,0),(362,7,0),(363,1,0),(363,2,0),(363,3,0),(363,4,0),(363,5,0),(363,6,0),(363,7,0),(364,1,0),(364,2,0),(364,3,0),(364,4,0),(364,5,0),(364,6,0),(364,7,0),(365,1,0),(365,2,0),(365,3,0),(365,4,0),(365,5,0),(365,6,0),(365,7,0),(366,1,0),(366,2,0),(366,3,0),(366,4,0),(366,5,0),(366,6,0),(366,7,0),(367,1,0),(367,2,0),(367,3,0),(367,4,0),(367,5,0),(367,6,0),(367,7,0),(368,1,0),(368,2,0),(368,3,0),(368,4,0),(368,5,0),(368,6,0),(368,7,0),(369,1,0),(369,2,0),(369,3,0),(369,4,0),(369,5,0),(369,6,0),(369,7,0),(370,1,0),(370,2,0),(370,3,0),(370,4,0),(370,5,0),(370,6,0),(370,7,0),(371,1,0),(371,2,0),(371,3,0),(371,4,0),(371,5,0),(371,6,0),(371,7,0),(372,1,0),(372,2,0),(372,3,0),(372,4,0),(372,5,0),(372,6,0),(372,7,0),(373,1,0),(373,2,0),(373,3,0),(373,4,0),(373,5,0),(373,6,0),(373,7,0),(374,1,0),(374,2,0),(374,3,0),(374,4,0),(374,5,0),(374,6,0),(374,7,0),(375,1,0),(375,2,0),(375,3,0),(375,4,0),(375,5,0),(375,6,0),(375,7,0),(376,1,0),(376,2,0),(376,3,0),(376,4,0),(376,5,0),(376,6,0),(376,7,0),(377,1,0),(377,2,0),(377,3,0),(377,4,0),(377,5,0),(377,6,0),(377,7,0),(378,1,0),(378,2,0),(378,3,0),(378,4,0),(378,5,0),(378,6,0),(378,7,0),(379,1,0),(379,2,0),(379,3,0),(379,4,0),(379,5,0),(379,6,0),(379,7,0),(380,1,0),(380,2,0),(380,3,0),(380,4,0),(380,5,0),(380,6,0),(380,7,0),(381,1,0),(381,2,0),(381,3,0),(381,4,0),(381,5,0),(381,6,0),(381,7,0),(382,1,0),(382,2,0),(382,3,0),(382,4,0),(382,5,0),(382,6,0),(382,7,0),(383,1,0),(383,2,0),(383,3,0),(383,4,0),(383,5,0),(383,6,0),(383,7,0),(384,1,0),(384,2,0),(384,3,0),(384,4,0),(384,5,0),(384,6,0),(384,7,0),(385,1,0),(385,2,0),(385,3,0),(385,4,0),(385,5,0),(385,6,0),(385,7,0),(386,1,0),(386,2,0),(386,3,0),(386,4,0),(386,5,0),(386,6,0),(386,7,0),(387,1,0),(387,2,0),(387,3,0),(387,4,0),(387,5,0),(387,6,0),(387,7,0),(388,1,0),(388,2,0),(388,3,0),(388,4,0),(388,5,0),(388,6,0),(388,7,0),(389,1,0),(389,2,0),(389,3,0),(389,4,0),(389,5,0),(389,6,0),(389,7,0),(390,1,0),(390,2,0),(390,3,0),(390,4,0),(390,5,0),(390,6,0),(390,7,0),(391,1,0),(391,2,0),(391,3,0),(391,4,0),(391,5,0),(391,6,0),(391,7,0),(392,1,0),(392,2,0),(392,3,0),(392,4,0),(392,5,0),(392,6,0),(392,7,0),(393,1,0),(393,2,0),(393,3,0),(393,4,0),(393,5,0),(393,6,0),(393,7,0),(394,1,0),(394,2,0),(394,3,0),(394,4,0),(394,5,0),(394,6,0),(394,7,0),(395,1,0),(395,2,0),(395,3,0),(395,4,0),(395,5,0),(395,6,0),(395,7,0),(396,1,0),(396,2,0),(396,3,0),(396,4,0),(396,5,0),(396,6,0),(396,7,0),(397,1,0),(397,2,0),(397,3,0),(397,4,0),(397,5,0),(397,6,0),(397,7,0),(398,1,0),(398,2,0),(398,3,0),(398,4,0),(398,5,0),(398,6,0),(398,7,0),(399,1,0),(399,2,0),(399,3,0),(399,4,0),(399,5,0),(399,6,0),(399,7,0),(400,1,0),(400,2,0),(400,3,0),(400,4,0),(400,5,0),(400,6,0),(400,7,0),(401,1,0),(401,2,0),(401,3,0),(401,4,0),(401,5,0),(401,6,0),(401,7,0),(402,1,0),(402,2,0),(402,3,0),(402,4,0),(402,5,0),(402,6,0),(402,7,0),(403,1,0),(403,2,0),(403,3,0),(403,4,0),(403,5,0),(403,6,0),(403,7,0),(404,1,0),(404,2,0),(404,3,0),(404,4,0),(404,5,0),(404,6,0),(404,7,0),(405,1,0),(405,2,0),(405,3,0),(405,4,0),(405,5,0),(405,6,0),(405,7,0),(406,1,0),(406,2,0),(406,3,0),(406,4,0),(406,5,0),(406,6,0),(406,7,0),(407,1,0),(407,2,0),(407,3,0),(407,4,0),(407,5,0),(407,6,0),(407,7,0),(408,1,0),(408,2,0),(408,3,0),(408,4,0),(408,5,0),(408,6,0),(408,7,0),(409,1,0),(409,2,0),(409,3,0),(409,4,0),(409,5,0),(409,6,0),(409,7,0),(410,1,0),(410,2,0),(410,3,0),(410,4,0),(410,5,0),(410,6,0),(410,7,0),(411,1,0),(411,2,0),(411,3,0),(411,4,0),(411,5,0),(411,6,0),(411,7,0);
/*!40000 ALTER TABLE `oc_category_to_layout` ENABLE KEYS */;
UNLOCK TABLES;

--
-- Table structure for table `oc_category_to_store`
--

DROP TABLE IF EXISTS `oc_category_to_store`;
/*!40101 SET @saved_cs_client     = @@character_set_client */;
/*!40101 SET character_set_client = utf8 */;
CREATE TABLE `oc_category_to_store` (
  `category_id` int(11) NOT NULL,
  `store_id` int(11) NOT NULL,
  PRIMARY KEY (`category_id`,`store_id`)
) ENGINE=MyISAM DEFAULT CHARSET=utf8;
/*!40101 SET character_set_client = @saved_cs_client */;

--
-- Dumping data for table `oc_category_to_store`
--

LOCK TABLES `oc_category_to_store` WRITE;
/*!40000 ALTER TABLE `oc_category_to_store` DISABLE KEYS */;
INSERT INTO `oc_category_to_store` VALUES (247,3),(248,3),(249,3),(250,3),(251,3),(252,3),(253,3),(254,3),(255,3),(256,3),(257,3),(258,3),(259,3),(260,3),(261,3),(262,3),(263,3),(264,3),(265,3),(266,3),(267,3),(268,3),(269,3),(270,3),(271,3),(272,3),(273,3),(274,3),(275,3),(276,3),(277,3),(278,3),(279,3),(280,3),(281,3),(282,3),(283,3),(284,3),(285,3),(286,3),(287,3),(288,3),(289,3),(290,3),(291,3),(292,3),(293,3),(294,3),(295,3),(296,3),(297,3),(298,3),(299,3),(300,3),(301,3),(302,3),(303,3),(304,3),(305,3),(306,3),(307,3),(308,3),(309,3),(310,3),(311,3),(312,3),(313,3),(314,3),(315,3),(316,3),(317,3),(318,3),(319,3),(320,3),(321,3),(322,3),(323,3),(324,3),(325,3),(326,3),(327,3),(328,3),(329,3),(330,3),(331,3),(332,3),(333,3),(334,3),(335,3),(336,3),(337,3),(338,3),(339,3),(340,3),(341,3),(342,3),(343,3),(344,3),(345,3),(346,3),(347,3),(348,3),(349,3),(350,3),(351,3),(352,3),(353,3),(354,3),(355,3),(356,3),(357,3),(358,3),(359,3),(360,3),(361,3),(362,3),(363,3),(364,3),(365,3),(366,3),(367,3),(368,3),(369,3),(370,3),(371,3),(372,3),(373,3),(374,3),(375,3),(376,3),(377,3),(378,3),(379,3),(380,3),(381,3),(382,3),(383,3),(384,3),(385,3),(386,3),(387,3),(388,3),(389,3),(390,3),(391,3),(392,3),(393,3),(394,3),(395,3),(396,3),(397,3),(398,3),(399,3),(400,3),(401,3),(402,3),(403,3),(404,3),(405,3),(406,3),(407,3),(408,3),(409,3),(410,3),(411,3);
/*!40000 ALTER TABLE `oc_category_to_store` ENABLE KEYS */;
UNLOCK TABLES;

--
-- Table structure for table `oc_cmsblock`
--

DROP TABLE IF EXISTS `oc_cmsblock`;
/*!40101 SET @saved_cs_client     = @@character_set_client */;
/*!40101 SET character_set_client = utf8 */;
CREATE TABLE `oc_cmsblock` (
  `cmsblock_id` int(11) NOT NULL AUTO_INCREMENT,
  `status` tinyint(1) NOT NULL,
  `sort_order` tinyint(1) DEFAULT NULL,
  `identify` varchar(255) DEFAULT NULL,
  `link` varchar(255) DEFAULT NULL,
  `type` tinyint(1) DEFAULT NULL,
  `banner_store` varchar(255) DEFAULT '0',
  PRIMARY KEY (`cmsblock_id`)
) ENGINE=MyISAM AUTO_INCREMENT=60 DEFAULT CHARSET=utf8;
/*!40101 SET character_set_client = @saved_cs_client */;

--
-- Dumping data for table `oc_cmsblock`
--

LOCK TABLES `oc_cmsblock` WRITE;
/*!40000 ALTER TABLE `oc_cmsblock` DISABLE KEYS */;
INSERT INTO `oc_cmsblock` VALUES (20,1,0,'banner_static_home123','',1,'1,2,0'),(39,1,0,'social_footer','',1,'1,2,3,4,5,6,7,0'),(29,1,0,'banner_cennter_home1','',1,'0'),(31,1,0,'banner_left','index.php?route=information/contact',1,'1,2,3,4,5,6,7,0'),(38,1,0,'banner_static1_home1','',1,'0'),(40,1,0,'banner_cennter1_home1','',1,'0'),(59,1,0,'banner_right','',1,'0'),(42,1,0,'banner_cennter2_home1','',1,'0'),(43,1,0,'banner_bottom','',1,'0'),(44,1,0,'link_footer','',1,'1,2,3,4,5,6,7,0'),(45,1,0,'bestseller_page','index.php?route=product/ocbestseller',0,'1,2,3,0'),(46,1,0,'newproducts_page','index.php?route=product/ocnewproduct',0,'1,2,3,0'),(47,1,0,'contact_us','index.php?route=information/contact',0,'1,2,3,0'),(48,1,0,'special_product','index.php?route=product/special',0,'1,2,3,0'),(49,1,0,'banner_cennter_home2','',1,'1,0'),(50,1,0,'banner_cennter1_home2','',1,'1,0'),(51,1,0,'banner_cennter2_home2','',1,'1,0'),(52,1,0,'banner_cennter3_home2','',1,'1,0'),(53,1,0,'banner_bottom2','',1,'1,0'),(54,1,0,'banner_static1_home3','',1,'2,0'),(55,1,0,'banner_bottom3','',1,'2,0'),(56,1,0,'banner_static_home4','',1,'3,0'),(57,1,0,'banner_cennter_home4','',1,'3,0'),(58,1,0,'banner_bottom4','',1,'3,0');
/*!40000 ALTER TABLE `oc_cmsblock` ENABLE KEYS */;
UNLOCK TABLES;

--
-- Table structure for table `oc_cmsblock_description`
--

DROP TABLE IF EXISTS `oc_cmsblock_description`;
/*!40101 SET @saved_cs_client     = @@character_set_client */;
/*!40101 SET character_set_client = utf8 */;
CREATE TABLE `oc_cmsblock_description` (
  `cmsblock_des_id` int(11) NOT NULL AUTO_INCREMENT,
  `language_id` int(11) NOT NULL,
  `cmsblock_id` int(11) NOT NULL,
  `title` varchar(64) NOT NULL,
  `sub_title` varchar(64) DEFAULT NULL,
  `description` text,
  PRIMARY KEY (`cmsblock_des_id`,`language_id`)
) ENGINE=MyISAM AUTO_INCREMENT=305 DEFAULT CHARSET=utf8;
/*!40101 SET character_set_client = @saved_cs_client */;

--
-- Dumping data for table `oc_cmsblock_description`
--

LOCK TABLES `oc_cmsblock_description` WRITE;
/*!40000 ALTER TABLE `oc_cmsblock_description` DISABLE KEYS */;
INSERT INTO `oc_cmsblock_description` VALUES (260,2,31,'Banner Left',NULL,'										&lt;div class=&quot;banner-left&quot;&gt;&lt;a href=&quot;#&quot;&gt;&lt;img src=&quot;image/catalog/cmsblock/banner-left.jpg&quot; alt=&quot;block3&quot;&gt;&lt;/a&gt;&lt;/div&gt;									'),(269,1,20,'Banner Static Home123',NULL,'																				&lt;div class=&quot;banner-static&quot;&gt;\r\n	&lt;div class=&quot;row&quot;&gt;\r\n		&lt;div class=&quot;col-md-4 col-sm-4 col-sms-12&quot;&gt;\r\n			&lt;div class=&quot;col col1&quot;&gt;\r\n				&lt;div class=&quot;banner-content&quot;&gt;\r\n					&lt;h3&gt;FREE RETURN&lt;/h3&gt;\r\n					&lt;p&gt;30 days money back guarantee!&lt;/p&gt;\r\n				&lt;/div&gt;\r\n			&lt;/div&gt;\r\n		&lt;/div&gt;\r\n		&lt;div class=&quot;col-md-4 col-sm-4 col-sms-12&quot;&gt;\r\n			&lt;div class=&quot;col col2&quot;&gt;\r\n				&lt;div class=&quot;banner-content&quot;&gt;\r\n					&lt;h3&gt;FREE shipping&lt;/h3&gt;\r\n					&lt;p&gt;Free shipping on all order&lt;/p&gt;\r\n				&lt;/div&gt;\r\n			&lt;/div&gt;\r\n		&lt;/div&gt;\r\n		&lt;div class=&quot;col-md-4 col-sm-4 col-sms-12&quot;&gt;\r\n			&lt;div class=&quot;col col3&quot;&gt;\r\n				&lt;div class=&quot;banner-content&quot;&gt;\r\n					&lt;h3&gt;Support 24/7&lt;/h3&gt;\r\n					&lt;p&gt;We support online 24 hours a day&lt;/p&gt;\r\n				&lt;/div&gt;\r\n			&lt;/div&gt;\r\n		&lt;/div&gt;\r\n	&lt;/div&gt;\r\n&lt;/div&gt;																		'),(270,2,20,'Banner Static Home123',NULL,'																				&lt;div class=&quot;banner-static&quot;&gt;\r\n	&lt;div class=&quot;row&quot;&gt;\r\n		&lt;div class=&quot;col-md-4 col-sm-4 col-sms-12&quot;&gt;\r\n			&lt;div class=&quot;col col1&quot;&gt;\r\n				&lt;div class=&quot;banner-content&quot;&gt;\r\n					&lt;h3&gt;FREE RETURN&lt;/h3&gt;\r\n					&lt;p&gt;30 days money back guarantee!&lt;/p&gt;\r\n				&lt;/div&gt;\r\n			&lt;/div&gt;\r\n		&lt;/div&gt;\r\n		&lt;div class=&quot;col-md-4 col-sm-4 col-sms-12&quot;&gt;\r\n			&lt;div class=&quot;col col2&quot;&gt;\r\n				&lt;div class=&quot;banner-content&quot;&gt;\r\n					&lt;h3&gt;FREE shipping&lt;/h3&gt;\r\n					&lt;p&gt;Free shipping on all order&lt;/p&gt;\r\n				&lt;/div&gt;\r\n			&lt;/div&gt;\r\n		&lt;/div&gt;\r\n		&lt;div class=&quot;col-md-4 col-sm-4 col-sms-12&quot;&gt;\r\n			&lt;div class=&quot;col col3&quot;&gt;\r\n				&lt;div class=&quot;banner-content&quot;&gt;\r\n					&lt;h3&gt;Support 24/7&lt;/h3&gt;\r\n					&lt;p&gt;We support online 24 hours a day&lt;/p&gt;\r\n				&lt;/div&gt;\r\n			&lt;/div&gt;\r\n		&lt;/div&gt;\r\n	&lt;/div&gt;\r\n&lt;/div&gt;																		'),(199,1,29,'Banner Center Home1',NULL,'&lt;div class=&quot;banner-center&quot;&gt;\r\n	&lt;div class=&quot;row&quot;&gt;\r\n		&lt;div class=&quot;col-md-7 col-sm-7 col-sms-12&quot;&gt;\r\n			&lt;div class=&quot;col col1&quot;&gt;\r\n				&lt;a href=&quot;#&quot;&gt;&lt;/a&gt;&lt;a href=&quot;#&quot;&gt;&lt;img src=&quot;image/catalog/cmsblock/block2-home1.jpg&quot; alt=&quot;block1&quot;&gt;&lt;/a&gt;\r\n			&lt;/div&gt;\r\n		&lt;/div&gt;\r\n		&lt;div class=&quot;col-md-5 col-sm-5 col-sms-12&quot;&gt;\r\n			&lt;div class=&quot;col col2&quot;&gt;\r\n				&lt;a href=&quot;#&quot;&gt;&lt;/a&gt;&lt;a href=&quot;#&quot;&gt;&lt;img src=&quot;image/catalog/cmsblock/block3-home1.jpg&quot; alt=&quot;block2&quot;&gt;&lt;/a&gt;\r\n			&lt;/div&gt;\r\n		&lt;/div&gt;\r\n	&lt;/div&gt;\r\n&lt;/div&gt;'),(200,2,29,'Banner Center Home1',NULL,'&lt;div class=&quot;banner-center&quot;&gt;\r\n	&lt;div class=&quot;row&quot;&gt;\r\n		&lt;div class=&quot;col-md-7 col-sm-7 col-sms-12&quot;&gt;\r\n			&lt;div class=&quot;col col1&quot;&gt;\r\n				&lt;a href=&quot;#&quot;&gt;&lt;/a&gt;&lt;a href=&quot;#&quot;&gt;&lt;img src=&quot;image/catalog/cmsblock/block2-home1.jpg&quot; alt=&quot;block1&quot;&gt;&lt;/a&gt;\r\n			&lt;/div&gt;\r\n		&lt;/div&gt;\r\n		&lt;div class=&quot;col-md-5 col-sm-5 col-sms-12&quot;&gt;\r\n			&lt;div class=&quot;col col2&quot;&gt;\r\n				&lt;a href=&quot;#&quot;&gt;&lt;/a&gt;&lt;a href=&quot;#&quot;&gt;&lt;img src=&quot;image/catalog/cmsblock/block3-home1.jpg&quot; alt=&quot;block2&quot;&gt;&lt;/a&gt;\r\n			&lt;/div&gt;\r\n		&lt;/div&gt;\r\n	&lt;/div&gt;\r\n&lt;/div&gt;'),(257,1,39,'Social Footer',NULL,'										&lt;ul class=&quot;social-footer&quot;&gt;\r\n	&lt;li class=&quot;twitter&quot;&gt;&lt;a href=&quot;#&quot;&gt;twitter&lt;/a&gt;&lt;/li&gt;\r\n	&lt;li class=&quot;facebook&quot;&gt;&lt;a href=&quot;#&quot;&gt;facebook&lt;/a&gt;&lt;/li&gt;\r\n	&lt;li class=&quot;google&quot;&gt;&lt;a href=&quot;#&quot;&gt;google&lt;/a&gt;&lt;/li&gt;\r\n	&lt;li class=&quot;behance&quot;&gt;&lt;a href=&quot;#&quot;&gt;behance&lt;/a&gt;&lt;/li&gt;\r\n	&lt;li class=&quot;pinterest&quot;&gt;&lt;a href=&quot;#&quot;&gt;pinterest&lt;/a&gt;&lt;/li&gt;\r\n	&lt;li class=&quot;youtube&quot;&gt;&lt;a href=&quot;#&quot;&gt;youtube&lt;/a&gt;&lt;/li&gt;\r\n&lt;/ul&gt;																		'),(258,2,39,'Social Footer',NULL,'										&lt;ul class=&quot;social-footer&quot;&gt;\r\n	&lt;li class=&quot;twitter&quot;&gt;&lt;a href=&quot;#&quot;&gt;twitter&lt;/a&gt;&lt;/li&gt;\r\n	&lt;li class=&quot;facebook&quot;&gt;&lt;a href=&quot;#&quot;&gt;facebook&lt;/a&gt;&lt;/li&gt;\r\n	&lt;li class=&quot;google&quot;&gt;&lt;a href=&quot;#&quot;&gt;google&lt;/a&gt;&lt;/li&gt;\r\n	&lt;li class=&quot;behance&quot;&gt;&lt;a href=&quot;#&quot;&gt;behance&lt;/a&gt;&lt;/li&gt;\r\n	&lt;li class=&quot;pinterest&quot;&gt;&lt;a href=&quot;#&quot;&gt;pinterest&lt;/a&gt;&lt;/li&gt;\r\n	&lt;li class=&quot;youtube&quot;&gt;&lt;a href=&quot;#&quot;&gt;youtube&lt;/a&gt;&lt;/li&gt;\r\n&lt;/ul&gt;																		'),(259,1,31,'Banner Left',NULL,'										&lt;div class=&quot;banner-left&quot;&gt;&lt;a href=&quot;#&quot;&gt;&lt;img src=&quot;image/catalog/cmsblock/banner-left.jpg&quot; alt=&quot;block3&quot;&gt;&lt;/a&gt;&lt;/div&gt;									'),(201,1,40,'Banner Center1 Home1',NULL,'&lt;div class=&quot;banner-center1&quot;&gt;\r\n	&lt;a href=&quot;#&quot;&gt;&lt;img src=&quot;image/catalog/cmsblock/block4-home1.jpg&quot; alt=&quot;block3&quot;&gt;&lt;/a&gt;\r\n&lt;/div&gt;'),(202,2,40,'Banner Center1 Home1',NULL,'&lt;div class=&quot;banner-center1&quot;&gt;\r\n	&lt;a href=&quot;#&quot;&gt;&lt;img src=&quot;image/catalog/cmsblock/block4-home1.jpg&quot; alt=&quot;block3&quot;&gt;&lt;/a&gt;\r\n&lt;/div&gt;'),(225,1,38,'Banner Static1 Home1',NULL,'&lt;div class=&quot;banner-static1&quot;&gt;\r\n	&lt;div class=&quot;row&quot;&gt;\r\n		&lt;div class=&quot;col-md-12 col-sm-6 col-sms-12&quot;&gt;\r\n			&lt;div class=&quot;col col1&quot;&gt;\r\n				&lt;a href=&quot;#&quot;&gt;&lt;/a&gt;&lt;a href=&quot;#&quot;&gt;&lt;img src=&quot;image/catalog/cmsblock/block-home1.jpg&quot; alt=&quot;block1&quot;&gt;&lt;/a&gt;\r\n				&lt;div class=&quot;banner-content&quot;&gt;\r\n					&lt;h3&gt;Mincers &amp;amp; Slicers&lt;/h3&gt;\r\n					&lt;a href=&quot;#&quot;&gt;View Details&lt;/a&gt;\r\n				&lt;/div&gt;\r\n			&lt;/div&gt;\r\n		&lt;/div&gt;\r\n		&lt;div class=&quot;col-md-12 col-sm-6 col-sms-12&quot;&gt;\r\n			&lt;div class=&quot;col col2&quot;&gt;\r\n				&lt;a href=&quot;#&quot;&gt;&lt;/a&gt;&lt;a href=&quot;#&quot;&gt;&lt;img src=&quot;image/catalog/cmsblock/block1-home1.jpg&quot; alt=&quot;block2&quot;&gt;&lt;/a&gt;\r\n				&lt;div class=&quot;banner-content&quot;&gt;\r\n					&lt;h3&gt;Cookware Sets&lt;/h3&gt;\r\n					&lt;a href=&quot;#&quot;&gt;View Details&lt;/a&gt;\r\n				&lt;/div&gt;\r\n			&lt;/div&gt;\r\n		&lt;/div&gt;\r\n	&lt;/div&gt;\r\n&lt;/div&gt;									'),(226,2,38,'Banner Static1 Home1',NULL,'&lt;div class=&quot;banner-static1&quot;&gt;\r\n	&lt;div class=&quot;row&quot;&gt;\r\n		&lt;div class=&quot;col-md-12 col-sm-6 col-sms-12&quot;&gt;\r\n			&lt;div class=&quot;col col1&quot;&gt;\r\n				&lt;a href=&quot;#&quot;&gt;&lt;/a&gt;&lt;a href=&quot;#&quot;&gt;&lt;img src=&quot;image/catalog/cmsblock/block-home1.jpg&quot; alt=&quot;block1&quot;&gt;&lt;/a&gt;\r\n				&lt;div class=&quot;banner-content&quot;&gt;\r\n					&lt;h3&gt;Mincers &amp;amp; Slicers&lt;/h3&gt;\r\n					&lt;a href=&quot;#&quot;&gt;View Details&lt;/a&gt;\r\n				&lt;/div&gt;\r\n			&lt;/div&gt;\r\n		&lt;/div&gt;\r\n		&lt;div class=&quot;col-md-12 col-sm-6 col-sms-12&quot;&gt;\r\n			&lt;div class=&quot;col col2&quot;&gt;\r\n				&lt;a href=&quot;#&quot;&gt;&lt;/a&gt;&lt;a href=&quot;#&quot;&gt;&lt;img src=&quot;image/catalog/cmsblock/block1-home1.jpg&quot; alt=&quot;block2&quot;&gt;&lt;/a&gt;\r\n				&lt;div class=&quot;banner-content&quot;&gt;\r\n					&lt;h3&gt;Cookware Sets&lt;/h3&gt;\r\n					&lt;a href=&quot;#&quot;&gt;View Details&lt;/a&gt;\r\n				&lt;/div&gt;\r\n			&lt;/div&gt;\r\n		&lt;/div&gt;\r\n	&lt;/div&gt;\r\n&lt;/div&gt;									'),(294,2,59,'Banner Right',NULL,'&lt;div class=&quot;banner-right&quot;&gt;\r\n	&lt;a href=&quot;#&quot;&gt;\r\n		&lt;img src=&quot;image/catalog/cmsblock/bg-right.jpg&quot; alt=&quot;block&quot;&gt;\r\n	&lt;/a&gt;\r\n&lt;/div&gt;'),(293,1,59,'Banner Right',NULL,'&lt;div class=&quot;banner-right&quot;&gt;\r\n	&lt;a href=&quot;#&quot;&gt;\r\n		&lt;img src=&quot;image/catalog/cmsblock/bg-right.jpg&quot; alt=&quot;block&quot;&gt;\r\n	&lt;/a&gt;\r\n&lt;/div&gt;'),(205,1,42,'Banner Center2 Home1',NULL,'										&lt;div class=&quot;banner-center2&quot;&gt;\r\n	&lt;a href=&quot;#&quot;&gt;&lt;img src=&quot;image/catalog/cmsblock/block5-home1.jpg&quot; alt=&quot;block5&quot;&gt;&lt;/a&gt;\r\n&lt;/div&gt;									'),(206,2,42,'Banner Center2 Home1',NULL,'										&lt;div class=&quot;banner-center2&quot;&gt;\r\n	&lt;a href=&quot;#&quot;&gt;&lt;img src=&quot;image/catalog/cmsblock/block5-home1.jpg&quot; alt=&quot;block5&quot;&gt;&lt;/a&gt;\r\n&lt;/div&gt;									'),(256,2,43,'Banner Bottom',NULL,'																				&lt;div class=&quot;banner-bottom&quot;&gt;\r\n	&lt;div class=&quot;container&quot;&gt;\r\n		&lt;div class=&quot;row&quot;&gt;\r\n			&lt;div class=&quot;col-md-4 col-sm-4 col-sms-12&quot;&gt;\r\n				&lt;div class=&quot;col col1&quot;&gt;\r\n					&lt;i class=&quot;banner-icons&quot;&gt;&lt;img src=&quot;image/catalog/cmsblock/icon.png&quot; alt=&quot;icon&quot;&gt;&lt;/i&gt;\r\n					&lt;div class=&quot;banner-text&quot;&gt;\r\n						&lt;h2&gt;888 345 6789&lt;/h2&gt;\r\n						&lt;p&gt;Free support line!&lt;/p&gt;\r\n					&lt;/div&gt;\r\n				&lt;/div&gt;\r\n			&lt;/div&gt;\r\n			&lt;div class=&quot;col-md-4 col-sm-4 col-sms-12&quot;&gt;\r\n				&lt;div class=&quot;col col2&quot;&gt;\r\n					&lt;i class=&quot;banner-icons&quot;&gt;&lt;img src=&quot;image/catalog/cmsblock/icon1.png&quot; alt=&quot;icon1&quot;&gt;&lt;/i&gt;\r\n					&lt;div class=&quot;banner-text&quot;&gt;\r\n						&lt;h2&gt;Support@plazathemes.com&lt;/h2&gt;\r\n						&lt;p&gt;Orders Support!&lt;/p&gt;\r\n					&lt;/div&gt;\r\n				&lt;/div&gt;\r\n			&lt;/div&gt;\r\n			&lt;div class=&quot;col-md-4 col-sm-4 col-sms-12&quot;&gt;\r\n				&lt;div class=&quot;col col3&quot;&gt;\r\n					&lt;i class=&quot;banner-icons&quot;&gt;&lt;img src=&quot;image/catalog/cmsblock/icon2.png&quot; alt=&quot;icon2&quot;&gt;&lt;/i&gt;\r\n					&lt;div class=&quot;banner-text&quot;&gt;\r\n						&lt;h2&gt;Mon - Fri / 8:00 - 18:00&lt;/h2&gt;\r\n						&lt;p&gt;Working Days/Hours!&lt;/p&gt;\r\n					&lt;/div&gt;\r\n				&lt;/div&gt;\r\n			&lt;/div&gt;\r\n		&lt;/div&gt;\r\n	&lt;/div&gt;\r\n&lt;/div&gt;																		'),(223,1,44,'Link Footer',NULL,'&lt;div class=&quot;link-footer&quot;&gt;\r\n	&lt;div class=&quot;container&quot;&gt;\r\n	&lt;ul class=&quot;row1&quot;&gt;\r\n		&lt;li&gt;&lt;a href=&quot;#&quot;&gt;Online Shopping&lt;/a&gt;&lt;/li&gt;\r\n		&lt;li&gt;&lt;a href=&quot;#&quot;&gt;Promotions&lt;/a&gt;&lt;/li&gt;\r\n		&lt;li&gt;&lt;a href=&quot;#&quot;&gt;My Orders&lt;/a&gt;&lt;/li&gt;\r\n		&lt;li&gt;&lt;a href=&quot;#&quot;&gt;Help&lt;/a&gt;&lt;/li&gt;\r\n		&lt;li&gt;&lt;a href=&quot;#&quot;&gt;Customer Service&lt;/a&gt;&lt;/li&gt;\r\n		&lt;li&gt;&lt;a href=&quot;#&quot;&gt;Support&lt;/a&gt;&lt;/li&gt;\r\n		&lt;li&gt;&lt;a href=&quot;#&quot;&gt;Most Populars&lt;/a&gt;&lt;/li&gt;\r\n		&lt;li&gt;&lt;a href=&quot;#&quot;&gt;New Arrivals&lt;/a&gt;&lt;/li&gt;\r\n		&lt;li&gt;&lt;a href=&quot;#&quot;&gt;Special Products&lt;/a&gt;&lt;/li&gt;\r\n		&lt;li&gt;&lt;a href=&quot;#&quot;&gt;Manufacturers&lt;/a&gt;&lt;/li&gt;\r\n		&lt;li&gt;&lt;a href=&quot;#&quot;&gt;Our Stores&lt;/a&gt;&lt;/li&gt;\r\n		&lt;li&gt;&lt;a href=&quot;#&quot;&gt;Shipping&lt;/a&gt;&lt;/li&gt;\r\n		&lt;li&gt;&lt;a href=&quot;#&quot;&gt;Payments&lt;/a&gt;&lt;/li&gt;\r\n		&lt;li&gt;&lt;a href=&quot;#&quot;&gt;Warantee&lt;/a&gt;&lt;/li&gt;\r\n		&lt;li&gt;&lt;a href=&quot;#&quot;&gt;Refunds&lt;/a&gt;&lt;/li&gt;\r\n		&lt;li&gt;&lt;a href=&quot;#&quot;&gt;Checkout&lt;/a&gt;&lt;/li&gt;\r\n		&lt;li&gt;&lt;a href=&quot;#&quot;&gt;Discount&lt;/a&gt;&lt;/li&gt;\r\n		&lt;li&gt;&lt;a href=&quot;#&quot;&gt;Policy&lt;/a&gt;&lt;/li&gt;\r\n		&lt;li&gt;&lt;a href=&quot;#&quot;&gt;Policy&lt;/a&gt;&lt;/li&gt;\r\n		&lt;li&gt;&lt;a href=&quot;#&quot;&gt;Payments&lt;/a&gt;&lt;/li&gt;\r\n		&lt;li&gt;&lt;a href=&quot;#&quot;&gt;Returns&lt;/a&gt;&lt;/li&gt;\r\n		&lt;li&gt;&lt;a href=&quot;#&quot;&gt;Refunds&lt;/a&gt;&lt;/li&gt;\r\n	&lt;/ul&gt;\r\n	&lt;ul class=&quot;row2&quot;&gt;\r\n		&lt;li&gt;&lt;a href=&quot;#&quot;&gt;&lt;img src=&quot;image/catalog/cmsblock/paypal.png&quot; alt=&quot;paypal&quot;&gt;&lt;/a&gt;&lt;/li&gt;\r\n		&lt;li&gt;&lt;a href=&quot;#&quot;&gt;&lt;img src=&quot;image/catalog/cmsblock/paypal1.png&quot; alt=&quot;paypal1&quot;&gt;&lt;/a&gt;&lt;/li&gt;\r\n		&lt;li&gt;&lt;a href=&quot;#&quot;&gt;&lt;img src=&quot;image/catalog/cmsblock/paypal2.png&quot; alt=&quot;paypal2&quot;&gt;&lt;/a&gt;&lt;/li&gt;\r\n		&lt;li&gt;&lt;a href=&quot;#&quot;&gt;&lt;img src=&quot;image/catalog/cmsblock/paypal3.png&quot; alt=&quot;paypal3&quot;&gt;&lt;/a&gt;&lt;/li&gt;\r\n		&lt;li&gt;&lt;a href=&quot;#&quot;&gt;&lt;img src=&quot;image/catalog/cmsblock/paypal5.png&quot; alt=&quot;paypal5&quot;&gt;&lt;/a&gt;&lt;/li&gt;\r\n		&lt;li&gt;&lt;a href=&quot;#&quot;&gt;&lt;img src=&quot;image/catalog/cmsblock/paypal6.png&quot; alt=&quot;paypal6&quot;&gt;&lt;/a&gt;&lt;/li&gt;\r\n		&lt;li&gt;&lt;a href=&quot;#&quot;&gt;&lt;img src=&quot;image/catalog/cmsblock/paypal7.png&quot; alt=&quot;paypal7&quot;&gt;&lt;/a&gt;&lt;/li&gt;\r\n		&lt;li&gt;&lt;a href=&quot;#&quot;&gt;&lt;img src=&quot;image/catalog/cmsblock/paypal8.png&quot; alt=&quot;paypal8&quot;&gt;&lt;/a&gt;&lt;/li&gt;\r\n		&lt;li&gt;&lt;a href=&quot;#&quot;&gt;&lt;img src=&quot;image/catalog/cmsblock/paypal9.png&quot; alt=&quot;paypal9&quot;&gt;&lt;/a&gt;&lt;/li&gt;\r\n		&lt;li&gt;&lt;a href=&quot;#&quot;&gt;&lt;img src=&quot;image/catalog/cmsblock/paypal10.png&quot; alt=&quot;paypal10&quot;&gt;&lt;/a&gt;&lt;/li&gt;\r\n		&lt;li&gt;&lt;a href=&quot;#&quot;&gt;&lt;img src=&quot;image/catalog/cmsblock/paypal11.png&quot; alt=&quot;paypal11&quot;&gt;&lt;/a&gt;&lt;/li&gt;\r\n		&lt;li&gt;&lt;a href=&quot;#&quot;&gt;&lt;img src=&quot;image/catalog/cmsblock/paypal12.png&quot; alt=&quot;paypal12&quot;&gt;&lt;/a&gt;&lt;/li&gt;\r\n	&lt;/ul&gt;\r\n	&lt;/div&gt;\r\n&lt;/div&gt;'),(224,2,44,'Link Footer',NULL,'&lt;div class=&quot;link-footer&quot;&gt;\r\n	&lt;div class=&quot;container&quot;&gt;\r\n	&lt;ul class=&quot;row1&quot;&gt;\r\n		&lt;li&gt;&lt;a href=&quot;#&quot;&gt;Online Shopping&lt;/a&gt;&lt;/li&gt;\r\n		&lt;li&gt;&lt;a href=&quot;#&quot;&gt;Promotions&lt;/a&gt;&lt;/li&gt;\r\n		&lt;li&gt;&lt;a href=&quot;#&quot;&gt;My Orders&lt;/a&gt;&lt;/li&gt;\r\n		&lt;li&gt;&lt;a href=&quot;#&quot;&gt;Help&lt;/a&gt;&lt;/li&gt;\r\n		&lt;li&gt;&lt;a href=&quot;#&quot;&gt;Customer Service&lt;/a&gt;&lt;/li&gt;\r\n		&lt;li&gt;&lt;a href=&quot;#&quot;&gt;Support&lt;/a&gt;&lt;/li&gt;\r\n		&lt;li&gt;&lt;a href=&quot;#&quot;&gt;Most Populars&lt;/a&gt;&lt;/li&gt;\r\n		&lt;li&gt;&lt;a href=&quot;#&quot;&gt;New Arrivals&lt;/a&gt;&lt;/li&gt;\r\n		&lt;li&gt;&lt;a href=&quot;#&quot;&gt;Special Products&lt;/a&gt;&lt;/li&gt;\r\n		&lt;li&gt;&lt;a href=&quot;#&quot;&gt;Manufacturers&lt;/a&gt;&lt;/li&gt;\r\n		&lt;li&gt;&lt;a href=&quot;#&quot;&gt;Our Stores&lt;/a&gt;&lt;/li&gt;\r\n		&lt;li&gt;&lt;a href=&quot;#&quot;&gt;Shipping&lt;/a&gt;&lt;/li&gt;\r\n		&lt;li&gt;&lt;a href=&quot;#&quot;&gt;Payments&lt;/a&gt;&lt;/li&gt;\r\n		&lt;li&gt;&lt;a href=&quot;#&quot;&gt;Warantee&lt;/a&gt;&lt;/li&gt;\r\n		&lt;li&gt;&lt;a href=&quot;#&quot;&gt;Refunds&lt;/a&gt;&lt;/li&gt;\r\n		&lt;li&gt;&lt;a href=&quot;#&quot;&gt;Checkout&lt;/a&gt;&lt;/li&gt;\r\n		&lt;li&gt;&lt;a href=&quot;#&quot;&gt;Discount&lt;/a&gt;&lt;/li&gt;\r\n		&lt;li&gt;&lt;a href=&quot;#&quot;&gt;Policy&lt;/a&gt;&lt;/li&gt;\r\n		&lt;li&gt;&lt;a href=&quot;#&quot;&gt;Policy&lt;/a&gt;&lt;/li&gt;\r\n		&lt;li&gt;&lt;a href=&quot;#&quot;&gt;Payments&lt;/a&gt;&lt;/li&gt;\r\n		&lt;li&gt;&lt;a href=&quot;#&quot;&gt;Returns&lt;/a&gt;&lt;/li&gt;\r\n		&lt;li&gt;&lt;a href=&quot;#&quot;&gt;Refunds&lt;/a&gt;&lt;/li&gt;\r\n	&lt;/ul&gt;\r\n	&lt;ul class=&quot;row2&quot;&gt;\r\n		&lt;li&gt;&lt;a href=&quot;#&quot;&gt;&lt;img src=&quot;image/catalog/cmsblock/paypal.png&quot; alt=&quot;paypal&quot;&gt;&lt;/a&gt;&lt;/li&gt;\r\n		&lt;li&gt;&lt;a href=&quot;#&quot;&gt;&lt;img src=&quot;image/catalog/cmsblock/paypal1.png&quot; alt=&quot;paypal1&quot;&gt;&lt;/a&gt;&lt;/li&gt;\r\n		&lt;li&gt;&lt;a href=&quot;#&quot;&gt;&lt;img src=&quot;image/catalog/cmsblock/paypal2.png&quot; alt=&quot;paypal2&quot;&gt;&lt;/a&gt;&lt;/li&gt;\r\n		&lt;li&gt;&lt;a href=&quot;#&quot;&gt;&lt;img src=&quot;image/catalog/cmsblock/paypal3.png&quot; alt=&quot;paypal3&quot;&gt;&lt;/a&gt;&lt;/li&gt;\r\n		&lt;li&gt;&lt;a href=&quot;#&quot;&gt;&lt;img src=&quot;image/catalog/cmsblock/paypal5.png&quot; alt=&quot;paypal5&quot;&gt;&lt;/a&gt;&lt;/li&gt;\r\n		&lt;li&gt;&lt;a href=&quot;#&quot;&gt;&lt;img src=&quot;image/catalog/cmsblock/paypal6.png&quot; alt=&quot;paypal6&quot;&gt;&lt;/a&gt;&lt;/li&gt;\r\n		&lt;li&gt;&lt;a href=&quot;#&quot;&gt;&lt;img src=&quot;image/catalog/cmsblock/paypal7.png&quot; alt=&quot;paypal7&quot;&gt;&lt;/a&gt;&lt;/li&gt;\r\n		&lt;li&gt;&lt;a href=&quot;#&quot;&gt;&lt;img src=&quot;image/catalog/cmsblock/paypal8.png&quot; alt=&quot;paypal8&quot;&gt;&lt;/a&gt;&lt;/li&gt;\r\n		&lt;li&gt;&lt;a href=&quot;#&quot;&gt;&lt;img src=&quot;image/catalog/cmsblock/paypal9.png&quot; alt=&quot;paypal9&quot;&gt;&lt;/a&gt;&lt;/li&gt;\r\n		&lt;li&gt;&lt;a href=&quot;#&quot;&gt;&lt;img src=&quot;image/catalog/cmsblock/paypal10.png&quot; alt=&quot;paypal10&quot;&gt;&lt;/a&gt;&lt;/li&gt;\r\n		&lt;li&gt;&lt;a href=&quot;#&quot;&gt;&lt;img src=&quot;image/catalog/cmsblock/paypal11.png&quot; alt=&quot;paypal11&quot;&gt;&lt;/a&gt;&lt;/li&gt;\r\n		&lt;li&gt;&lt;a href=&quot;#&quot;&gt;&lt;img src=&quot;image/catalog/cmsblock/paypal12.png&quot; alt=&quot;paypal12&quot;&gt;&lt;/a&gt;&lt;/li&gt;\r\n	&lt;/ul&gt;\r\n	&lt;/div&gt;\r\n&lt;/div&gt;'),(295,1,45,'Bestseller',NULL,'																																																																												'),(299,1,46,'New Products',NULL,'																																																																												'),(297,1,47,'Contact Us',NULL,'																																																																												'),(301,1,48,'Special',NULL,'																																																																												'),(242,2,49,'Banner Center Home2',NULL,'										&lt;div class=&quot;banner-center&quot;&gt;\r\n	&lt;div class=&quot;row&quot;&gt;\r\n		&lt;div class=&quot;col-md-6 col-sm-6 col-sms-12&quot;&gt;\r\n			&lt;div class=&quot;col col1&quot;&gt;\r\n				&lt;a href=&quot;#&quot;&gt;&lt;img src=&quot;image/catalog/cmsblock/block-home2.jpg&quot; alt=&quot;image&quot;&gt;&lt;/a&gt;\r\n			&lt;/div&gt;\r\n		&lt;/div&gt;\r\n		&lt;div class=&quot;col-md-6 col-sm-6 col-sms-12&quot;&gt;\r\n			&lt;div class=&quot;col col2&quot;&gt;\r\n				&lt;a href=&quot;#&quot;&gt;&lt;img src=&quot;image/catalog/cmsblock/block1-home2.jpg&quot; alt=&quot;image&quot;&gt;&lt;/a&gt;\r\n			&lt;/div&gt;\r\n		&lt;/div&gt;\r\n	&lt;/div&gt;\r\n&lt;/div&gt;									'),(241,1,49,'Banner Center Home2',NULL,'										&lt;div class=&quot;banner-center&quot;&gt;\r\n	&lt;div class=&quot;row&quot;&gt;\r\n		&lt;div class=&quot;col-md-6 col-sm-6 col-sms-12&quot;&gt;\r\n			&lt;div class=&quot;col col1&quot;&gt;\r\n				&lt;a href=&quot;#&quot;&gt;&lt;img src=&quot;image/catalog/cmsblock/block-home2.jpg&quot; alt=&quot;image&quot;&gt;&lt;/a&gt;\r\n			&lt;/div&gt;\r\n		&lt;/div&gt;\r\n		&lt;div class=&quot;col-md-6 col-sm-6 col-sms-12&quot;&gt;\r\n			&lt;div class=&quot;col col2&quot;&gt;\r\n				&lt;a href=&quot;#&quot;&gt;&lt;img src=&quot;image/catalog/cmsblock/block1-home2.jpg&quot; alt=&quot;image&quot;&gt;&lt;/a&gt;\r\n			&lt;/div&gt;\r\n		&lt;/div&gt;\r\n	&lt;/div&gt;\r\n&lt;/div&gt;									'),(246,2,50,'Banner Center1 Home2',NULL,'&lt;div class=&quot;banner-center1&quot;&gt;\r\n	&lt;div class=&quot;row&quot;&gt;\r\n		&lt;div class=&quot;col-md-6 col-sm-6 col-sms-12&quot;&gt;\r\n			&lt;div class=&quot;col col1&quot;&gt;\r\n				&lt;a href=&quot;#&quot;&gt;&lt;img src=&quot;image/catalog/cmsblock/block2-home2.jpg&quot; alt=&quot;image&quot;&gt;&lt;/a&gt;\r\n			&lt;/div&gt;\r\n		&lt;/div&gt;\r\n		&lt;div class=&quot;col-md-6 col-sm-6 col-sms-12&quot;&gt;\r\n			&lt;div class=&quot;col col2&quot;&gt;\r\n				&lt;a href=&quot;#&quot;&gt;&lt;img src=&quot;image/catalog/cmsblock/block3-home2.jpg&quot; alt=&quot;image&quot;&gt;&lt;/a&gt;\r\n			&lt;/div&gt;\r\n		&lt;/div&gt;\r\n	&lt;/div&gt;\r\n&lt;/div&gt;'),(245,1,50,'Banner Center1 Home2',NULL,'&lt;div class=&quot;banner-center1&quot;&gt;\r\n	&lt;div class=&quot;row&quot;&gt;\r\n		&lt;div class=&quot;col-md-6 col-sm-6 col-sms-12&quot;&gt;\r\n			&lt;div class=&quot;col col1&quot;&gt;\r\n				&lt;a href=&quot;#&quot;&gt;&lt;img src=&quot;image/catalog/cmsblock/block2-home2.jpg&quot; alt=&quot;image&quot;&gt;&lt;/a&gt;\r\n			&lt;/div&gt;\r\n		&lt;/div&gt;\r\n		&lt;div class=&quot;col-md-6 col-sm-6 col-sms-12&quot;&gt;\r\n			&lt;div class=&quot;col col2&quot;&gt;\r\n				&lt;a href=&quot;#&quot;&gt;&lt;img src=&quot;image/catalog/cmsblock/block3-home2.jpg&quot; alt=&quot;image&quot;&gt;&lt;/a&gt;\r\n			&lt;/div&gt;\r\n		&lt;/div&gt;\r\n	&lt;/div&gt;\r\n&lt;/div&gt;'),(247,1,51,'Banner Center2 Home2',NULL,'&lt;div class=&quot;banner-center2&quot;&gt;\r\n	&lt;div class=&quot;row&quot;&gt;\r\n		&lt;div class=&quot;col-md-6 col-sm-6 col-sms-12&quot;&gt;\r\n			&lt;div class=&quot;col col1&quot;&gt;\r\n				&lt;a href=&quot;#&quot;&gt;&lt;img src=&quot;image/catalog/cmsblock/block4-home2.jpg&quot; alt=&quot;image&quot;&gt;&lt;/a&gt;\r\n			&lt;/div&gt;\r\n		&lt;/div&gt;\r\n		&lt;div class=&quot;col-md-6 col-sm-6 col-sms-12&quot;&gt;\r\n			&lt;div class=&quot;col col2&quot;&gt;\r\n				&lt;a href=&quot;#&quot;&gt;&lt;img src=&quot;image/catalog/cmsblock/block5-home2.jpg&quot; alt=&quot;image&quot;&gt;&lt;/a&gt;\r\n			&lt;/div&gt;\r\n		&lt;/div&gt;\r\n	&lt;/div&gt;\r\n&lt;/div&gt;'),(248,2,51,'Banner Center2 Home2',NULL,'&lt;div class=&quot;banner-center2&quot;&gt;\r\n	&lt;div class=&quot;row&quot;&gt;\r\n		&lt;div class=&quot;col-md-6 col-sm-6 col-sms-12&quot;&gt;\r\n			&lt;div class=&quot;col col1&quot;&gt;\r\n				&lt;a href=&quot;#&quot;&gt;&lt;img src=&quot;image/catalog/cmsblock/block4-home2.jpg&quot; alt=&quot;image&quot;&gt;&lt;/a&gt;\r\n			&lt;/div&gt;\r\n		&lt;/div&gt;\r\n		&lt;div class=&quot;col-md-6 col-sm-6 col-sms-12&quot;&gt;\r\n			&lt;div class=&quot;col col2&quot;&gt;\r\n				&lt;a href=&quot;#&quot;&gt;&lt;img src=&quot;image/catalog/cmsblock/block5-home2.jpg&quot; alt=&quot;image&quot;&gt;&lt;/a&gt;\r\n			&lt;/div&gt;\r\n		&lt;/div&gt;\r\n	&lt;/div&gt;\r\n&lt;/div&gt;'),(249,1,52,'Banner Center3 Home2',NULL,'&lt;div class=&quot;banner-center3&quot;&gt;\r\n	&lt;div class=&quot;col col1&quot;&gt;\r\n		&lt;a href=&quot;#&quot;&gt;&lt;img src=&quot;image/catalog/cmsblock/block6-home2.jpg&quot; alt=&quot;image&quot;&gt;&lt;/a&gt;\r\n	&lt;/div&gt;\r\n&lt;/div&gt;'),(250,2,52,'Banner Center3 Home2',NULL,'&lt;div class=&quot;banner-center3&quot;&gt;\r\n	&lt;div class=&quot;col col1&quot;&gt;\r\n		&lt;a href=&quot;#&quot;&gt;&lt;img src=&quot;image/catalog/cmsblock/block6-home2.jpg&quot; alt=&quot;image&quot;&gt;&lt;/a&gt;\r\n	&lt;/div&gt;\r\n&lt;/div&gt;'),(255,1,43,'Banner Bottom',NULL,'																				&lt;div class=&quot;banner-bottom&quot;&gt;\r\n	&lt;div class=&quot;container&quot;&gt;\r\n		&lt;div class=&quot;row&quot;&gt;\r\n			&lt;div class=&quot;col-md-4 col-sm-4 col-sms-12&quot;&gt;\r\n				&lt;div class=&quot;col col1&quot;&gt;\r\n					&lt;i class=&quot;banner-icons&quot;&gt;&lt;img src=&quot;image/catalog/cmsblock/icon.png&quot; alt=&quot;icon&quot;&gt;&lt;/i&gt;\r\n					&lt;div class=&quot;banner-text&quot;&gt;\r\n						&lt;h2&gt;888 345 6789&lt;/h2&gt;\r\n						&lt;p&gt;Free support line!&lt;/p&gt;\r\n					&lt;/div&gt;\r\n				&lt;/div&gt;\r\n			&lt;/div&gt;\r\n			&lt;div class=&quot;col-md-4 col-sm-4 col-sms-12&quot;&gt;\r\n				&lt;div class=&quot;col col2&quot;&gt;\r\n					&lt;i class=&quot;banner-icons&quot;&gt;&lt;img src=&quot;image/catalog/cmsblock/icon1.png&quot; alt=&quot;icon1&quot;&gt;&lt;/i&gt;\r\n					&lt;div class=&quot;banner-text&quot;&gt;\r\n						&lt;h2&gt;Support@plazathemes.com&lt;/h2&gt;\r\n						&lt;p&gt;Orders Support!&lt;/p&gt;\r\n					&lt;/div&gt;\r\n				&lt;/div&gt;\r\n			&lt;/div&gt;\r\n			&lt;div class=&quot;col-md-4 col-sm-4 col-sms-12&quot;&gt;\r\n				&lt;div class=&quot;col col3&quot;&gt;\r\n					&lt;i class=&quot;banner-icons&quot;&gt;&lt;img src=&quot;image/catalog/cmsblock/icon2.png&quot; alt=&quot;icon2&quot;&gt;&lt;/i&gt;\r\n					&lt;div class=&quot;banner-text&quot;&gt;\r\n						&lt;h2&gt;Mon - Fri / 8:00 - 18:00&lt;/h2&gt;\r\n						&lt;p&gt;Working Days/Hours!&lt;/p&gt;\r\n					&lt;/div&gt;\r\n				&lt;/div&gt;\r\n			&lt;/div&gt;\r\n		&lt;/div&gt;\r\n	&lt;/div&gt;\r\n&lt;/div&gt;																		'),(253,1,53,'Banner Bottom2',NULL,'																				&lt;div class=&quot;banner-bottom&quot;&gt;\r\n	&lt;div class=&quot;container&quot;&gt;\r\n		&lt;div class=&quot;row&quot;&gt;\r\n			&lt;div class=&quot;col-md-4 col-sm-4 col-sms-12&quot;&gt;\r\n				&lt;div class=&quot;col col1&quot;&gt;\r\n					&lt;i class=&quot;banner-icons&quot;&gt;&lt;img src=&quot;image/catalog/cmsblock/icon3.png&quot; alt=&quot;icon&quot;&gt;&lt;/i&gt;\r\n					&lt;div class=&quot;banner-text&quot;&gt;\r\n						&lt;h2&gt;888 345 6789&lt;/h2&gt;\r\n						&lt;p&gt;Free support line!&lt;/p&gt;\r\n					&lt;/div&gt;\r\n				&lt;/div&gt;\r\n			&lt;/div&gt;\r\n			&lt;div class=&quot;col-md-4 col-sm-4 col-sms-12&quot;&gt;\r\n				&lt;div class=&quot;col col2&quot;&gt;\r\n					&lt;i class=&quot;banner-icons&quot;&gt;&lt;img src=&quot;image/catalog/cmsblock/icon4.png&quot; alt=&quot;icon1&quot;&gt;&lt;/i&gt;\r\n					&lt;div class=&quot;banner-text&quot;&gt;\r\n						&lt;h2&gt;Support@plazathemes.com&lt;/h2&gt;\r\n						&lt;p&gt;Orders Support!&lt;/p&gt;\r\n					&lt;/div&gt;\r\n				&lt;/div&gt;\r\n			&lt;/div&gt;\r\n			&lt;div class=&quot;col-md-4 col-sm-4 col-sms-12&quot;&gt;\r\n				&lt;div class=&quot;col col3&quot;&gt;\r\n					&lt;i class=&quot;banner-icons&quot;&gt;&lt;img src=&quot;image/catalog/cmsblock/icon5.png&quot; alt=&quot;icon2&quot;&gt;&lt;/i&gt;\r\n					&lt;div class=&quot;banner-text&quot;&gt;\r\n						&lt;h2&gt;Mon - Fri / 8:00 - 18:00&lt;/h2&gt;\r\n						&lt;p&gt;Working Days/Hours!&lt;/p&gt;\r\n					&lt;/div&gt;\r\n				&lt;/div&gt;\r\n			&lt;/div&gt;\r\n		&lt;/div&gt;\r\n	&lt;/div&gt;\r\n&lt;/div&gt;																		'),(254,2,53,'Banner Bottom',NULL,'																				&lt;div class=&quot;banner-bottom&quot;&gt;\r\n	&lt;div class=&quot;container&quot;&gt;\r\n		&lt;div class=&quot;row&quot;&gt;\r\n			&lt;div class=&quot;col-md-4 col-sm-4 col-sms-12&quot;&gt;\r\n				&lt;div class=&quot;col col1&quot;&gt;\r\n					&lt;i class=&quot;banner-icons&quot;&gt;&lt;img src=&quot;image/catalog/cmsblock/icon3.png&quot; alt=&quot;icon&quot;&gt;&lt;/i&gt;\r\n					&lt;div class=&quot;banner-text&quot;&gt;\r\n						&lt;h2&gt;888 345 6789&lt;/h2&gt;\r\n						&lt;p&gt;Free support line!&lt;/p&gt;\r\n					&lt;/div&gt;\r\n				&lt;/div&gt;\r\n			&lt;/div&gt;\r\n			&lt;div class=&quot;col-md-4 col-sm-4 col-sms-12&quot;&gt;\r\n				&lt;div class=&quot;col col2&quot;&gt;\r\n					&lt;i class=&quot;banner-icons&quot;&gt;&lt;img src=&quot;image/catalog/cmsblock/icon4.png&quot; alt=&quot;icon1&quot;&gt;&lt;/i&gt;\r\n					&lt;div class=&quot;banner-text&quot;&gt;\r\n						&lt;h2&gt;Support@plazathemes.com&lt;/h2&gt;\r\n						&lt;p&gt;Orders Support!&lt;/p&gt;\r\n					&lt;/div&gt;\r\n				&lt;/div&gt;\r\n			&lt;/div&gt;\r\n			&lt;div class=&quot;col-md-4 col-sm-4 col-sms-12&quot;&gt;\r\n				&lt;div class=&quot;col col3&quot;&gt;\r\n					&lt;i class=&quot;banner-icons&quot;&gt;&lt;img src=&quot;image/catalog/cmsblock/icon5.png&quot; alt=&quot;icon2&quot;&gt;&lt;/i&gt;\r\n					&lt;div class=&quot;banner-text&quot;&gt;\r\n						&lt;h2&gt;Mon - Fri / 8:00 - 18:00&lt;/h2&gt;\r\n						&lt;p&gt;Working Days/Hours!&lt;/p&gt;\r\n					&lt;/div&gt;\r\n				&lt;/div&gt;\r\n			&lt;/div&gt;\r\n		&lt;/div&gt;\r\n	&lt;/div&gt;\r\n&lt;/div&gt;																		'),(300,2,46,'New Products',NULL,'																																																																												'),(298,2,47,'Contact Us',NULL,'																																																																												'),(296,2,45,'Bestseller',NULL,'																																																																												'),(302,2,48,'Special',NULL,'																																																																												'),(271,1,54,'Banner Static1 Home3',NULL,'&lt;div class=&quot;banner-static1&quot;&gt;\r\n	&lt;div class=&quot;row&quot;&gt;\r\n		&lt;div class=&quot;col-md-6 col-sm-6 col-sms-12&quot;&gt;\r\n			&lt;div class=&quot;col col1&quot;&gt;\r\n				&lt;a href=&quot;#&quot;&gt;&lt;img src=&quot;image/catalog/cmsblock/block-home3.jpg&quot; alt=&quot;image&quot;&gt;&lt;/a&gt;\r\n			&lt;/div&gt;\r\n		&lt;/div&gt;\r\n		&lt;div class=&quot;col-md-6 col-sm-6 col-sms-12&quot;&gt;\r\n			&lt;div class=&quot;col col2&quot;&gt;\r\n				&lt;a href=&quot;#&quot;&gt;&lt;img src=&quot;image/catalog/cmsblock/block1-home3.jpg&quot; alt=&quot;image&quot;&gt;&lt;/a&gt;\r\n			&lt;/div&gt;\r\n		&lt;/div&gt;\r\n	&lt;/div&gt;\r\n&lt;/div&gt;'),(272,2,54,'Banner Static1 Home3',NULL,'&lt;div class=&quot;banner-static1&quot;&gt;\r\n	&lt;div class=&quot;row&quot;&gt;\r\n		&lt;div class=&quot;col-md-6 col-sm-6 col-sms-12&quot;&gt;\r\n			&lt;div class=&quot;col col1&quot;&gt;\r\n				&lt;a href=&quot;#&quot;&gt;&lt;img src=&quot;image/catalog/cmsblock/block-home3.jpg&quot; alt=&quot;image&quot;&gt;&lt;/a&gt;\r\n			&lt;/div&gt;\r\n		&lt;/div&gt;\r\n		&lt;div class=&quot;col-md-6 col-sm-6 col-sms-12&quot;&gt;\r\n			&lt;div class=&quot;col col2&quot;&gt;\r\n				&lt;a href=&quot;#&quot;&gt;&lt;img src=&quot;image/catalog/cmsblock/block1-home3.jpg&quot; alt=&quot;image&quot;&gt;&lt;/a&gt;\r\n			&lt;/div&gt;\r\n		&lt;/div&gt;\r\n	&lt;/div&gt;\r\n&lt;/div&gt;'),(276,2,55,'Banner Bottom3',NULL,'																																								&lt;div class=&quot;banner-bottom&quot;&gt;\r\n	&lt;div class=&quot;container&quot;&gt;\r\n		&lt;div class=&quot;row&quot;&gt;\r\n			&lt;div class=&quot;col-md-4 col-sm-4 col-sms-12&quot;&gt;\r\n				&lt;div class=&quot;col col1&quot;&gt;\r\n					&lt;i class=&quot;banner-icons&quot;&gt;&lt;img src=&quot;image/catalog/cmsblock/icon6.png&quot; alt=&quot;icon&quot;&gt;&lt;/i&gt;\r\n					&lt;div class=&quot;banner-text&quot;&gt;\r\n						&lt;h2&gt;888 345 6789&lt;/h2&gt;\r\n						&lt;p&gt;Free support line!&lt;/p&gt;\r\n					&lt;/div&gt;\r\n				&lt;/div&gt;\r\n			&lt;/div&gt;\r\n			&lt;div class=&quot;col-md-4 col-sm-4 col-sms-12&quot;&gt;\r\n				&lt;div class=&quot;col col2&quot;&gt;\r\n					&lt;i class=&quot;banner-icons&quot;&gt;&lt;img src=&quot;image/catalog/cmsblock/icon7.png&quot; alt=&quot;icon1&quot;&gt;&lt;/i&gt;\r\n					&lt;div class=&quot;banner-text&quot;&gt;\r\n						&lt;h2&gt;Support@plazathemes.com&lt;/h2&gt;\r\n						&lt;p&gt;Orders Support!&lt;/p&gt;\r\n					&lt;/div&gt;\r\n				&lt;/div&gt;\r\n			&lt;/div&gt;\r\n			&lt;div class=&quot;col-md-4 col-sm-4 col-sms-12&quot;&gt;\r\n				&lt;div class=&quot;col col3&quot;&gt;\r\n					&lt;i class=&quot;banner-icons&quot;&gt;&lt;img src=&quot;image/catalog/cmsblock/icon8.png&quot; alt=&quot;icon2&quot;&gt;&lt;/i&gt;\r\n					&lt;div class=&quot;banner-text&quot;&gt;\r\n						&lt;h2&gt;Mon - Fri / 8:00 - 18:00&lt;/h2&gt;\r\n						&lt;p&gt;Working Days/Hours!&lt;/p&gt;\r\n					&lt;/div&gt;\r\n				&lt;/div&gt;\r\n			&lt;/div&gt;\r\n		&lt;/div&gt;\r\n	&lt;/div&gt;\r\n&lt;/div&gt;																																				'),(275,1,55,'Banner Bottom3',NULL,'																																								&lt;div class=&quot;banner-bottom&quot;&gt;\r\n	&lt;div class=&quot;container&quot;&gt;\r\n		&lt;div class=&quot;row&quot;&gt;\r\n			&lt;div class=&quot;col-md-4 col-sm-4 col-sms-12&quot;&gt;\r\n				&lt;div class=&quot;col col1&quot;&gt;\r\n					&lt;i class=&quot;banner-icons&quot;&gt;&lt;img src=&quot;image/catalog/cmsblock/icon6.png&quot; alt=&quot;icon&quot;&gt;&lt;/i&gt;\r\n					&lt;div class=&quot;banner-text&quot;&gt;\r\n						&lt;h2&gt;888 345 6789&lt;/h2&gt;\r\n						&lt;p&gt;Free support line!&lt;/p&gt;\r\n					&lt;/div&gt;\r\n				&lt;/div&gt;\r\n			&lt;/div&gt;\r\n			&lt;div class=&quot;col-md-4 col-sm-4 col-sms-12&quot;&gt;\r\n				&lt;div class=&quot;col col2&quot;&gt;\r\n					&lt;i class=&quot;banner-icons&quot;&gt;&lt;img src=&quot;image/catalog/cmsblock/icon7.png&quot; alt=&quot;icon1&quot;&gt;&lt;/i&gt;\r\n					&lt;div class=&quot;banner-text&quot;&gt;\r\n						&lt;h2&gt;Support@plazathemes.com&lt;/h2&gt;\r\n						&lt;p&gt;Orders Support!&lt;/p&gt;\r\n					&lt;/div&gt;\r\n				&lt;/div&gt;\r\n			&lt;/div&gt;\r\n			&lt;div class=&quot;col-md-4 col-sm-4 col-sms-12&quot;&gt;\r\n				&lt;div class=&quot;col col3&quot;&gt;\r\n					&lt;i class=&quot;banner-icons&quot;&gt;&lt;img src=&quot;image/catalog/cmsblock/icon8.png&quot; alt=&quot;icon2&quot;&gt;&lt;/i&gt;\r\n					&lt;div class=&quot;banner-text&quot;&gt;\r\n						&lt;h2&gt;Mon - Fri / 8:00 - 18:00&lt;/h2&gt;\r\n						&lt;p&gt;Working Days/Hours!&lt;/p&gt;\r\n					&lt;/div&gt;\r\n				&lt;/div&gt;\r\n			&lt;/div&gt;\r\n		&lt;/div&gt;\r\n	&lt;/div&gt;\r\n&lt;/div&gt;																																				'),(292,2,56,'Banner Static Home4',NULL,'&lt;div class=&quot;banner-static&quot;&gt;\r\n	&lt;div class=&quot;row&quot;&gt;\r\n		&lt;div class=&quot;col-md-12 col-sm-6 col-sms-12&quot;&gt;\r\n			&lt;div class=&quot;col col1&quot;&gt;\r\n				&lt;a href=&quot;#&quot;&gt;&lt;img src=&quot;image/catalog/cmsblock/block-home4.jpg&quot; alt=&quot;image&quot;&gt;&lt;/a&gt;\r\n			&lt;/div&gt;\r\n		&lt;/div&gt;\r\n		&lt;div class=&quot;col-md-12 col-sm-6 col-sms-12&quot;&gt;\r\n			&lt;div class=&quot;col col2&quot;&gt;\r\n				&lt;a href=&quot;#&quot;&gt;&lt;img src=&quot;image/catalog/cmsblock/block1-home4.jpg&quot; alt=&quot;image&quot;&gt;&lt;/a&gt;\r\n			&lt;/div&gt;\r\n		&lt;/div&gt;\r\n	&lt;/div&gt;\r\n&lt;/div&gt;'),(291,1,56,'Banner Static Home4',NULL,'&lt;div class=&quot;banner-static&quot;&gt;\r\n	&lt;div class=&quot;row&quot;&gt;\r\n		&lt;div class=&quot;col-md-12 col-sm-6 col-sms-12&quot;&gt;\r\n			&lt;div class=&quot;col col1&quot;&gt;\r\n				&lt;a href=&quot;#&quot;&gt;&lt;img src=&quot;image/catalog/cmsblock/block-home4.jpg&quot; alt=&quot;image&quot;&gt;&lt;/a&gt;\r\n			&lt;/div&gt;\r\n		&lt;/div&gt;\r\n		&lt;div class=&quot;col-md-12 col-sm-6 col-sms-12&quot;&gt;\r\n			&lt;div class=&quot;col col2&quot;&gt;\r\n				&lt;a href=&quot;#&quot;&gt;&lt;img src=&quot;image/catalog/cmsblock/block1-home4.jpg&quot; alt=&quot;image&quot;&gt;&lt;/a&gt;\r\n			&lt;/div&gt;\r\n		&lt;/div&gt;\r\n	&lt;/div&gt;\r\n&lt;/div&gt;'),(287,1,57,'Banner Center Home4',NULL,'&lt;div class=&quot;banner-center&quot;&gt;\r\n	&lt;a href=&quot;#&quot;&gt;&lt;img src=&quot;image/catalog/cmsblock/block2-home4.jpg&quot; alt=&quot;image&quot;&gt;&lt;/a&gt;\r\n&lt;/div&gt;'),(288,2,57,'Banner Center Home4',NULL,'&lt;div class=&quot;banner-center&quot;&gt;\r\n	&lt;a href=&quot;#&quot;&gt;&lt;img src=&quot;image/catalog/cmsblock/block2-home4.jpg&quot; alt=&quot;image&quot;&gt;&lt;/a&gt;\r\n&lt;/div&gt;'),(289,1,58,'Banner Bottom4',NULL,'																																																		&lt;div class=&quot;banner-bottom&quot;&gt;\r\n	&lt;div class=&quot;container&quot;&gt;\r\n		&lt;div class=&quot;row&quot;&gt;\r\n			&lt;div class=&quot;col-md-4 col-sm-4 col-sms-12&quot;&gt;\r\n				&lt;div class=&quot;col col1&quot;&gt;\r\n					&lt;i class=&quot;banner-icons&quot;&gt;&lt;img src=&quot;image/catalog/cmsblock/icon9.png&quot; alt=&quot;icon&quot;&gt;&lt;/i&gt;\r\n					&lt;div class=&quot;banner-text&quot;&gt;\r\n						&lt;h2&gt;888 345 6789&lt;/h2&gt;\r\n						&lt;p&gt;Free support line!&lt;/p&gt;\r\n					&lt;/div&gt;\r\n				&lt;/div&gt;\r\n			&lt;/div&gt;\r\n			&lt;div class=&quot;col-md-4 col-sm-4 col-sms-12&quot;&gt;\r\n				&lt;div class=&quot;col col2&quot;&gt;\r\n					&lt;i class=&quot;banner-icons&quot;&gt;&lt;img src=&quot;image/catalog/cmsblock/icon10.png&quot; alt=&quot;icon1&quot;&gt;&lt;/i&gt;\r\n					&lt;div class=&quot;banner-text&quot;&gt;\r\n						&lt;h2&gt;Support@plazathemes.com&lt;/h2&gt;\r\n						&lt;p&gt;Orders Support!&lt;/p&gt;\r\n					&lt;/div&gt;\r\n				&lt;/div&gt;\r\n			&lt;/div&gt;\r\n			&lt;div class=&quot;col-md-4 col-sm-4 col-sms-12&quot;&gt;\r\n				&lt;div class=&quot;col col3&quot;&gt;\r\n					&lt;i class=&quot;banner-icons&quot;&gt;&lt;img src=&quot;image/catalog/cmsblock/icon11.png&quot; alt=&quot;icon2&quot;&gt;&lt;/i&gt;\r\n					&lt;div class=&quot;banner-text&quot;&gt;\r\n						&lt;h2&gt;Mon - Fri / 8:00 - 18:00&lt;/h2&gt;\r\n						&lt;p&gt;Working Days/Hours!&lt;/p&gt;\r\n					&lt;/div&gt;\r\n				&lt;/div&gt;\r\n			&lt;/div&gt;\r\n		&lt;/div&gt;\r\n	&lt;/div&gt;\r\n&lt;/div&gt;																																													'),(290,2,58,'Banner Bottom4',NULL,'																																																		&lt;div class=&quot;banner-bottom&quot;&gt;\r\n	&lt;div class=&quot;container&quot;&gt;\r\n		&lt;div class=&quot;row&quot;&gt;\r\n			&lt;div class=&quot;col-md-4 col-sm-4 col-sms-12&quot;&gt;\r\n				&lt;div class=&quot;col col1&quot;&gt;\r\n					&lt;i class=&quot;banner-icons&quot;&gt;&lt;img src=&quot;image/catalog/cmsblock/icon9.png&quot; alt=&quot;icon&quot;&gt;&lt;/i&gt;\r\n					&lt;div class=&quot;banner-text&quot;&gt;\r\n						&lt;h2&gt;888 345 6789&lt;/h2&gt;\r\n						&lt;p&gt;Free support line!&lt;/p&gt;\r\n					&lt;/div&gt;\r\n				&lt;/div&gt;\r\n			&lt;/div&gt;\r\n			&lt;div class=&quot;col-md-4 col-sm-4 col-sms-12&quot;&gt;\r\n				&lt;div class=&quot;col col2&quot;&gt;\r\n					&lt;i class=&quot;banner-icons&quot;&gt;&lt;img src=&quot;image/catalog/cmsblock/icon10.png&quot; alt=&quot;icon1&quot;&gt;&lt;/i&gt;\r\n					&lt;div class=&quot;banner-text&quot;&gt;\r\n						&lt;h2&gt;Support@plazathemes.com&lt;/h2&gt;\r\n						&lt;p&gt;Orders Support!&lt;/p&gt;\r\n					&lt;/div&gt;\r\n				&lt;/div&gt;\r\n			&lt;/div&gt;\r\n			&lt;div class=&quot;col-md-4 col-sm-4 col-sms-12&quot;&gt;\r\n				&lt;div class=&quot;col col3&quot;&gt;\r\n					&lt;i class=&quot;banner-icons&quot;&gt;&lt;img src=&quot;image/catalog/cmsblock/icon11.png&quot; alt=&quot;icon2&quot;&gt;&lt;/i&gt;\r\n					&lt;div class=&quot;banner-text&quot;&gt;\r\n						&lt;h2&gt;Mon - Fri / 8:00 - 18:00&lt;/h2&gt;\r\n						&lt;p&gt;Working Days/Hours!&lt;/p&gt;\r\n					&lt;/div&gt;\r\n				&lt;/div&gt;\r\n			&lt;/div&gt;\r\n		&lt;/div&gt;\r\n	&lt;/div&gt;\r\n&lt;/div&gt;																																													'),(269,3,20,'Banner Static Home123',NULL,'																				&lt;div class=&quot;banner-static&quot;&gt;\r\n	&lt;div class=&quot;row&quot;&gt;\r\n		&lt;div class=&quot;col-md-4 col-sm-4 col-sms-12&quot;&gt;\r\n			&lt;div class=&quot;col col1&quot;&gt;\r\n				&lt;div class=&quot;banner-content&quot;&gt;\r\n					&lt;h3&gt;FREE RETURN&lt;/h3&gt;\r\n					&lt;p&gt;30 days money back guarantee!&lt;/p&gt;\r\n				&lt;/div&gt;\r\n			&lt;/div&gt;\r\n		&lt;/div&gt;\r\n		&lt;div class=&quot;col-md-4 col-sm-4 col-sms-12&quot;&gt;\r\n			&lt;div class=&quot;col col2&quot;&gt;\r\n				&lt;div class=&quot;banner-content&quot;&gt;\r\n					&lt;h3&gt;FREE shipping&lt;/h3&gt;\r\n					&lt;p&gt;Free shipping on all order&lt;/p&gt;\r\n				&lt;/div&gt;\r\n			&lt;/div&gt;\r\n		&lt;/div&gt;\r\n		&lt;div class=&quot;col-md-4 col-sm-4 col-sms-12&quot;&gt;\r\n			&lt;div class=&quot;col col3&quot;&gt;\r\n				&lt;div class=&quot;banner-content&quot;&gt;\r\n					&lt;h3&gt;Support 24/7&lt;/h3&gt;\r\n					&lt;p&gt;We support online 24 hours a day&lt;/p&gt;\r\n				&lt;/div&gt;\r\n			&lt;/div&gt;\r\n		&lt;/div&gt;\r\n	&lt;/div&gt;\r\n&lt;/div&gt;																		'),(199,3,29,'Banner Center Home1',NULL,'&lt;div class=&quot;banner-center&quot;&gt;\r\n	&lt;div class=&quot;row&quot;&gt;\r\n		&lt;div class=&quot;col-md-7 col-sm-7 col-sms-12&quot;&gt;\r\n			&lt;div class=&quot;col col1&quot;&gt;\r\n				&lt;a href=&quot;#&quot;&gt;&lt;/a&gt;&lt;a href=&quot;#&quot;&gt;&lt;img src=&quot;image/catalog/cmsblock/block2-home1.jpg&quot; alt=&quot;block1&quot;&gt;&lt;/a&gt;\r\n			&lt;/div&gt;\r\n		&lt;/div&gt;\r\n		&lt;div class=&quot;col-md-5 col-sm-5 col-sms-12&quot;&gt;\r\n			&lt;div class=&quot;col col2&quot;&gt;\r\n				&lt;a href=&quot;#&quot;&gt;&lt;/a&gt;&lt;a href=&quot;#&quot;&gt;&lt;img src=&quot;image/catalog/cmsblock/block3-home1.jpg&quot; alt=&quot;block2&quot;&gt;&lt;/a&gt;\r\n			&lt;/div&gt;\r\n		&lt;/div&gt;\r\n	&lt;/div&gt;\r\n&lt;/div&gt;'),(257,3,39,'Social Footer',NULL,'										&lt;ul class=&quot;social-footer&quot;&gt;\r\n	&lt;li class=&quot;twitter&quot;&gt;&lt;a href=&quot;#&quot;&gt;twitter&lt;/a&gt;&lt;/li&gt;\r\n	&lt;li class=&quot;facebook&quot;&gt;&lt;a href=&quot;#&quot;&gt;facebook&lt;/a&gt;&lt;/li&gt;\r\n	&lt;li class=&quot;google&quot;&gt;&lt;a href=&quot;#&quot;&gt;google&lt;/a&gt;&lt;/li&gt;\r\n	&lt;li class=&quot;behance&quot;&gt;&lt;a href=&quot;#&quot;&gt;behance&lt;/a&gt;&lt;/li&gt;\r\n	&lt;li class=&quot;pinterest&quot;&gt;&lt;a href=&quot;#&quot;&gt;pinterest&lt;/a&gt;&lt;/li&gt;\r\n	&lt;li class=&quot;youtube&quot;&gt;&lt;a href=&quot;#&quot;&gt;youtube&lt;/a&gt;&lt;/li&gt;\r\n&lt;/ul&gt;																		'),(259,3,31,'Banner Left',NULL,'										&lt;div class=&quot;banner-left&quot;&gt;&lt;a href=&quot;#&quot;&gt;&lt;img src=&quot;image/catalog/cmsblock/banner-left.jpg&quot; alt=&quot;block3&quot;&gt;&lt;/a&gt;&lt;/div&gt;									'),(201,3,40,'Banner Center1 Home1',NULL,'&lt;div class=&quot;banner-center1&quot;&gt;\r\n	&lt;a href=&quot;#&quot;&gt;&lt;img src=&quot;image/catalog/cmsblock/block4-home1.jpg&quot; alt=&quot;block3&quot;&gt;&lt;/a&gt;\r\n&lt;/div&gt;'),(225,3,38,'Banner Static1 Home1',NULL,'&lt;div class=&quot;banner-static1&quot;&gt;\r\n	&lt;div class=&quot;row&quot;&gt;\r\n		&lt;div class=&quot;col-md-12 col-sm-6 col-sms-12&quot;&gt;\r\n			&lt;div class=&quot;col col1&quot;&gt;\r\n				&lt;a href=&quot;#&quot;&gt;&lt;/a&gt;&lt;a href=&quot;#&quot;&gt;&lt;img src=&quot;image/catalog/cmsblock/block-home1.jpg&quot; alt=&quot;block1&quot;&gt;&lt;/a&gt;\r\n				&lt;div class=&quot;banner-content&quot;&gt;\r\n					&lt;h3&gt;Mincers &amp;amp; Slicers&lt;/h3&gt;\r\n					&lt;a href=&quot;#&quot;&gt;View Details&lt;/a&gt;\r\n				&lt;/div&gt;\r\n			&lt;/div&gt;\r\n		&lt;/div&gt;\r\n		&lt;div class=&quot;col-md-12 col-sm-6 col-sms-12&quot;&gt;\r\n			&lt;div class=&quot;col col2&quot;&gt;\r\n				&lt;a href=&quot;#&quot;&gt;&lt;/a&gt;&lt;a href=&quot;#&quot;&gt;&lt;img src=&quot;image/catalog/cmsblock/block1-home1.jpg&quot; alt=&quot;block2&quot;&gt;&lt;/a&gt;\r\n				&lt;div class=&quot;banner-content&quot;&gt;\r\n					&lt;h3&gt;Cookware Sets&lt;/h3&gt;\r\n					&lt;a href=&quot;#&quot;&gt;View Details&lt;/a&gt;\r\n				&lt;/div&gt;\r\n			&lt;/div&gt;\r\n		&lt;/div&gt;\r\n	&lt;/div&gt;\r\n&lt;/div&gt;									'),(293,3,59,'Banner Right',NULL,'&lt;div class=&quot;banner-right&quot;&gt;\r\n	&lt;a href=&quot;#&quot;&gt;\r\n		&lt;img src=&quot;image/catalog/cmsblock/bg-right.jpg&quot; alt=&quot;block&quot;&gt;\r\n	&lt;/a&gt;\r\n&lt;/div&gt;'),(205,3,42,'Banner Center2 Home1',NULL,'										&lt;div class=&quot;banner-center2&quot;&gt;\r\n	&lt;a href=&quot;#&quot;&gt;&lt;img src=&quot;image/catalog/cmsblock/block5-home1.jpg&quot; alt=&quot;block5&quot;&gt;&lt;/a&gt;\r\n&lt;/div&gt;									'),(223,3,44,'Link Footer',NULL,'&lt;div class=&quot;link-footer&quot;&gt;\r\n	&lt;div class=&quot;container&quot;&gt;\r\n	&lt;ul class=&quot;row1&quot;&gt;\r\n		&lt;li&gt;&lt;a href=&quot;#&quot;&gt;Online Shopping&lt;/a&gt;&lt;/li&gt;\r\n		&lt;li&gt;&lt;a href=&quot;#&quot;&gt;Promotions&lt;/a&gt;&lt;/li&gt;\r\n		&lt;li&gt;&lt;a href=&quot;#&quot;&gt;My Orders&lt;/a&gt;&lt;/li&gt;\r\n		&lt;li&gt;&lt;a href=&quot;#&quot;&gt;Help&lt;/a&gt;&lt;/li&gt;\r\n		&lt;li&gt;&lt;a href=&quot;#&quot;&gt;Customer Service&lt;/a&gt;&lt;/li&gt;\r\n		&lt;li&gt;&lt;a href=&quot;#&quot;&gt;Support&lt;/a&gt;&lt;/li&gt;\r\n		&lt;li&gt;&lt;a href=&quot;#&quot;&gt;Most Populars&lt;/a&gt;&lt;/li&gt;\r\n		&lt;li&gt;&lt;a href=&quot;#&quot;&gt;New Arrivals&lt;/a&gt;&lt;/li&gt;\r\n		&lt;li&gt;&lt;a href=&quot;#&quot;&gt;Special Products&lt;/a&gt;&lt;/li&gt;\r\n		&lt;li&gt;&lt;a href=&quot;#&quot;&gt;Manufacturers&lt;/a&gt;&lt;/li&gt;\r\n		&lt;li&gt;&lt;a href=&quot;#&quot;&gt;Our Stores&lt;/a&gt;&lt;/li&gt;\r\n		&lt;li&gt;&lt;a href=&quot;#&quot;&gt;Shipping&lt;/a&gt;&lt;/li&gt;\r\n		&lt;li&gt;&lt;a href=&quot;#&quot;&gt;Payments&lt;/a&gt;&lt;/li&gt;\r\n		&lt;li&gt;&lt;a href=&quot;#&quot;&gt;Warantee&lt;/a&gt;&lt;/li&gt;\r\n		&lt;li&gt;&lt;a href=&quot;#&quot;&gt;Refunds&lt;/a&gt;&lt;/li&gt;\r\n		&lt;li&gt;&lt;a href=&quot;#&quot;&gt;Checkout&lt;/a&gt;&lt;/li&gt;\r\n		&lt;li&gt;&lt;a href=&quot;#&quot;&gt;Discount&lt;/a&gt;&lt;/li&gt;\r\n		&lt;li&gt;&lt;a href=&quot;#&quot;&gt;Policy&lt;/a&gt;&lt;/li&gt;\r\n		&lt;li&gt;&lt;a href=&quot;#&quot;&gt;Policy&lt;/a&gt;&lt;/li&gt;\r\n		&lt;li&gt;&lt;a href=&quot;#&quot;&gt;Payments&lt;/a&gt;&lt;/li&gt;\r\n		&lt;li&gt;&lt;a href=&quot;#&quot;&gt;Returns&lt;/a&gt;&lt;/li&gt;\r\n		&lt;li&gt;&lt;a href=&quot;#&quot;&gt;Refunds&lt;/a&gt;&lt;/li&gt;\r\n	&lt;/ul&gt;\r\n	&lt;ul class=&quot;row2&quot;&gt;\r\n		&lt;li&gt;&lt;a href=&quot;#&quot;&gt;&lt;img src=&quot;image/catalog/cmsblock/paypal.png&quot; alt=&quot;paypal&quot;&gt;&lt;/a&gt;&lt;/li&gt;\r\n		&lt;li&gt;&lt;a href=&quot;#&quot;&gt;&lt;img src=&quot;image/catalog/cmsblock/paypal1.png&quot; alt=&quot;paypal1&quot;&gt;&lt;/a&gt;&lt;/li&gt;\r\n		&lt;li&gt;&lt;a href=&quot;#&quot;&gt;&lt;img src=&quot;image/catalog/cmsblock/paypal2.png&quot; alt=&quot;paypal2&quot;&gt;&lt;/a&gt;&lt;/li&gt;\r\n		&lt;li&gt;&lt;a href=&quot;#&quot;&gt;&lt;img src=&quot;image/catalog/cmsblock/paypal3.png&quot; alt=&quot;paypal3&quot;&gt;&lt;/a&gt;&lt;/li&gt;\r\n		&lt;li&gt;&lt;a href=&quot;#&quot;&gt;&lt;img src=&quot;image/catalog/cmsblock/paypal5.png&quot; alt=&quot;paypal5&quot;&gt;&lt;/a&gt;&lt;/li&gt;\r\n		&lt;li&gt;&lt;a href=&quot;#&quot;&gt;&lt;img src=&quot;image/catalog/cmsblock/paypal6.png&quot; alt=&quot;paypal6&quot;&gt;&lt;/a&gt;&lt;/li&gt;\r\n		&lt;li&gt;&lt;a href=&quot;#&quot;&gt;&lt;img src=&quot;image/catalog/cmsblock/paypal7.png&quot; alt=&quot;paypal7&quot;&gt;&lt;/a&gt;&lt;/li&gt;\r\n		&lt;li&gt;&lt;a href=&quot;#&quot;&gt;&lt;img src=&quot;image/catalog/cmsblock/paypal8.png&quot; alt=&quot;paypal8&quot;&gt;&lt;/a&gt;&lt;/li&gt;\r\n		&lt;li&gt;&lt;a href=&quot;#&quot;&gt;&lt;img src=&quot;image/catalog/cmsblock/paypal9.png&quot; alt=&quot;paypal9&quot;&gt;&lt;/a&gt;&lt;/li&gt;\r\n		&lt;li&gt;&lt;a href=&quot;#&quot;&gt;&lt;img src=&quot;image/catalog/cmsblock/paypal10.png&quot; alt=&quot;paypal10&quot;&gt;&lt;/a&gt;&lt;/li&gt;\r\n		&lt;li&gt;&lt;a href=&quot;#&quot;&gt;&lt;img src=&quot;image/catalog/cmsblock/paypal11.png&quot; alt=&quot;paypal11&quot;&gt;&lt;/a&gt;&lt;/li&gt;\r\n		&lt;li&gt;&lt;a href=&quot;#&quot;&gt;&lt;img src=&quot;image/catalog/cmsblock/paypal12.png&quot; alt=&quot;paypal12&quot;&gt;&lt;/a&gt;&lt;/li&gt;\r\n	&lt;/ul&gt;\r\n	&lt;/div&gt;\r\n&lt;/div&gt;'),(295,3,45,'Bestseller',NULL,'																																																																												'),(299,3,46,'New Products',NULL,'																																																																												'),(297,3,47,'Contact Us',NULL,'																																																																												'),(301,3,48,'Special',NULL,'																																																																												'),(241,3,49,'Banner Center Home2',NULL,'										&lt;div class=&quot;banner-center&quot;&gt;\r\n	&lt;div class=&quot;row&quot;&gt;\r\n		&lt;div class=&quot;col-md-6 col-sm-6 col-sms-12&quot;&gt;\r\n			&lt;div class=&quot;col col1&quot;&gt;\r\n				&lt;a href=&quot;#&quot;&gt;&lt;img src=&quot;image/catalog/cmsblock/block-home2.jpg&quot; alt=&quot;image&quot;&gt;&lt;/a&gt;\r\n			&lt;/div&gt;\r\n		&lt;/div&gt;\r\n		&lt;div class=&quot;col-md-6 col-sm-6 col-sms-12&quot;&gt;\r\n			&lt;div class=&quot;col col2&quot;&gt;\r\n				&lt;a href=&quot;#&quot;&gt;&lt;img src=&quot;image/catalog/cmsblock/block1-home2.jpg&quot; alt=&quot;image&quot;&gt;&lt;/a&gt;\r\n			&lt;/div&gt;\r\n		&lt;/div&gt;\r\n	&lt;/div&gt;\r\n&lt;/div&gt;									'),(245,3,50,'Banner Center1 Home2',NULL,'&lt;div class=&quot;banner-center1&quot;&gt;\r\n	&lt;div class=&quot;row&quot;&gt;\r\n		&lt;div class=&quot;col-md-6 col-sm-6 col-sms-12&quot;&gt;\r\n			&lt;div class=&quot;col col1&quot;&gt;\r\n				&lt;a href=&quot;#&quot;&gt;&lt;img src=&quot;image/catalog/cmsblock/block2-home2.jpg&quot; alt=&quot;image&quot;&gt;&lt;/a&gt;\r\n			&lt;/div&gt;\r\n		&lt;/div&gt;\r\n		&lt;div class=&quot;col-md-6 col-sm-6 col-sms-12&quot;&gt;\r\n			&lt;div class=&quot;col col2&quot;&gt;\r\n				&lt;a href=&quot;#&quot;&gt;&lt;img src=&quot;image/catalog/cmsblock/block3-home2.jpg&quot; alt=&quot;image&quot;&gt;&lt;/a&gt;\r\n			&lt;/div&gt;\r\n		&lt;/div&gt;\r\n	&lt;/div&gt;\r\n&lt;/div&gt;'),(247,3,51,'Banner Center2 Home2',NULL,'&lt;div class=&quot;banner-center2&quot;&gt;\r\n	&lt;div class=&quot;row&quot;&gt;\r\n		&lt;div class=&quot;col-md-6 col-sm-6 col-sms-12&quot;&gt;\r\n			&lt;div class=&quot;col col1&quot;&gt;\r\n				&lt;a href=&quot;#&quot;&gt;&lt;img src=&quot;image/catalog/cmsblock/block4-home2.jpg&quot; alt=&quot;image&quot;&gt;&lt;/a&gt;\r\n			&lt;/div&gt;\r\n		&lt;/div&gt;\r\n		&lt;div class=&quot;col-md-6 col-sm-6 col-sms-12&quot;&gt;\r\n			&lt;div class=&quot;col col2&quot;&gt;\r\n				&lt;a href=&quot;#&quot;&gt;&lt;img src=&quot;image/catalog/cmsblock/block5-home2.jpg&quot; alt=&quot;image&quot;&gt;&lt;/a&gt;\r\n			&lt;/div&gt;\r\n		&lt;/div&gt;\r\n	&lt;/div&gt;\r\n&lt;/div&gt;'),(249,3,52,'Banner Center3 Home2',NULL,'&lt;div class=&quot;banner-center3&quot;&gt;\r\n	&lt;div class=&quot;col col1&quot;&gt;\r\n		&lt;a href=&quot;#&quot;&gt;&lt;img src=&quot;image/catalog/cmsblock/block6-home2.jpg&quot; alt=&quot;image&quot;&gt;&lt;/a&gt;\r\n	&lt;/div&gt;\r\n&lt;/div&gt;'),(255,3,43,'Banner Bottom',NULL,'																				&lt;div class=&quot;banner-bottom&quot;&gt;\r\n	&lt;div class=&quot;container&quot;&gt;\r\n		&lt;div class=&quot;row&quot;&gt;\r\n			&lt;div class=&quot;col-md-4 col-sm-4 col-sms-12&quot;&gt;\r\n				&lt;div class=&quot;col col1&quot;&gt;\r\n					&lt;i class=&quot;banner-icons&quot;&gt;&lt;img src=&quot;image/catalog/cmsblock/icon.png&quot; alt=&quot;icon&quot;&gt;&lt;/i&gt;\r\n					&lt;div class=&quot;banner-text&quot;&gt;\r\n						&lt;h2&gt;888 345 6789&lt;/h2&gt;\r\n						&lt;p&gt;Free support line!&lt;/p&gt;\r\n					&lt;/div&gt;\r\n				&lt;/div&gt;\r\n			&lt;/div&gt;\r\n			&lt;div class=&quot;col-md-4 col-sm-4 col-sms-12&quot;&gt;\r\n				&lt;div class=&quot;col col2&quot;&gt;\r\n					&lt;i class=&quot;banner-icons&quot;&gt;&lt;img src=&quot;image/catalog/cmsblock/icon1.png&quot; alt=&quot;icon1&quot;&gt;&lt;/i&gt;\r\n					&lt;div class=&quot;banner-text&quot;&gt;\r\n						&lt;h2&gt;Support@plazathemes.com&lt;/h2&gt;\r\n						&lt;p&gt;Orders Support!&lt;/p&gt;\r\n					&lt;/div&gt;\r\n				&lt;/div&gt;\r\n			&lt;/div&gt;\r\n			&lt;div class=&quot;col-md-4 col-sm-4 col-sms-12&quot;&gt;\r\n				&lt;div class=&quot;col col3&quot;&gt;\r\n					&lt;i class=&quot;banner-icons&quot;&gt;&lt;img src=&quot;image/catalog/cmsblock/icon2.png&quot; alt=&quot;icon2&quot;&gt;&lt;/i&gt;\r\n					&lt;div class=&quot;banner-text&quot;&gt;\r\n						&lt;h2&gt;Mon - Fri / 8:00 - 18:00&lt;/h2&gt;\r\n						&lt;p&gt;Working Days/Hours!&lt;/p&gt;\r\n					&lt;/div&gt;\r\n				&lt;/div&gt;\r\n			&lt;/div&gt;\r\n		&lt;/div&gt;\r\n	&lt;/div&gt;\r\n&lt;/div&gt;																		'),(253,3,53,'Banner Bottom2',NULL,'																				&lt;div class=&quot;banner-bottom&quot;&gt;\r\n	&lt;div class=&quot;container&quot;&gt;\r\n		&lt;div class=&quot;row&quot;&gt;\r\n			&lt;div class=&quot;col-md-4 col-sm-4 col-sms-12&quot;&gt;\r\n				&lt;div class=&quot;col col1&quot;&gt;\r\n					&lt;i class=&quot;banner-icons&quot;&gt;&lt;img src=&quot;image/catalog/cmsblock/icon3.png&quot; alt=&quot;icon&quot;&gt;&lt;/i&gt;\r\n					&lt;div class=&quot;banner-text&quot;&gt;\r\n						&lt;h2&gt;888 345 6789&lt;/h2&gt;\r\n						&lt;p&gt;Free support line!&lt;/p&gt;\r\n					&lt;/div&gt;\r\n				&lt;/div&gt;\r\n			&lt;/div&gt;\r\n			&lt;div class=&quot;col-md-4 col-sm-4 col-sms-12&quot;&gt;\r\n				&lt;div class=&quot;col col2&quot;&gt;\r\n					&lt;i class=&quot;banner-icons&quot;&gt;&lt;img src=&quot;image/catalog/cmsblock/icon4.png&quot; alt=&quot;icon1&quot;&gt;&lt;/i&gt;\r\n					&lt;div class=&quot;banner-text&quot;&gt;\r\n						&lt;h2&gt;Support@plazathemes.com&lt;/h2&gt;\r\n						&lt;p&gt;Orders Support!&lt;/p&gt;\r\n					&lt;/div&gt;\r\n				&lt;/div&gt;\r\n			&lt;/div&gt;\r\n			&lt;div class=&quot;col-md-4 col-sm-4 col-sms-12&quot;&gt;\r\n				&lt;div class=&quot;col col3&quot;&gt;\r\n					&lt;i class=&quot;banner-icons&quot;&gt;&lt;img src=&quot;image/catalog/cmsblock/icon5.png&quot; alt=&quot;icon2&quot;&gt;&lt;/i&gt;\r\n					&lt;div class=&quot;banner-text&quot;&gt;\r\n						&lt;h2&gt;Mon - Fri / 8:00 - 18:00&lt;/h2&gt;\r\n						&lt;p&gt;Working Days/Hours!&lt;/p&gt;\r\n					&lt;/div&gt;\r\n				&lt;/div&gt;\r\n			&lt;/div&gt;\r\n		&lt;/div&gt;\r\n	&lt;/div&gt;\r\n&lt;/div&gt;																		'),(271,3,54,'Banner Static1 Home3',NULL,'&lt;div class=&quot;banner-static1&quot;&gt;\r\n	&lt;div class=&quot;row&quot;&gt;\r\n		&lt;div class=&quot;col-md-6 col-sm-6 col-sms-12&quot;&gt;\r\n			&lt;div class=&quot;col col1&quot;&gt;\r\n				&lt;a href=&quot;#&quot;&gt;&lt;img src=&quot;image/catalog/cmsblock/block-home3.jpg&quot; alt=&quot;image&quot;&gt;&lt;/a&gt;\r\n			&lt;/div&gt;\r\n		&lt;/div&gt;\r\n		&lt;div class=&quot;col-md-6 col-sm-6 col-sms-12&quot;&gt;\r\n			&lt;div class=&quot;col col2&quot;&gt;\r\n				&lt;a href=&quot;#&quot;&gt;&lt;img src=&quot;image/catalog/cmsblock/block1-home3.jpg&quot; alt=&quot;image&quot;&gt;&lt;/a&gt;\r\n			&lt;/div&gt;\r\n		&lt;/div&gt;\r\n	&lt;/div&gt;\r\n&lt;/div&gt;'),(275,3,55,'Banner Bottom3',NULL,'																																								&lt;div class=&quot;banner-bottom&quot;&gt;\r\n	&lt;div class=&quot;container&quot;&gt;\r\n		&lt;div class=&quot;row&quot;&gt;\r\n			&lt;div class=&quot;col-md-4 col-sm-4 col-sms-12&quot;&gt;\r\n				&lt;div class=&quot;col col1&quot;&gt;\r\n					&lt;i class=&quot;banner-icons&quot;&gt;&lt;img src=&quot;image/catalog/cmsblock/icon6.png&quot; alt=&quot;icon&quot;&gt;&lt;/i&gt;\r\n					&lt;div class=&quot;banner-text&quot;&gt;\r\n						&lt;h2&gt;888 345 6789&lt;/h2&gt;\r\n						&lt;p&gt;Free support line!&lt;/p&gt;\r\n					&lt;/div&gt;\r\n				&lt;/div&gt;\r\n			&lt;/div&gt;\r\n			&lt;div class=&quot;col-md-4 col-sm-4 col-sms-12&quot;&gt;\r\n				&lt;div class=&quot;col col2&quot;&gt;\r\n					&lt;i class=&quot;banner-icons&quot;&gt;&lt;img src=&quot;image/catalog/cmsblock/icon7.png&quot; alt=&quot;icon1&quot;&gt;&lt;/i&gt;\r\n					&lt;div class=&quot;banner-text&quot;&gt;\r\n						&lt;h2&gt;Support@plazathemes.com&lt;/h2&gt;\r\n						&lt;p&gt;Orders Support!&lt;/p&gt;\r\n					&lt;/div&gt;\r\n				&lt;/div&gt;\r\n			&lt;/div&gt;\r\n			&lt;div class=&quot;col-md-4 col-sm-4 col-sms-12&quot;&gt;\r\n				&lt;div class=&quot;col col3&quot;&gt;\r\n					&lt;i class=&quot;banner-icons&quot;&gt;&lt;img src=&quot;image/catalog/cmsblock/icon8.png&quot; alt=&quot;icon2&quot;&gt;&lt;/i&gt;\r\n					&lt;div class=&quot;banner-text&quot;&gt;\r\n						&lt;h2&gt;Mon - Fri / 8:00 - 18:00&lt;/h2&gt;\r\n						&lt;p&gt;Working Days/Hours!&lt;/p&gt;\r\n					&lt;/div&gt;\r\n				&lt;/div&gt;\r\n			&lt;/div&gt;\r\n		&lt;/div&gt;\r\n	&lt;/div&gt;\r\n&lt;/div&gt;																																				'),(291,3,56,'Banner Static Home4',NULL,'&lt;div class=&quot;banner-static&quot;&gt;\r\n	&lt;div class=&quot;row&quot;&gt;\r\n		&lt;div class=&quot;col-md-12 col-sm-6 col-sms-12&quot;&gt;\r\n			&lt;div class=&quot;col col1&quot;&gt;\r\n				&lt;a href=&quot;#&quot;&gt;&lt;img src=&quot;image/catalog/cmsblock/block-home4.jpg&quot; alt=&quot;image&quot;&gt;&lt;/a&gt;\r\n			&lt;/div&gt;\r\n		&lt;/div&gt;\r\n		&lt;div class=&quot;col-md-12 col-sm-6 col-sms-12&quot;&gt;\r\n			&lt;div class=&quot;col col2&quot;&gt;\r\n				&lt;a href=&quot;#&quot;&gt;&lt;img src=&quot;image/catalog/cmsblock/block1-home4.jpg&quot; alt=&quot;image&quot;&gt;&lt;/a&gt;\r\n			&lt;/div&gt;\r\n		&lt;/div&gt;\r\n	&lt;/div&gt;\r\n&lt;/div&gt;'),(287,3,57,'Banner Center Home4',NULL,'&lt;div class=&quot;banner-center&quot;&gt;\r\n	&lt;a href=&quot;#&quot;&gt;&lt;img src=&quot;image/catalog/cmsblock/block2-home4.jpg&quot; alt=&quot;image&quot;&gt;&lt;/a&gt;\r\n&lt;/div&gt;'),(289,3,58,'Banner Bottom4',NULL,'																																																		&lt;div class=&quot;banner-bottom&quot;&gt;\r\n	&lt;div class=&quot;container&quot;&gt;\r\n		&lt;div class=&quot;row&quot;&gt;\r\n			&lt;div class=&quot;col-md-4 col-sm-4 col-sms-12&quot;&gt;\r\n				&lt;div class=&quot;col col1&quot;&gt;\r\n					&lt;i class=&quot;banner-icons&quot;&gt;&lt;img src=&quot;image/catalog/cmsblock/icon9.png&quot; alt=&quot;icon&quot;&gt;&lt;/i&gt;\r\n					&lt;div class=&quot;banner-text&quot;&gt;\r\n						&lt;h2&gt;888 345 6789&lt;/h2&gt;\r\n						&lt;p&gt;Free support line!&lt;/p&gt;\r\n					&lt;/div&gt;\r\n				&lt;/div&gt;\r\n			&lt;/div&gt;\r\n			&lt;div class=&quot;col-md-4 col-sm-4 col-sms-12&quot;&gt;\r\n				&lt;div class=&quot;col col2&quot;&gt;\r\n					&lt;i class=&quot;banner-icons&quot;&gt;&lt;img src=&quot;image/catalog/cmsblock/icon10.png&quot; alt=&quot;icon1&quot;&gt;&lt;/i&gt;\r\n					&lt;div class=&quot;banner-text&quot;&gt;\r\n						&lt;h2&gt;Support@plazathemes.com&lt;/h2&gt;\r\n						&lt;p&gt;Orders Support!&lt;/p&gt;\r\n					&lt;/div&gt;\r\n				&lt;/div&gt;\r\n			&lt;/div&gt;\r\n			&lt;div class=&quot;col-md-4 col-sm-4 col-sms-12&quot;&gt;\r\n				&lt;div class=&quot;col col3&quot;&gt;\r\n					&lt;i class=&quot;banner-icons&quot;&gt;&lt;img src=&quot;image/catalog/cmsblock/icon11.png&quot; alt=&quot;icon2&quot;&gt;&lt;/i&gt;\r\n					&lt;div class=&quot;banner-text&quot;&gt;\r\n						&lt;h2&gt;Mon - Fri / 8:00 - 18:00&lt;/h2&gt;\r\n						&lt;p&gt;Working Days/Hours!&lt;/p&gt;\r\n					&lt;/div&gt;\r\n				&lt;/div&gt;\r\n			&lt;/div&gt;\r\n		&lt;/div&gt;\r\n	&lt;/div&gt;\r\n&lt;/div&gt;																																													'),(269,4,20,'Banner Static Home123',NULL,'																				&lt;div class=&quot;banner-static&quot;&gt;\r\n	&lt;div class=&quot;row&quot;&gt;\r\n		&lt;div class=&quot;col-md-4 col-sm-4 col-sms-12&quot;&gt;\r\n			&lt;div class=&quot;col col1&quot;&gt;\r\n				&lt;div class=&quot;banner-content&quot;&gt;\r\n					&lt;h3&gt;FREE RETURN&lt;/h3&gt;\r\n					&lt;p&gt;30 days money back guarantee!&lt;/p&gt;\r\n				&lt;/div&gt;\r\n			&lt;/div&gt;\r\n		&lt;/div&gt;\r\n		&lt;div class=&quot;col-md-4 col-sm-4 col-sms-12&quot;&gt;\r\n			&lt;div class=&quot;col col2&quot;&gt;\r\n				&lt;div class=&quot;banner-content&quot;&gt;\r\n					&lt;h3&gt;FREE shipping&lt;/h3&gt;\r\n					&lt;p&gt;Free shipping on all order&lt;/p&gt;\r\n				&lt;/div&gt;\r\n			&lt;/div&gt;\r\n		&lt;/div&gt;\r\n		&lt;div class=&quot;col-md-4 col-sm-4 col-sms-12&quot;&gt;\r\n			&lt;div class=&quot;col col3&quot;&gt;\r\n				&lt;div class=&quot;banner-content&quot;&gt;\r\n					&lt;h3&gt;Support 24/7&lt;/h3&gt;\r\n					&lt;p&gt;We support online 24 hours a day&lt;/p&gt;\r\n				&lt;/div&gt;\r\n			&lt;/div&gt;\r\n		&lt;/div&gt;\r\n	&lt;/div&gt;\r\n&lt;/div&gt;																		'),(199,4,29,'Banner Center Home1',NULL,'&lt;div class=&quot;banner-center&quot;&gt;\r\n	&lt;div class=&quot;row&quot;&gt;\r\n		&lt;div class=&quot;col-md-7 col-sm-7 col-sms-12&quot;&gt;\r\n			&lt;div class=&quot;col col1&quot;&gt;\r\n				&lt;a href=&quot;#&quot;&gt;&lt;/a&gt;&lt;a href=&quot;#&quot;&gt;&lt;img src=&quot;image/catalog/cmsblock/block2-home1.jpg&quot; alt=&quot;block1&quot;&gt;&lt;/a&gt;\r\n			&lt;/div&gt;\r\n		&lt;/div&gt;\r\n		&lt;div class=&quot;col-md-5 col-sm-5 col-sms-12&quot;&gt;\r\n			&lt;div class=&quot;col col2&quot;&gt;\r\n				&lt;a href=&quot;#&quot;&gt;&lt;/a&gt;&lt;a href=&quot;#&quot;&gt;&lt;img src=&quot;image/catalog/cmsblock/block3-home1.jpg&quot; alt=&quot;block2&quot;&gt;&lt;/a&gt;\r\n			&lt;/div&gt;\r\n		&lt;/div&gt;\r\n	&lt;/div&gt;\r\n&lt;/div&gt;'),(257,4,39,'Social Footer',NULL,'										&lt;ul class=&quot;social-footer&quot;&gt;\r\n	&lt;li class=&quot;twitter&quot;&gt;&lt;a href=&quot;#&quot;&gt;twitter&lt;/a&gt;&lt;/li&gt;\r\n	&lt;li class=&quot;facebook&quot;&gt;&lt;a href=&quot;#&quot;&gt;facebook&lt;/a&gt;&lt;/li&gt;\r\n	&lt;li class=&quot;google&quot;&gt;&lt;a href=&quot;#&quot;&gt;google&lt;/a&gt;&lt;/li&gt;\r\n	&lt;li class=&quot;behance&quot;&gt;&lt;a href=&quot;#&quot;&gt;behance&lt;/a&gt;&lt;/li&gt;\r\n	&lt;li class=&quot;pinterest&quot;&gt;&lt;a href=&quot;#&quot;&gt;pinterest&lt;/a&gt;&lt;/li&gt;\r\n	&lt;li class=&quot;youtube&quot;&gt;&lt;a href=&quot;#&quot;&gt;youtube&lt;/a&gt;&lt;/li&gt;\r\n&lt;/ul&gt;																		'),(259,4,31,'Banner Left',NULL,'										&lt;div class=&quot;banner-left&quot;&gt;&lt;a href=&quot;#&quot;&gt;&lt;img src=&quot;image/catalog/cmsblock/banner-left.jpg&quot; alt=&quot;block3&quot;&gt;&lt;/a&gt;&lt;/div&gt;									'),(201,4,40,'Banner Center1 Home1',NULL,'&lt;div class=&quot;banner-center1&quot;&gt;\r\n	&lt;a href=&quot;#&quot;&gt;&lt;img src=&quot;image/catalog/cmsblock/block4-home1.jpg&quot; alt=&quot;block3&quot;&gt;&lt;/a&gt;\r\n&lt;/div&gt;'),(225,4,38,'Banner Static1 Home1',NULL,'&lt;div class=&quot;banner-static1&quot;&gt;\r\n	&lt;div class=&quot;row&quot;&gt;\r\n		&lt;div class=&quot;col-md-12 col-sm-6 col-sms-12&quot;&gt;\r\n			&lt;div class=&quot;col col1&quot;&gt;\r\n				&lt;a href=&quot;#&quot;&gt;&lt;/a&gt;&lt;a href=&quot;#&quot;&gt;&lt;img src=&quot;image/catalog/cmsblock/block-home1.jpg&quot; alt=&quot;block1&quot;&gt;&lt;/a&gt;\r\n				&lt;div class=&quot;banner-content&quot;&gt;\r\n					&lt;h3&gt;Mincers &amp;amp; Slicers&lt;/h3&gt;\r\n					&lt;a href=&quot;#&quot;&gt;View Details&lt;/a&gt;\r\n				&lt;/div&gt;\r\n			&lt;/div&gt;\r\n		&lt;/div&gt;\r\n		&lt;div class=&quot;col-md-12 col-sm-6 col-sms-12&quot;&gt;\r\n			&lt;div class=&quot;col col2&quot;&gt;\r\n				&lt;a href=&quot;#&quot;&gt;&lt;/a&gt;&lt;a href=&quot;#&quot;&gt;&lt;img src=&quot;image/catalog/cmsblock/block1-home1.jpg&quot; alt=&quot;block2&quot;&gt;&lt;/a&gt;\r\n				&lt;div class=&quot;banner-content&quot;&gt;\r\n					&lt;h3&gt;Cookware Sets&lt;/h3&gt;\r\n					&lt;a href=&quot;#&quot;&gt;View Details&lt;/a&gt;\r\n				&lt;/div&gt;\r\n			&lt;/div&gt;\r\n		&lt;/div&gt;\r\n	&lt;/div&gt;\r\n&lt;/div&gt;									'),(293,4,59,'Banner Right',NULL,'&lt;div class=&quot;banner-right&quot;&gt;\r\n	&lt;a href=&quot;#&quot;&gt;\r\n		&lt;img src=&quot;image/catalog/cmsblock/bg-right.jpg&quot; alt=&quot;block&quot;&gt;\r\n	&lt;/a&gt;\r\n&lt;/div&gt;'),(205,4,42,'Banner Center2 Home1',NULL,'										&lt;div class=&quot;banner-center2&quot;&gt;\r\n	&lt;a href=&quot;#&quot;&gt;&lt;img src=&quot;image/catalog/cmsblock/block5-home1.jpg&quot; alt=&quot;block5&quot;&gt;&lt;/a&gt;\r\n&lt;/div&gt;									'),(223,4,44,'Link Footer',NULL,'&lt;div class=&quot;link-footer&quot;&gt;\r\n	&lt;div class=&quot;container&quot;&gt;\r\n	&lt;ul class=&quot;row1&quot;&gt;\r\n		&lt;li&gt;&lt;a href=&quot;#&quot;&gt;Online Shopping&lt;/a&gt;&lt;/li&gt;\r\n		&lt;li&gt;&lt;a href=&quot;#&quot;&gt;Promotions&lt;/a&gt;&lt;/li&gt;\r\n		&lt;li&gt;&lt;a href=&quot;#&quot;&gt;My Orders&lt;/a&gt;&lt;/li&gt;\r\n		&lt;li&gt;&lt;a href=&quot;#&quot;&gt;Help&lt;/a&gt;&lt;/li&gt;\r\n		&lt;li&gt;&lt;a href=&quot;#&quot;&gt;Customer Service&lt;/a&gt;&lt;/li&gt;\r\n		&lt;li&gt;&lt;a href=&quot;#&quot;&gt;Support&lt;/a&gt;&lt;/li&gt;\r\n		&lt;li&gt;&lt;a href=&quot;#&quot;&gt;Most Populars&lt;/a&gt;&lt;/li&gt;\r\n		&lt;li&gt;&lt;a href=&quot;#&quot;&gt;New Arrivals&lt;/a&gt;&lt;/li&gt;\r\n		&lt;li&gt;&lt;a href=&quot;#&quot;&gt;Special Products&lt;/a&gt;&lt;/li&gt;\r\n		&lt;li&gt;&lt;a href=&quot;#&quot;&gt;Manufacturers&lt;/a&gt;&lt;/li&gt;\r\n		&lt;li&gt;&lt;a href=&quot;#&quot;&gt;Our Stores&lt;/a&gt;&lt;/li&gt;\r\n		&lt;li&gt;&lt;a href=&quot;#&quot;&gt;Shipping&lt;/a&gt;&lt;/li&gt;\r\n		&lt;li&gt;&lt;a href=&quot;#&quot;&gt;Payments&lt;/a&gt;&lt;/li&gt;\r\n		&lt;li&gt;&lt;a href=&quot;#&quot;&gt;Warantee&lt;/a&gt;&lt;/li&gt;\r\n		&lt;li&gt;&lt;a href=&quot;#&quot;&gt;Refunds&lt;/a&gt;&lt;/li&gt;\r\n		&lt;li&gt;&lt;a href=&quot;#&quot;&gt;Checkout&lt;/a&gt;&lt;/li&gt;\r\n		&lt;li&gt;&lt;a href=&quot;#&quot;&gt;Discount&lt;/a&gt;&lt;/li&gt;\r\n		&lt;li&gt;&lt;a href=&quot;#&quot;&gt;Policy&lt;/a&gt;&lt;/li&gt;\r\n		&lt;li&gt;&lt;a href=&quot;#&quot;&gt;Policy&lt;/a&gt;&lt;/li&gt;\r\n		&lt;li&gt;&lt;a href=&quot;#&quot;&gt;Payments&lt;/a&gt;&lt;/li&gt;\r\n		&lt;li&gt;&lt;a href=&quot;#&quot;&gt;Returns&lt;/a&gt;&lt;/li&gt;\r\n		&lt;li&gt;&lt;a href=&quot;#&quot;&gt;Refunds&lt;/a&gt;&lt;/li&gt;\r\n	&lt;/ul&gt;\r\n	&lt;ul class=&quot;row2&quot;&gt;\r\n		&lt;li&gt;&lt;a href=&quot;#&quot;&gt;&lt;img src=&quot;image/catalog/cmsblock/paypal.png&quot; alt=&quot;paypal&quot;&gt;&lt;/a&gt;&lt;/li&gt;\r\n		&lt;li&gt;&lt;a href=&quot;#&quot;&gt;&lt;img src=&quot;image/catalog/cmsblock/paypal1.png&quot; alt=&quot;paypal1&quot;&gt;&lt;/a&gt;&lt;/li&gt;\r\n		&lt;li&gt;&lt;a href=&quot;#&quot;&gt;&lt;img src=&quot;image/catalog/cmsblock/paypal2.png&quot; alt=&quot;paypal2&quot;&gt;&lt;/a&gt;&lt;/li&gt;\r\n		&lt;li&gt;&lt;a href=&quot;#&quot;&gt;&lt;img src=&quot;image/catalog/cmsblock/paypal3.png&quot; alt=&quot;paypal3&quot;&gt;&lt;/a&gt;&lt;/li&gt;\r\n		&lt;li&gt;&lt;a href=&quot;#&quot;&gt;&lt;img src=&quot;image/catalog/cmsblock/paypal5.png&quot; alt=&quot;paypal5&quot;&gt;&lt;/a&gt;&lt;/li&gt;\r\n		&lt;li&gt;&lt;a href=&quot;#&quot;&gt;&lt;img src=&quot;image/catalog/cmsblock/paypal6.png&quot; alt=&quot;paypal6&quot;&gt;&lt;/a&gt;&lt;/li&gt;\r\n		&lt;li&gt;&lt;a href=&quot;#&quot;&gt;&lt;img src=&quot;image/catalog/cmsblock/paypal7.png&quot; alt=&quot;paypal7&quot;&gt;&lt;/a&gt;&lt;/li&gt;\r\n		&lt;li&gt;&lt;a href=&quot;#&quot;&gt;&lt;img src=&quot;image/catalog/cmsblock/paypal8.png&quot; alt=&quot;paypal8&quot;&gt;&lt;/a&gt;&lt;/li&gt;\r\n		&lt;li&gt;&lt;a href=&quot;#&quot;&gt;&lt;img src=&quot;image/catalog/cmsblock/paypal9.png&quot; alt=&quot;paypal9&quot;&gt;&lt;/a&gt;&lt;/li&gt;\r\n		&lt;li&gt;&lt;a href=&quot;#&quot;&gt;&lt;img src=&quot;image/catalog/cmsblock/paypal10.png&quot; alt=&quot;paypal10&quot;&gt;&lt;/a&gt;&lt;/li&gt;\r\n		&lt;li&gt;&lt;a href=&quot;#&quot;&gt;&lt;img src=&quot;image/catalog/cmsblock/paypal11.png&quot; alt=&quot;paypal11&quot;&gt;&lt;/a&gt;&lt;/li&gt;\r\n		&lt;li&gt;&lt;a href=&quot;#&quot;&gt;&lt;img src=&quot;image/catalog/cmsblock/paypal12.png&quot; alt=&quot;paypal12&quot;&gt;&lt;/a&gt;&lt;/li&gt;\r\n	&lt;/ul&gt;\r\n	&lt;/div&gt;\r\n&lt;/div&gt;'),(295,4,45,'Bestseller',NULL,'																																																																												'),(299,4,46,'New Products',NULL,'																																																																												'),(297,4,47,'Contact Us',NULL,'																																																																												'),(301,4,48,'Special',NULL,'																																																																												'),(241,4,49,'Banner Center Home2',NULL,'										&lt;div class=&quot;banner-center&quot;&gt;\r\n	&lt;div class=&quot;row&quot;&gt;\r\n		&lt;div class=&quot;col-md-6 col-sm-6 col-sms-12&quot;&gt;\r\n			&lt;div class=&quot;col col1&quot;&gt;\r\n				&lt;a href=&quot;#&quot;&gt;&lt;img src=&quot;image/catalog/cmsblock/block-home2.jpg&quot; alt=&quot;image&quot;&gt;&lt;/a&gt;\r\n			&lt;/div&gt;\r\n		&lt;/div&gt;\r\n		&lt;div class=&quot;col-md-6 col-sm-6 col-sms-12&quot;&gt;\r\n			&lt;div class=&quot;col col2&quot;&gt;\r\n				&lt;a href=&quot;#&quot;&gt;&lt;img src=&quot;image/catalog/cmsblock/block1-home2.jpg&quot; alt=&quot;image&quot;&gt;&lt;/a&gt;\r\n			&lt;/div&gt;\r\n		&lt;/div&gt;\r\n	&lt;/div&gt;\r\n&lt;/div&gt;									'),(245,4,50,'Banner Center1 Home2',NULL,'&lt;div class=&quot;banner-center1&quot;&gt;\r\n	&lt;div class=&quot;row&quot;&gt;\r\n		&lt;div class=&quot;col-md-6 col-sm-6 col-sms-12&quot;&gt;\r\n			&lt;div class=&quot;col col1&quot;&gt;\r\n				&lt;a href=&quot;#&quot;&gt;&lt;img src=&quot;image/catalog/cmsblock/block2-home2.jpg&quot; alt=&quot;image&quot;&gt;&lt;/a&gt;\r\n			&lt;/div&gt;\r\n		&lt;/div&gt;\r\n		&lt;div class=&quot;col-md-6 col-sm-6 col-sms-12&quot;&gt;\r\n			&lt;div class=&quot;col col2&quot;&gt;\r\n				&lt;a href=&quot;#&quot;&gt;&lt;img src=&quot;image/catalog/cmsblock/block3-home2.jpg&quot; alt=&quot;image&quot;&gt;&lt;/a&gt;\r\n			&lt;/div&gt;\r\n		&lt;/div&gt;\r\n	&lt;/div&gt;\r\n&lt;/div&gt;'),(247,4,51,'Banner Center2 Home2',NULL,'&lt;div class=&quot;banner-center2&quot;&gt;\r\n	&lt;div class=&quot;row&quot;&gt;\r\n		&lt;div class=&quot;col-md-6 col-sm-6 col-sms-12&quot;&gt;\r\n			&lt;div class=&quot;col col1&quot;&gt;\r\n				&lt;a href=&quot;#&quot;&gt;&lt;img src=&quot;image/catalog/cmsblock/block4-home2.jpg&quot; alt=&quot;image&quot;&gt;&lt;/a&gt;\r\n			&lt;/div&gt;\r\n		&lt;/div&gt;\r\n		&lt;div class=&quot;col-md-6 col-sm-6 col-sms-12&quot;&gt;\r\n			&lt;div class=&quot;col col2&quot;&gt;\r\n				&lt;a href=&quot;#&quot;&gt;&lt;img src=&quot;image/catalog/cmsblock/block5-home2.jpg&quot; alt=&quot;image&quot;&gt;&lt;/a&gt;\r\n			&lt;/div&gt;\r\n		&lt;/div&gt;\r\n	&lt;/div&gt;\r\n&lt;/div&gt;'),(249,4,52,'Banner Center3 Home2',NULL,'&lt;div class=&quot;banner-center3&quot;&gt;\r\n	&lt;div class=&quot;col col1&quot;&gt;\r\n		&lt;a href=&quot;#&quot;&gt;&lt;img src=&quot;image/catalog/cmsblock/block6-home2.jpg&quot; alt=&quot;image&quot;&gt;&lt;/a&gt;\r\n	&lt;/div&gt;\r\n&lt;/div&gt;'),(255,4,43,'Banner Bottom',NULL,'																				&lt;div class=&quot;banner-bottom&quot;&gt;\r\n	&lt;div class=&quot;container&quot;&gt;\r\n		&lt;div class=&quot;row&quot;&gt;\r\n			&lt;div class=&quot;col-md-4 col-sm-4 col-sms-12&quot;&gt;\r\n				&lt;div class=&quot;col col1&quot;&gt;\r\n					&lt;i class=&quot;banner-icons&quot;&gt;&lt;img src=&quot;image/catalog/cmsblock/icon.png&quot; alt=&quot;icon&quot;&gt;&lt;/i&gt;\r\n					&lt;div class=&quot;banner-text&quot;&gt;\r\n						&lt;h2&gt;888 345 6789&lt;/h2&gt;\r\n						&lt;p&gt;Free support line!&lt;/p&gt;\r\n					&lt;/div&gt;\r\n				&lt;/div&gt;\r\n			&lt;/div&gt;\r\n			&lt;div class=&quot;col-md-4 col-sm-4 col-sms-12&quot;&gt;\r\n				&lt;div class=&quot;col col2&quot;&gt;\r\n					&lt;i class=&quot;banner-icons&quot;&gt;&lt;img src=&quot;image/catalog/cmsblock/icon1.png&quot; alt=&quot;icon1&quot;&gt;&lt;/i&gt;\r\n					&lt;div class=&quot;banner-text&quot;&gt;\r\n						&lt;h2&gt;Support@plazathemes.com&lt;/h2&gt;\r\n						&lt;p&gt;Orders Support!&lt;/p&gt;\r\n					&lt;/div&gt;\r\n				&lt;/div&gt;\r\n			&lt;/div&gt;\r\n			&lt;div class=&quot;col-md-4 col-sm-4 col-sms-12&quot;&gt;\r\n				&lt;div class=&quot;col col3&quot;&gt;\r\n					&lt;i class=&quot;banner-icons&quot;&gt;&lt;img src=&quot;image/catalog/cmsblock/icon2.png&quot; alt=&quot;icon2&quot;&gt;&lt;/i&gt;\r\n					&lt;div class=&quot;banner-text&quot;&gt;\r\n						&lt;h2&gt;Mon - Fri / 8:00 - 18:00&lt;/h2&gt;\r\n						&lt;p&gt;Working Days/Hours!&lt;/p&gt;\r\n					&lt;/div&gt;\r\n				&lt;/div&gt;\r\n			&lt;/div&gt;\r\n		&lt;/div&gt;\r\n	&lt;/div&gt;\r\n&lt;/div&gt;																		'),(253,4,53,'Banner Bottom2',NULL,'																				&lt;div class=&quot;banner-bottom&quot;&gt;\r\n	&lt;div class=&quot;container&quot;&gt;\r\n		&lt;div class=&quot;row&quot;&gt;\r\n			&lt;div class=&quot;col-md-4 col-sm-4 col-sms-12&quot;&gt;\r\n				&lt;div class=&quot;col col1&quot;&gt;\r\n					&lt;i class=&quot;banner-icons&quot;&gt;&lt;img src=&quot;image/catalog/cmsblock/icon3.png&quot; alt=&quot;icon&quot;&gt;&lt;/i&gt;\r\n					&lt;div class=&quot;banner-text&quot;&gt;\r\n						&lt;h2&gt;888 345 6789&lt;/h2&gt;\r\n						&lt;p&gt;Free support line!&lt;/p&gt;\r\n					&lt;/div&gt;\r\n				&lt;/div&gt;\r\n			&lt;/div&gt;\r\n			&lt;div class=&quot;col-md-4 col-sm-4 col-sms-12&quot;&gt;\r\n				&lt;div class=&quot;col col2&quot;&gt;\r\n					&lt;i class=&quot;banner-icons&quot;&gt;&lt;img src=&quot;image/catalog/cmsblock/icon4.png&quot; alt=&quot;icon1&quot;&gt;&lt;/i&gt;\r\n					&lt;div class=&quot;banner-text&quot;&gt;\r\n						&lt;h2&gt;Support@plazathemes.com&lt;/h2&gt;\r\n						&lt;p&gt;Orders Support!&lt;/p&gt;\r\n					&lt;/div&gt;\r\n				&lt;/div&gt;\r\n			&lt;/div&gt;\r\n			&lt;div class=&quot;col-md-4 col-sm-4 col-sms-12&quot;&gt;\r\n				&lt;div class=&quot;col col3&quot;&gt;\r\n					&lt;i class=&quot;banner-icons&quot;&gt;&lt;img src=&quot;image/catalog/cmsblock/icon5.png&quot; alt=&quot;icon2&quot;&gt;&lt;/i&gt;\r\n					&lt;div class=&quot;banner-text&quot;&gt;\r\n						&lt;h2&gt;Mon - Fri / 8:00 - 18:00&lt;/h2&gt;\r\n						&lt;p&gt;Working Days/Hours!&lt;/p&gt;\r\n					&lt;/div&gt;\r\n				&lt;/div&gt;\r\n			&lt;/div&gt;\r\n		&lt;/div&gt;\r\n	&lt;/div&gt;\r\n&lt;/div&gt;																		'),(271,4,54,'Banner Static1 Home3',NULL,'&lt;div class=&quot;banner-static1&quot;&gt;\r\n	&lt;div class=&quot;row&quot;&gt;\r\n		&lt;div class=&quot;col-md-6 col-sm-6 col-sms-12&quot;&gt;\r\n			&lt;div class=&quot;col col1&quot;&gt;\r\n				&lt;a href=&quot;#&quot;&gt;&lt;img src=&quot;image/catalog/cmsblock/block-home3.jpg&quot; alt=&quot;image&quot;&gt;&lt;/a&gt;\r\n			&lt;/div&gt;\r\n		&lt;/div&gt;\r\n		&lt;div class=&quot;col-md-6 col-sm-6 col-sms-12&quot;&gt;\r\n			&lt;div class=&quot;col col2&quot;&gt;\r\n				&lt;a href=&quot;#&quot;&gt;&lt;img src=&quot;image/catalog/cmsblock/block1-home3.jpg&quot; alt=&quot;image&quot;&gt;&lt;/a&gt;\r\n			&lt;/div&gt;\r\n		&lt;/div&gt;\r\n	&lt;/div&gt;\r\n&lt;/div&gt;'),(275,4,55,'Banner Bottom3',NULL,'																																								&lt;div class=&quot;banner-bottom&quot;&gt;\r\n	&lt;div class=&quot;container&quot;&gt;\r\n		&lt;div class=&quot;row&quot;&gt;\r\n			&lt;div class=&quot;col-md-4 col-sm-4 col-sms-12&quot;&gt;\r\n				&lt;div class=&quot;col col1&quot;&gt;\r\n					&lt;i class=&quot;banner-icons&quot;&gt;&lt;img src=&quot;image/catalog/cmsblock/icon6.png&quot; alt=&quot;icon&quot;&gt;&lt;/i&gt;\r\n					&lt;div class=&quot;banner-text&quot;&gt;\r\n						&lt;h2&gt;888 345 6789&lt;/h2&gt;\r\n						&lt;p&gt;Free support line!&lt;/p&gt;\r\n					&lt;/div&gt;\r\n				&lt;/div&gt;\r\n			&lt;/div&gt;\r\n			&lt;div class=&quot;col-md-4 col-sm-4 col-sms-12&quot;&gt;\r\n				&lt;div class=&quot;col col2&quot;&gt;\r\n					&lt;i class=&quot;banner-icons&quot;&gt;&lt;img src=&quot;image/catalog/cmsblock/icon7.png&quot; alt=&quot;icon1&quot;&gt;&lt;/i&gt;\r\n					&lt;div class=&quot;banner-text&quot;&gt;\r\n						&lt;h2&gt;Support@plazathemes.com&lt;/h2&gt;\r\n						&lt;p&gt;Orders Support!&lt;/p&gt;\r\n					&lt;/div&gt;\r\n				&lt;/div&gt;\r\n			&lt;/div&gt;\r\n			&lt;div class=&quot;col-md-4 col-sm-4 col-sms-12&quot;&gt;\r\n				&lt;div class=&quot;col col3&quot;&gt;\r\n					&lt;i class=&quot;banner-icons&quot;&gt;&lt;img src=&quot;image/catalog/cmsblock/icon8.png&quot; alt=&quot;icon2&quot;&gt;&lt;/i&gt;\r\n					&lt;div class=&quot;banner-text&quot;&gt;\r\n						&lt;h2&gt;Mon - Fri / 8:00 - 18:00&lt;/h2&gt;\r\n						&lt;p&gt;Working Days/Hours!&lt;/p&gt;\r\n					&lt;/div&gt;\r\n				&lt;/div&gt;\r\n			&lt;/div&gt;\r\n		&lt;/div&gt;\r\n	&lt;/div&gt;\r\n&lt;/div&gt;																																				'),(291,4,56,'Banner Static Home4',NULL,'&lt;div class=&quot;banner-static&quot;&gt;\r\n	&lt;div class=&quot;row&quot;&gt;\r\n		&lt;div class=&quot;col-md-12 col-sm-6 col-sms-12&quot;&gt;\r\n			&lt;div class=&quot;col col1&quot;&gt;\r\n				&lt;a href=&quot;#&quot;&gt;&lt;img src=&quot;image/catalog/cmsblock/block-home4.jpg&quot; alt=&quot;image&quot;&gt;&lt;/a&gt;\r\n			&lt;/div&gt;\r\n		&lt;/div&gt;\r\n		&lt;div class=&quot;col-md-12 col-sm-6 col-sms-12&quot;&gt;\r\n			&lt;div class=&quot;col col2&quot;&gt;\r\n				&lt;a href=&quot;#&quot;&gt;&lt;img src=&quot;image/catalog/cmsblock/block1-home4.jpg&quot; alt=&quot;image&quot;&gt;&lt;/a&gt;\r\n			&lt;/div&gt;\r\n		&lt;/div&gt;\r\n	&lt;/div&gt;\r\n&lt;/div&gt;'),(287,4,57,'Banner Center Home4',NULL,'&lt;div class=&quot;banner-center&quot;&gt;\r\n	&lt;a href=&quot;#&quot;&gt;&lt;img src=&quot;image/catalog/cmsblock/block2-home4.jpg&quot; alt=&quot;image&quot;&gt;&lt;/a&gt;\r\n&lt;/div&gt;'),(289,4,58,'Banner Bottom4',NULL,'																																																		&lt;div class=&quot;banner-bottom&quot;&gt;\r\n	&lt;div class=&quot;container&quot;&gt;\r\n		&lt;div class=&quot;row&quot;&gt;\r\n			&lt;div class=&quot;col-md-4 col-sm-4 col-sms-12&quot;&gt;\r\n				&lt;div class=&quot;col col1&quot;&gt;\r\n					&lt;i class=&quot;banner-icons&quot;&gt;&lt;img src=&quot;image/catalog/cmsblock/icon9.png&quot; alt=&quot;icon&quot;&gt;&lt;/i&gt;\r\n					&lt;div class=&quot;banner-text&quot;&gt;\r\n						&lt;h2&gt;888 345 6789&lt;/h2&gt;\r\n						&lt;p&gt;Free support line!&lt;/p&gt;\r\n					&lt;/div&gt;\r\n				&lt;/div&gt;\r\n			&lt;/div&gt;\r\n			&lt;div class=&quot;col-md-4 col-sm-4 col-sms-12&quot;&gt;\r\n				&lt;div class=&quot;col col2&quot;&gt;\r\n					&lt;i class=&quot;banner-icons&quot;&gt;&lt;img src=&quot;image/catalog/cmsblock/icon10.png&quot; alt=&quot;icon1&quot;&gt;&lt;/i&gt;\r\n					&lt;div class=&quot;banner-text&quot;&gt;\r\n						&lt;h2&gt;Support@plazathemes.com&lt;/h2&gt;\r\n						&lt;p&gt;Orders Support!&lt;/p&gt;\r\n					&lt;/div&gt;\r\n				&lt;/div&gt;\r\n			&lt;/div&gt;\r\n			&lt;div class=&quot;col-md-4 col-sm-4 col-sms-12&quot;&gt;\r\n				&lt;div class=&quot;col col3&quot;&gt;\r\n					&lt;i class=&quot;banner-icons&quot;&gt;&lt;img src=&quot;image/catalog/cmsblock/icon11.png&quot; alt=&quot;icon2&quot;&gt;&lt;/i&gt;\r\n					&lt;div class=&quot;banner-text&quot;&gt;\r\n						&lt;h2&gt;Mon - Fri / 8:00 - 18:00&lt;/h2&gt;\r\n						&lt;p&gt;Working Days/Hours!&lt;/p&gt;\r\n					&lt;/div&gt;\r\n				&lt;/div&gt;\r\n			&lt;/div&gt;\r\n		&lt;/div&gt;\r\n	&lt;/div&gt;\r\n&lt;/div&gt;																																													');
/*!40000 ALTER TABLE `oc_cmsblock_description` ENABLE KEYS */;
UNLOCK TABLES;

--
-- Table structure for table `oc_cmsblock_to_store`
--

DROP TABLE IF EXISTS `oc_cmsblock_to_store`;
/*!40101 SET @saved_cs_client     = @@character_set_client */;
/*!40101 SET character_set_client = utf8 */;
CREATE TABLE `oc_cmsblock_to_store` (
  `cmsblock_id` int(11) DEFAULT NULL,
  `store_id` tinyint(4) DEFAULT NULL
) ENGINE=MyISAM DEFAULT CHARSET=latin1;
/*!40101 SET character_set_client = @saved_cs_client */;

--
-- Dumping data for table `oc_cmsblock_to_store`
--

LOCK TABLES `oc_cmsblock_to_store` WRITE;
/*!40000 ALTER TABLE `oc_cmsblock_to_store` DISABLE KEYS */;
/*!40000 ALTER TABLE `oc_cmsblock_to_store` ENABLE KEYS */;
UNLOCK TABLES;

--
-- Table structure for table `oc_country`
--

DROP TABLE IF EXISTS `oc_country`;
/*!40101 SET @saved_cs_client     = @@character_set_client */;
/*!40101 SET character_set_client = utf8 */;
CREATE TABLE `oc_country` (
  `country_id` int(11) NOT NULL AUTO_INCREMENT,
  `name` varchar(128) NOT NULL,
  `iso_code_2` varchar(2) NOT NULL,
  `iso_code_3` varchar(3) NOT NULL,
  `address_format` text NOT NULL,
  `postcode_required` tinyint(1) NOT NULL,
  `status` tinyint(1) NOT NULL DEFAULT '1',
  PRIMARY KEY (`country_id`)
) ENGINE=MyISAM AUTO_INCREMENT=258 DEFAULT CHARSET=utf8;
/*!40101 SET character_set_client = @saved_cs_client */;

--
-- Dumping data for table `oc_country`
--

LOCK TABLES `oc_country` WRITE;
/*!40000 ALTER TABLE `oc_country` DISABLE KEYS */;
INSERT INTO `oc_country` VALUES (1,'Afghanistan','AF','AFG','',0,1),(2,'Albania','AL','ALB','',0,1),(3,'Algeria','DZ','DZA','',0,1),(4,'American Samoa','AS','ASM','',0,1),(5,'Andorra','AD','AND','',0,1),(6,'Angola','AO','AGO','',0,1),(7,'Anguilla','AI','AIA','',0,1),(8,'Antarctica','AQ','ATA','',0,1),(9,'Antigua and Barbuda','AG','ATG','',0,1),(10,'Argentina','AR','ARG','',0,1),(11,'Armenia','AM','ARM','',0,1),(12,'Aruba','AW','ABW','',0,1),(13,'Australia','AU','AUS','',0,1),(14,'Austria','AT','AUT','',0,1),(15,'Azerbaijan','AZ','AZE','',0,1),(16,'Bahamas','BS','BHS','',0,1),(17,'Bahrain','BH','BHR','',0,1),(18,'Bangladesh','BD','BGD','',0,1),(19,'Barbados','BB','BRB','',0,1),(20,'Belarus','BY','BLR','',0,1),(21,'Belgium','BE','BEL','{firstname} {lastname}\r\n{company}\r\n{address_1}\r\n{address_2}\r\n{postcode} {city}\r\n{country}',0,1),(22,'Belize','BZ','BLZ','',0,1),(23,'Benin','BJ','BEN','',0,1),(24,'Bermuda','BM','BMU','',0,1),(25,'Bhutan','BT','BTN','',0,1),(26,'Bolivia','BO','BOL','',0,1),(27,'Bosnia and Herzegovina','BA','BIH','',0,1),(28,'Botswana','BW','BWA','',0,1),(29,'Bouvet Island','BV','BVT','',0,1),(30,'Brazil','BR','BRA','',0,1),(31,'British Indian Ocean Territory','IO','IOT','',0,1),(32,'Brunei Darussalam','BN','BRN','',0,1),(33,'Bulgaria','BG','BGR','',0,1),(34,'Burkina Faso','BF','BFA','',0,1),(35,'Burundi','BI','BDI','',0,1),(36,'Cambodia','KH','KHM','',0,1),(37,'Cameroon','CM','CMR','',0,1),(38,'Canada','CA','CAN','',0,1),(39,'Cape Verde','CV','CPV','',0,1),(40,'Cayman Islands','KY','CYM','',0,1),(41,'Central African Republic','CF','CAF','',0,1),(42,'Chad','TD','TCD','',0,1),(43,'Chile','CL','CHL','',0,1),(44,'China','CN','CHN','',0,1),(45,'Christmas Island','CX','CXR','',0,1),(46,'Cocos (Keeling) Islands','CC','CCK','',0,1),(47,'Colombia','CO','COL','',0,1),(48,'Comoros','KM','COM','',0,1),(49,'Congo','CG','COG','',0,1),(50,'Cook Islands','CK','COK','',0,1),(51,'Costa Rica','CR','CRI','',0,1),(52,'Cote D\'Ivoire','CI','CIV','',0,1),(53,'Croatia','HR','HRV','',0,1),(54,'Cuba','CU','CUB','',0,1),(55,'Cyprus','CY','CYP','',0,1),(56,'Czech Republic','CZ','CZE','',0,1),(57,'Denmark','DK','DNK','',0,1),(58,'Djibouti','DJ','DJI','',0,1),(59,'Dominica','DM','DMA','',0,1),(60,'Dominican Republic','DO','DOM','',0,1),(61,'East Timor','TL','TLS','',0,1),(62,'Ecuador','EC','ECU','',0,1),(63,'Egypt','EG','EGY','',0,1),(64,'El Salvador','SV','SLV','',0,1),(65,'Equatorial Guinea','GQ','GNQ','',0,1),(66,'Eritrea','ER','ERI','',0,1),(67,'Estonia','EE','EST','',0,1),(68,'Ethiopia','ET','ETH','',0,1),(69,'Falkland Islands (Malvinas)','FK','FLK','',0,1),(70,'Faroe Islands','FO','FRO','',0,1),(71,'Fiji','FJ','FJI','',0,1),(72,'Finland','FI','FIN','',0,1),(74,'France, Metropolitan','FR','FRA','{firstname} {lastname}\r\n{company}\r\n{address_1}\r\n{address_2}\r\n{postcode} {city}\r\n{country}',1,1),(75,'French Guiana','GF','GUF','',0,1),(76,'French Polynesia','PF','PYF','',0,1),(77,'French Southern Territories','TF','ATF','',0,1),(78,'Gabon','GA','GAB','',0,1),(79,'Gambia','GM','GMB','',0,1),(80,'Georgia','GE','GEO','',0,1),(81,'Germany','DE','DEU','{company}\r\n{firstname} {lastname}\r\n{address_1}\r\n{address_2}\r\n{postcode} {city}\r\n{country}',1,1),(82,'Ghana','GH','GHA','',0,1),(83,'Gibraltar','GI','GIB','',0,1),(84,'Greece','GR','GRC','',0,1),(85,'Greenland','GL','GRL','',0,1),(86,'Grenada','GD','GRD','',0,1),(87,'Guadeloupe','GP','GLP','',0,1),(88,'Guam','GU','GUM','',0,1),(89,'Guatemala','GT','GTM','',0,1),(90,'Guinea','GN','GIN','',0,1),(91,'Guinea-Bissau','GW','GNB','',0,1),(92,'Guyana','GY','GUY','',0,1),(93,'Haiti','HT','HTI','',0,1),(94,'Heard and Mc Donald Islands','HM','HMD','',0,1),(95,'Honduras','HN','HND','',0,1),(96,'Hong Kong','HK','HKG','',0,1),(97,'Hungary','HU','HUN','',0,1),(98,'Iceland','IS','ISL','',0,1),(99,'India','IN','IND','',0,1),(100,'Indonesia','ID','IDN','',0,1),(101,'Iran (Islamic Republic of)','IR','IRN','',0,1),(102,'Iraq','IQ','IRQ','',0,1),(103,'Ireland','IE','IRL','',0,1),(104,'Israel','IL','ISR','',0,1),(105,'Italy','IT','ITA','',0,1),(106,'Jamaica','JM','JAM','',0,1),(107,'Japan','JP','JPN','',0,1),(108,'Jordan','JO','JOR','',0,1),(109,'Kazakhstan','KZ','KAZ','',0,1),(110,'Kenya','KE','KEN','',0,1),(111,'Kiribati','KI','KIR','',0,1),(112,'North Korea','KP','PRK','',0,1),(113,'South Korea','KR','KOR','',0,1),(114,'Kuwait','KW','KWT','',0,1),(115,'Kyrgyzstan','KG','KGZ','',0,1),(116,'Lao People\'s Democratic Republic','LA','LAO','',0,1),(117,'Latvia','LV','LVA','',0,1),(118,'Lebanon','LB','LBN','',0,1),(119,'Lesotho','LS','LSO','',0,1),(120,'Liberia','LR','LBR','',0,1),(121,'Libyan Arab Jamahiriya','LY','LBY','',0,1),(122,'Liechtenstein','LI','LIE','',0,1),(123,'Lithuania','LT','LTU','',0,1),(124,'Luxembourg','LU','LUX','',0,1),(125,'Macau','MO','MAC','',0,1),(126,'FYROM','MK','MKD','',0,1),(127,'Madagascar','MG','MDG','',0,1),(128,'Malawi','MW','MWI','',0,1),(129,'Malaysia','MY','MYS','',0,1),(130,'Maldives','MV','MDV','',0,1),(131,'Mali','ML','MLI','',0,1),(132,'Malta','MT','MLT','',0,1),(133,'Marshall Islands','MH','MHL','',0,1),(134,'Martinique','MQ','MTQ','',0,1),(135,'Mauritania','MR','MRT','',0,1),(136,'Mauritius','MU','MUS','',0,1),(137,'Mayotte','YT','MYT','',0,1),(138,'Mexico','MX','MEX','',0,1),(139,'Micronesia, Federated States of','FM','FSM','',0,1),(140,'Moldova, Republic of','MD','MDA','',0,1),(141,'Monaco','MC','MCO','',0,1),(142,'Mongolia','MN','MNG','',0,1),(143,'Montserrat','MS','MSR','',0,1),(144,'Morocco','MA','MAR','',0,1),(145,'Mozambique','MZ','MOZ','',0,1),(146,'Myanmar','MM','MMR','',0,1),(147,'Namibia','NA','NAM','',0,1),(148,'Nauru','NR','NRU','',0,1),(149,'Nepal','NP','NPL','',0,1),(150,'Netherlands','NL','NLD','',0,1),(151,'Netherlands Antilles','AN','ANT','',0,1),(152,'New Caledonia','NC','NCL','',0,1),(153,'New Zealand','NZ','NZL','',0,1),(154,'Nicaragua','NI','NIC','',0,1),(155,'Niger','NE','NER','',0,1),(156,'Nigeria','NG','NGA','',0,1),(157,'Niue','NU','NIU','',0,1),(158,'Norfolk Island','NF','NFK','',0,1),(159,'Northern Mariana Islands','MP','MNP','',0,1),(160,'Norway','NO','NOR','',0,1),(161,'Oman','OM','OMN','',0,1),(162,'Pakistan','PK','PAK','',0,1),(163,'Palau','PW','PLW','',0,1),(164,'Panama','PA','PAN','',0,1),(165,'Papua New Guinea','PG','PNG','',0,1),(166,'Paraguay','PY','PRY','',0,1),(167,'Peru','PE','PER','',0,1),(168,'Philippines','PH','PHL','',0,1),(169,'Pitcairn','PN','PCN','',0,1),(170,'Poland','PL','POL','',0,1),(171,'Portugal','PT','PRT','',0,1),(172,'Puerto Rico','PR','PRI','',0,1),(173,'Qatar','QA','QAT','',0,1),(174,'Reunion','RE','REU','',0,1),(175,'Romania','RO','ROM','',0,1),(176,'Russian Federation','RU','RUS','',0,1),(177,'Rwanda','RW','RWA','',0,1),(178,'Saint Kitts and Nevis','KN','KNA','',0,1),(179,'Saint Lucia','LC','LCA','',0,1),(180,'Saint Vincent and the Grenadines','VC','VCT','',0,1),(181,'Samoa','WS','WSM','',0,1),(182,'San Marino','SM','SMR','',0,1),(183,'Sao Tome and Principe','ST','STP','',0,1),(184,'Saudi Arabia','SA','SAU','',0,1),(185,'Senegal','SN','SEN','',0,1),(186,'Seychelles','SC','SYC','',0,1),(187,'Sierra Leone','SL','SLE','',0,1),(188,'Singapore','SG','SGP','',0,1),(189,'Slovak Republic','SK','SVK','{firstname} {lastname}\r\n{company}\r\n{address_1}\r\n{address_2}\r\n{city} {postcode}\r\n{zone}\r\n{country}',0,1),(190,'Slovenia','SI','SVN','',0,1),(191,'Solomon Islands','SB','SLB','',0,1),(192,'Somalia','SO','SOM','',0,1),(193,'South Africa','ZA','ZAF','',0,1),(194,'South Georgia &amp; South Sandwich Islands','GS','SGS','',0,1),(195,'Spain','ES','ESP','',0,1),(196,'Sri Lanka','LK','LKA','',0,1),(197,'St. Helena','SH','SHN','',0,1),(198,'St. Pierre and Miquelon','PM','SPM','',0,1),(199,'Sudan','SD','SDN','',0,1),(200,'Suriname','SR','SUR','',0,1),(201,'Svalbard and Jan Mayen Islands','SJ','SJM','',0,1),(202,'Swaziland','SZ','SWZ','',0,1),(203,'Sweden','SE','SWE','{company}\r\n{firstname} {lastname}\r\n{address_1}\r\n{address_2}\r\n{postcode} {city}\r\n{country}',1,1),(204,'Switzerland','CH','CHE','',0,1),(205,'Syrian Arab Republic','SY','SYR','',0,1),(206,'Taiwan','TW','TWN','',0,1),(207,'Tajikistan','TJ','TJK','',0,1),(208,'Tanzania, United Republic of','TZ','TZA','',0,1),(209,'Thailand','TH','THA','',0,1),(210,'Togo','TG','TGO','',0,1),(211,'Tokelau','TK','TKL','',0,1),(212,'Tonga','TO','TON','',0,1),(213,'Trinidad and Tobago','TT','TTO','',0,1),(214,'Tunisia','TN','TUN','',0,1),(215,'Turkey','TR','TUR','',0,1),(216,'Turkmenistan','TM','TKM','',0,1),(217,'Turks and Caicos Islands','TC','TCA','',0,1),(218,'Tuvalu','TV','TUV','',0,1),(219,'Uganda','UG','UGA','',0,1),(220,'Ukraine','UA','UKR','',0,1),(221,'United Arab Emirates','AE','ARE','',0,1),(222,'United Kingdom','GB','GBR','',1,1),(223,'United States','US','USA','{firstname} {lastname}\r\n{company}\r\n{address_1}\r\n{address_2}\r\n{city}, {zone} {postcode}\r\n{country}',0,1),(224,'United States Minor Outlying Islands','UM','UMI','',0,1),(225,'Uruguay','UY','URY','',0,1),(226,'Uzbekistan','UZ','UZB','',0,1),(227,'Vanuatu','VU','VUT','',0,1),(228,'Vatican City State (Holy See)','VA','VAT','',0,1),(229,'Venezuela','VE','VEN','',0,1),(230,'Viet Nam','VN','VNM','',0,1),(231,'Virgin Islands (British)','VG','VGB','',0,1),(232,'Virgin Islands (U.S.)','VI','VIR','',0,1),(233,'Wallis and Futuna Islands','WF','WLF','',0,1),(234,'Western Sahara','EH','ESH','',0,1),(235,'Yemen','YE','YEM','',0,1),(237,'Democratic Republic of Congo','CD','COD','',0,1),(238,'Zambia','ZM','ZMB','',0,1),(239,'Zimbabwe','ZW','ZWE','',0,1),(242,'Montenegro','ME','MNE','',0,1),(243,'Serbia','RS','SRB','',0,1),(244,'Aaland Islands','AX','ALA','',0,1),(245,'Bonaire, Sint Eustatius and Saba','BQ','BES','',0,1),(246,'Curacao','CW','CUW','',0,1),(247,'Palestinian Territory, Occupied','PS','PSE','',0,1),(248,'South Sudan','SS','SSD','',0,1),(249,'St. Barthelemy','BL','BLM','',0,1),(250,'St. Martin (French part)','MF','MAF','',0,1),(251,'Canary Islands','IC','ICA','',0,1),(252,'Ascension Island (British)','AC','ASC','',0,1),(253,'Kosovo, Republic of','XK','UNK','',0,1),(254,'Isle of Man','IM','IMN','',0,1),(255,'Tristan da Cunha','TA','SHN','',0,1),(256,'Guernsey','GG','GGY','',0,1),(257,'Jersey','JE','JEY','',0,1);
/*!40000 ALTER TABLE `oc_country` ENABLE KEYS */;
UNLOCK TABLES;

--
-- Table structure for table `oc_coupon`
--

DROP TABLE IF EXISTS `oc_coupon`;
/*!40101 SET @saved_cs_client     = @@character_set_client */;
/*!40101 SET character_set_client = utf8 */;
CREATE TABLE `oc_coupon` (
  `coupon_id` int(11) NOT NULL AUTO_INCREMENT,
  `name` varchar(128) NOT NULL,
  `code` varchar(20) NOT NULL,
  `type` char(1) NOT NULL,
  `discount` decimal(15,4) NOT NULL,
  `logged` tinyint(1) NOT NULL,
  `shipping` tinyint(1) NOT NULL,
  `total` decimal(15,4) NOT NULL,
  `date_start` date NOT NULL DEFAULT '0000-00-00',
  `date_end` date NOT NULL DEFAULT '0000-00-00',
  `uses_total` int(11) NOT NULL,
  `uses_customer` varchar(11) NOT NULL,
  `status` tinyint(1) NOT NULL,
  `date_added` datetime NOT NULL,
  PRIMARY KEY (`coupon_id`)
) ENGINE=MyISAM AUTO_INCREMENT=7 DEFAULT CHARSET=utf8;
/*!40101 SET character_set_client = @saved_cs_client */;

--
-- Dumping data for table `oc_coupon`
--

LOCK TABLES `oc_coupon` WRITE;
/*!40000 ALTER TABLE `oc_coupon` DISABLE KEYS */;
INSERT INTO `oc_coupon` VALUES (4,'-10% Discount','2222','P',10.0000,0,0,0.0000,'2014-01-01','2020-01-01',10,'10',0,'2009-01-27 13:55:03'),(5,'Free Shipping','3333','P',0.0000,0,1,100.0000,'2014-01-01','2014-02-01',10,'10',0,'2009-03-14 21:13:53'),(6,'-10.00 Discount','1111','F',10.0000,0,0,10.0000,'2014-01-01','2020-01-01',100000,'10000',0,'2009-03-14 21:15:18');
/*!40000 ALTER TABLE `oc_coupon` ENABLE KEYS */;
UNLOCK TABLES;

--
-- Table structure for table `oc_coupon_category`
--

DROP TABLE IF EXISTS `oc_coupon_category`;
/*!40101 SET @saved_cs_client     = @@character_set_client */;
/*!40101 SET character_set_client = utf8 */;
CREATE TABLE `oc_coupon_category` (
  `coupon_id` int(11) NOT NULL,
  `category_id` int(11) NOT NULL,
  PRIMARY KEY (`coupon_id`,`category_id`)
) ENGINE=MyISAM DEFAULT CHARSET=utf8;
/*!40101 SET character_set_client = @saved_cs_client */;

--
-- Dumping data for table `oc_coupon_category`
--

LOCK TABLES `oc_coupon_category` WRITE;
/*!40000 ALTER TABLE `oc_coupon_category` DISABLE KEYS */;
/*!40000 ALTER TABLE `oc_coupon_category` ENABLE KEYS */;
UNLOCK TABLES;

--
-- Table structure for table `oc_coupon_history`
--

DROP TABLE IF EXISTS `oc_coupon_history`;
/*!40101 SET @saved_cs_client     = @@character_set_client */;
/*!40101 SET character_set_client = utf8 */;
CREATE TABLE `oc_coupon_history` (
  `coupon_history_id` int(11) NOT NULL AUTO_INCREMENT,
  `coupon_id` int(11) NOT NULL,
  `order_id` int(11) NOT NULL,
  `customer_id` int(11) NOT NULL,
  `amount` decimal(15,4) NOT NULL,
  `date_added` datetime NOT NULL,
  PRIMARY KEY (`coupon_history_id`)
) ENGINE=MyISAM DEFAULT CHARSET=utf8;
/*!40101 SET character_set_client = @saved_cs_client */;

--
-- Dumping data for table `oc_coupon_history`
--

LOCK TABLES `oc_coupon_history` WRITE;
/*!40000 ALTER TABLE `oc_coupon_history` DISABLE KEYS */;
/*!40000 ALTER TABLE `oc_coupon_history` ENABLE KEYS */;
UNLOCK TABLES;

--
-- Table structure for table `oc_coupon_product`
--

DROP TABLE IF EXISTS `oc_coupon_product`;
/*!40101 SET @saved_cs_client     = @@character_set_client */;
/*!40101 SET character_set_client = utf8 */;
CREATE TABLE `oc_coupon_product` (
  `coupon_product_id` int(11) NOT NULL AUTO_INCREMENT,
  `coupon_id` int(11) NOT NULL,
  `product_id` int(11) NOT NULL,
  PRIMARY KEY (`coupon_product_id`)
) ENGINE=MyISAM DEFAULT CHARSET=utf8;
/*!40101 SET character_set_client = @saved_cs_client */;

--
-- Dumping data for table `oc_coupon_product`
--

LOCK TABLES `oc_coupon_product` WRITE;
/*!40000 ALTER TABLE `oc_coupon_product` DISABLE KEYS */;
/*!40000 ALTER TABLE `oc_coupon_product` ENABLE KEYS */;
UNLOCK TABLES;

--
-- Table structure for table `oc_currency`
--

DROP TABLE IF EXISTS `oc_currency`;
/*!40101 SET @saved_cs_client     = @@character_set_client */;
/*!40101 SET character_set_client = utf8 */;
CREATE TABLE `oc_currency` (
  `currency_id` int(11) NOT NULL AUTO_INCREMENT,
  `title` varchar(32) NOT NULL,
  `code` varchar(3) NOT NULL,
  `symbol_left` varchar(12) NOT NULL,
  `symbol_right` varchar(12) NOT NULL,
  `decimal_place` char(1) NOT NULL,
  `value` float(15,8) NOT NULL,
  `status` tinyint(1) NOT NULL,
  `date_modified` datetime NOT NULL,
  PRIMARY KEY (`currency_id`)
) ENGINE=MyISAM AUTO_INCREMENT=5 DEFAULT CHARSET=utf8;
/*!40101 SET character_set_client = @saved_cs_client */;

--
-- Dumping data for table `oc_currency`
--

LOCK TABLES `oc_currency` WRITE;
/*!40000 ALTER TABLE `oc_currency` DISABLE KEYS */;
INSERT INTO `oc_currency` VALUES (1,'Pound Sterling','GBP','£','','2',0.77440000,0,'2017-12-06 20:00:32'),(2,'US Dollar','USD','$','','2',1.17879999,0,'2017-12-23 08:24:45'),(3,'Euro','EUR','','€','2',1.00000000,0,'2017-12-23 17:03:25'),(4,'РУБ','RUR','','=','0',82.80000305,1,'2017-12-23 17:42:16');
/*!40000 ALTER TABLE `oc_currency` ENABLE KEYS */;
UNLOCK TABLES;

--
-- Table structure for table `oc_custom_field`
--

DROP TABLE IF EXISTS `oc_custom_field`;
/*!40101 SET @saved_cs_client     = @@character_set_client */;
/*!40101 SET character_set_client = utf8 */;
CREATE TABLE `oc_custom_field` (
  `custom_field_id` int(11) NOT NULL AUTO_INCREMENT,
  `type` varchar(32) NOT NULL,
  `value` text NOT NULL,
  `validation` varchar(255) NOT NULL,
  `location` varchar(7) NOT NULL,
  `status` tinyint(1) NOT NULL,
  `sort_order` int(3) NOT NULL,
  PRIMARY KEY (`custom_field_id`)
) ENGINE=MyISAM DEFAULT CHARSET=utf8;
/*!40101 SET character_set_client = @saved_cs_client */;

--
-- Dumping data for table `oc_custom_field`
--

LOCK TABLES `oc_custom_field` WRITE;
/*!40000 ALTER TABLE `oc_custom_field` DISABLE KEYS */;
/*!40000 ALTER TABLE `oc_custom_field` ENABLE KEYS */;
UNLOCK TABLES;

--
-- Table structure for table `oc_custom_field_customer_group`
--

DROP TABLE IF EXISTS `oc_custom_field_customer_group`;
/*!40101 SET @saved_cs_client     = @@character_set_client */;
/*!40101 SET character_set_client = utf8 */;
CREATE TABLE `oc_custom_field_customer_group` (
  `custom_field_id` int(11) NOT NULL,
  `customer_group_id` int(11) NOT NULL,
  `required` tinyint(1) NOT NULL,
  PRIMARY KEY (`custom_field_id`,`customer_group_id`)
) ENGINE=MyISAM DEFAULT CHARSET=utf8;
/*!40101 SET character_set_client = @saved_cs_client */;

--
-- Dumping data for table `oc_custom_field_customer_group`
--

LOCK TABLES `oc_custom_field_customer_group` WRITE;
/*!40000 ALTER TABLE `oc_custom_field_customer_group` DISABLE KEYS */;
/*!40000 ALTER TABLE `oc_custom_field_customer_group` ENABLE KEYS */;
UNLOCK TABLES;

--
-- Table structure for table `oc_custom_field_description`
--

DROP TABLE IF EXISTS `oc_custom_field_description`;
/*!40101 SET @saved_cs_client     = @@character_set_client */;
/*!40101 SET character_set_client = utf8 */;
CREATE TABLE `oc_custom_field_description` (
  `custom_field_id` int(11) NOT NULL,
  `language_id` int(11) NOT NULL,
  `name` varchar(128) NOT NULL,
  PRIMARY KEY (`custom_field_id`,`language_id`)
) ENGINE=MyISAM DEFAULT CHARSET=utf8;
/*!40101 SET character_set_client = @saved_cs_client */;

--
-- Dumping data for table `oc_custom_field_description`
--

LOCK TABLES `oc_custom_field_description` WRITE;
/*!40000 ALTER TABLE `oc_custom_field_description` DISABLE KEYS */;
/*!40000 ALTER TABLE `oc_custom_field_description` ENABLE KEYS */;
UNLOCK TABLES;

--
-- Table structure for table `oc_custom_field_value`
--

DROP TABLE IF EXISTS `oc_custom_field_value`;
/*!40101 SET @saved_cs_client     = @@character_set_client */;
/*!40101 SET character_set_client = utf8 */;
CREATE TABLE `oc_custom_field_value` (
  `custom_field_value_id` int(11) NOT NULL AUTO_INCREMENT,
  `custom_field_id` int(11) NOT NULL,
  `sort_order` int(3) NOT NULL,
  PRIMARY KEY (`custom_field_value_id`)
) ENGINE=MyISAM DEFAULT CHARSET=utf8;
/*!40101 SET character_set_client = @saved_cs_client */;

--
-- Dumping data for table `oc_custom_field_value`
--

LOCK TABLES `oc_custom_field_value` WRITE;
/*!40000 ALTER TABLE `oc_custom_field_value` DISABLE KEYS */;
/*!40000 ALTER TABLE `oc_custom_field_value` ENABLE KEYS */;
UNLOCK TABLES;

--
-- Table structure for table `oc_custom_field_value_description`
--

DROP TABLE IF EXISTS `oc_custom_field_value_description`;
/*!40101 SET @saved_cs_client     = @@character_set_client */;
/*!40101 SET character_set_client = utf8 */;
CREATE TABLE `oc_custom_field_value_description` (
  `custom_field_value_id` int(11) NOT NULL,
  `language_id` int(11) NOT NULL,
  `custom_field_id` int(11) NOT NULL,
  `name` varchar(128) NOT NULL,
  PRIMARY KEY (`custom_field_value_id`,`language_id`)
) ENGINE=MyISAM DEFAULT CHARSET=utf8;
/*!40101 SET character_set_client = @saved_cs_client */;

--
-- Dumping data for table `oc_custom_field_value_description`
--

LOCK TABLES `oc_custom_field_value_description` WRITE;
/*!40000 ALTER TABLE `oc_custom_field_value_description` DISABLE KEYS */;
/*!40000 ALTER TABLE `oc_custom_field_value_description` ENABLE KEYS */;
UNLOCK TABLES;

--
-- Table structure for table `oc_customer`
--

DROP TABLE IF EXISTS `oc_customer`;
/*!40101 SET @saved_cs_client     = @@character_set_client */;
/*!40101 SET character_set_client = utf8 */;
CREATE TABLE `oc_customer` (
  `customer_id` int(11) NOT NULL AUTO_INCREMENT,
  `customer_group_id` int(11) NOT NULL,
  `store_id` int(11) NOT NULL DEFAULT '0',
  `language_id` int(11) NOT NULL,
  `firstname` varchar(32) NOT NULL,
  `lastname` varchar(32) NOT NULL,
  `email` varchar(96) NOT NULL,
  `telephone` varchar(32) NOT NULL,
  `fax` varchar(32) NOT NULL,
  `password` varchar(40) NOT NULL,
  `salt` varchar(9) NOT NULL,
  `cart` text,
  `wishlist` text,
  `newsletter` tinyint(1) NOT NULL DEFAULT '0',
  `address_id` int(11) NOT NULL DEFAULT '0',
  `custom_field` text NOT NULL,
  `ip` varchar(40) NOT NULL,
  `status` tinyint(1) NOT NULL,
  `approved` tinyint(1) NOT NULL,
  `safe` tinyint(1) NOT NULL,
  `token` text NOT NULL,
  `code` varchar(40) NOT NULL,
  `date_added` datetime NOT NULL,
  PRIMARY KEY (`customer_id`)
) ENGINE=MyISAM AUTO_INCREMENT=2 DEFAULT CHARSET=utf8;
/*!40101 SET character_set_client = @saved_cs_client */;

--
-- Dumping data for table `oc_customer`
--

LOCK TABLES `oc_customer` WRITE;
/*!40000 ALTER TABLE `oc_customer` DISABLE KEYS */;
INSERT INTO `oc_customer` VALUES (1,1,0,1,'plaza','themes','demo@towerthemes.com','1234567890','','54f68b71010db17a4f1a7abc6e39edf67f259c02','Xh8H6cp8A','','',0,1,'','127.0.0.1',1,1,0,'','','2017-01-07 10:13:55');
/*!40000 ALTER TABLE `oc_customer` ENABLE KEYS */;
UNLOCK TABLES;

--
-- Table structure for table `oc_customer_activity`
--

DROP TABLE IF EXISTS `oc_customer_activity`;
/*!40101 SET @saved_cs_client     = @@character_set_client */;
/*!40101 SET character_set_client = utf8 */;
CREATE TABLE `oc_customer_activity` (
  `customer_activity_id` int(11) NOT NULL AUTO_INCREMENT,
  `customer_id` int(11) NOT NULL,
  `key` varchar(64) NOT NULL,
  `data` text NOT NULL,
  `ip` varchar(40) NOT NULL,
  `date_added` datetime NOT NULL,
  PRIMARY KEY (`customer_activity_id`)
) ENGINE=MyISAM DEFAULT CHARSET=utf8;
/*!40101 SET character_set_client = @saved_cs_client */;

--
-- Dumping data for table `oc_customer_activity`
--

LOCK TABLES `oc_customer_activity` WRITE;
/*!40000 ALTER TABLE `oc_customer_activity` DISABLE KEYS */;
/*!40000 ALTER TABLE `oc_customer_activity` ENABLE KEYS */;
UNLOCK TABLES;

--
-- Table structure for table `oc_customer_group`
--

DROP TABLE IF EXISTS `oc_customer_group`;
/*!40101 SET @saved_cs_client     = @@character_set_client */;
/*!40101 SET character_set_client = utf8 */;
CREATE TABLE `oc_customer_group` (
  `customer_group_id` int(11) NOT NULL AUTO_INCREMENT,
  `approval` int(1) NOT NULL,
  `sort_order` int(3) NOT NULL,
  PRIMARY KEY (`customer_group_id`)
) ENGINE=MyISAM AUTO_INCREMENT=2 DEFAULT CHARSET=utf8;
/*!40101 SET character_set_client = @saved_cs_client */;

--
-- Dumping data for table `oc_customer_group`
--

LOCK TABLES `oc_customer_group` WRITE;
/*!40000 ALTER TABLE `oc_customer_group` DISABLE KEYS */;
INSERT INTO `oc_customer_group` VALUES (1,0,1);
/*!40000 ALTER TABLE `oc_customer_group` ENABLE KEYS */;
UNLOCK TABLES;

--
-- Table structure for table `oc_customer_group_description`
--

DROP TABLE IF EXISTS `oc_customer_group_description`;
/*!40101 SET @saved_cs_client     = @@character_set_client */;
/*!40101 SET character_set_client = utf8 */;
CREATE TABLE `oc_customer_group_description` (
  `customer_group_id` int(11) NOT NULL,
  `language_id` int(11) NOT NULL,
  `name` varchar(32) NOT NULL,
  `description` text NOT NULL,
  PRIMARY KEY (`customer_group_id`,`language_id`)
) ENGINE=MyISAM DEFAULT CHARSET=utf8;
/*!40101 SET character_set_client = @saved_cs_client */;

--
-- Dumping data for table `oc_customer_group_description`
--

LOCK TABLES `oc_customer_group_description` WRITE;
/*!40000 ALTER TABLE `oc_customer_group_description` DISABLE KEYS */;
INSERT INTO `oc_customer_group_description` VALUES (1,1,'Default','test'),(1,2,'Default','test'),(1,3,'Default','test'),(1,4,'Default','test');
/*!40000 ALTER TABLE `oc_customer_group_description` ENABLE KEYS */;
UNLOCK TABLES;

--
-- Table structure for table `oc_customer_history`
--

DROP TABLE IF EXISTS `oc_customer_history`;
/*!40101 SET @saved_cs_client     = @@character_set_client */;
/*!40101 SET character_set_client = utf8 */;
CREATE TABLE `oc_customer_history` (
  `customer_history_id` int(11) NOT NULL AUTO_INCREMENT,
  `customer_id` int(11) NOT NULL,
  `comment` text NOT NULL,
  `date_added` datetime NOT NULL,
  PRIMARY KEY (`customer_history_id`)
) ENGINE=MyISAM DEFAULT CHARSET=utf8;
/*!40101 SET character_set_client = @saved_cs_client */;

--
-- Dumping data for table `oc_customer_history`
--

LOCK TABLES `oc_customer_history` WRITE;
/*!40000 ALTER TABLE `oc_customer_history` DISABLE KEYS */;
/*!40000 ALTER TABLE `oc_customer_history` ENABLE KEYS */;
UNLOCK TABLES;

--
-- Table structure for table `oc_customer_ip`
--

DROP TABLE IF EXISTS `oc_customer_ip`;
/*!40101 SET @saved_cs_client     = @@character_set_client */;
/*!40101 SET character_set_client = utf8 */;
CREATE TABLE `oc_customer_ip` (
  `customer_ip_id` int(11) NOT NULL AUTO_INCREMENT,
  `customer_id` int(11) NOT NULL,
  `ip` varchar(40) NOT NULL,
  `date_added` datetime NOT NULL,
  PRIMARY KEY (`customer_ip_id`),
  KEY `ip` (`ip`)
) ENGINE=MyISAM AUTO_INCREMENT=2 DEFAULT CHARSET=utf8;
/*!40101 SET character_set_client = @saved_cs_client */;

--
-- Dumping data for table `oc_customer_ip`
--

LOCK TABLES `oc_customer_ip` WRITE;
/*!40000 ALTER TABLE `oc_customer_ip` DISABLE KEYS */;
INSERT INTO `oc_customer_ip` VALUES (1,1,'127.0.0.1','2017-01-07 10:14:09');
/*!40000 ALTER TABLE `oc_customer_ip` ENABLE KEYS */;
UNLOCK TABLES;

--
-- Table structure for table `oc_customer_login`
--

DROP TABLE IF EXISTS `oc_customer_login`;
/*!40101 SET @saved_cs_client     = @@character_set_client */;
/*!40101 SET character_set_client = utf8 */;
CREATE TABLE `oc_customer_login` (
  `customer_login_id` int(11) NOT NULL AUTO_INCREMENT,
  `email` varchar(96) NOT NULL,
  `ip` varchar(40) NOT NULL,
  `total` int(4) NOT NULL,
  `date_added` datetime NOT NULL,
  `date_modified` datetime NOT NULL,
  PRIMARY KEY (`customer_login_id`),
  KEY `email` (`email`),
  KEY `ip` (`ip`)
) ENGINE=MyISAM AUTO_INCREMENT=2 DEFAULT CHARSET=utf8;
/*!40101 SET character_set_client = @saved_cs_client */;

--
-- Dumping data for table `oc_customer_login`
--

LOCK TABLES `oc_customer_login` WRITE;
/*!40000 ALTER TABLE `oc_customer_login` DISABLE KEYS */;
INSERT INTO `oc_customer_login` VALUES (1,'demo@plazathemes.com','127.0.0.1',1,'2017-05-09 09:47:41','2017-05-09 09:47:41');
/*!40000 ALTER TABLE `oc_customer_login` ENABLE KEYS */;
UNLOCK TABLES;

--
-- Table structure for table `oc_customer_online`
--

DROP TABLE IF EXISTS `oc_customer_online`;
/*!40101 SET @saved_cs_client     = @@character_set_client */;
/*!40101 SET character_set_client = utf8 */;
CREATE TABLE `oc_customer_online` (
  `ip` varchar(40) NOT NULL,
  `customer_id` int(11) NOT NULL,
  `url` text NOT NULL,
  `referer` text NOT NULL,
  `date_added` datetime NOT NULL,
  PRIMARY KEY (`ip`)
) ENGINE=MyISAM DEFAULT CHARSET=utf8;
/*!40101 SET character_set_client = @saved_cs_client */;

--
-- Dumping data for table `oc_customer_online`
--

LOCK TABLES `oc_customer_online` WRITE;
/*!40000 ALTER TABLE `oc_customer_online` DISABLE KEYS */;
/*!40000 ALTER TABLE `oc_customer_online` ENABLE KEYS */;
UNLOCK TABLES;

--
-- Table structure for table `oc_customer_reward`
--

DROP TABLE IF EXISTS `oc_customer_reward`;
/*!40101 SET @saved_cs_client     = @@character_set_client */;
/*!40101 SET character_set_client = utf8 */;
CREATE TABLE `oc_customer_reward` (
  `customer_reward_id` int(11) NOT NULL AUTO_INCREMENT,
  `customer_id` int(11) NOT NULL DEFAULT '0',
  `order_id` int(11) NOT NULL DEFAULT '0',
  `description` text NOT NULL,
  `points` int(8) NOT NULL DEFAULT '0',
  `date_added` datetime NOT NULL,
  PRIMARY KEY (`customer_reward_id`)
) ENGINE=MyISAM DEFAULT CHARSET=utf8;
/*!40101 SET character_set_client = @saved_cs_client */;

--
-- Dumping data for table `oc_customer_reward`
--

LOCK TABLES `oc_customer_reward` WRITE;
/*!40000 ALTER TABLE `oc_customer_reward` DISABLE KEYS */;
/*!40000 ALTER TABLE `oc_customer_reward` ENABLE KEYS */;
UNLOCK TABLES;

--
-- Table structure for table `oc_customer_search`
--

DROP TABLE IF EXISTS `oc_customer_search`;
/*!40101 SET @saved_cs_client     = @@character_set_client */;
/*!40101 SET character_set_client = utf8 */;
CREATE TABLE `oc_customer_search` (
  `customer_search_id` int(11) NOT NULL AUTO_INCREMENT,
  `store_id` int(11) NOT NULL,
  `language_id` int(11) NOT NULL,
  `customer_id` int(11) NOT NULL,
  `keyword` varchar(255) NOT NULL,
  `category_id` int(11) DEFAULT NULL,
  `sub_category` tinyint(1) NOT NULL,
  `description` tinyint(1) NOT NULL,
  `products` int(11) NOT NULL,
  `ip` varchar(40) NOT NULL,
  `date_added` datetime NOT NULL,
  PRIMARY KEY (`customer_search_id`)
) ENGINE=MyISAM DEFAULT CHARSET=utf8;
/*!40101 SET character_set_client = @saved_cs_client */;

--
-- Dumping data for table `oc_customer_search`
--

LOCK TABLES `oc_customer_search` WRITE;
/*!40000 ALTER TABLE `oc_customer_search` DISABLE KEYS */;
/*!40000 ALTER TABLE `oc_customer_search` ENABLE KEYS */;
UNLOCK TABLES;

--
-- Table structure for table `oc_customer_transaction`
--

DROP TABLE IF EXISTS `oc_customer_transaction`;
/*!40101 SET @saved_cs_client     = @@character_set_client */;
/*!40101 SET character_set_client = utf8 */;
CREATE TABLE `oc_customer_transaction` (
  `customer_transaction_id` int(11) NOT NULL AUTO_INCREMENT,
  `customer_id` int(11) NOT NULL,
  `order_id` int(11) NOT NULL,
  `description` text NOT NULL,
  `amount` decimal(15,4) NOT NULL,
  `date_added` datetime NOT NULL,
  PRIMARY KEY (`customer_transaction_id`)
) ENGINE=MyISAM DEFAULT CHARSET=utf8;
/*!40101 SET character_set_client = @saved_cs_client */;

--
-- Dumping data for table `oc_customer_transaction`
--

LOCK TABLES `oc_customer_transaction` WRITE;
/*!40000 ALTER TABLE `oc_customer_transaction` DISABLE KEYS */;
/*!40000 ALTER TABLE `oc_customer_transaction` ENABLE KEYS */;
UNLOCK TABLES;

--
-- Table structure for table `oc_customer_wishlist`
--

DROP TABLE IF EXISTS `oc_customer_wishlist`;
/*!40101 SET @saved_cs_client     = @@character_set_client */;
/*!40101 SET character_set_client = utf8 */;
CREATE TABLE `oc_customer_wishlist` (
  `customer_id` int(11) NOT NULL,
  `product_id` int(11) NOT NULL,
  `date_added` datetime NOT NULL,
  PRIMARY KEY (`customer_id`,`product_id`)
) ENGINE=MyISAM DEFAULT CHARSET=utf8;
/*!40101 SET character_set_client = @saved_cs_client */;

--
-- Dumping data for table `oc_customer_wishlist`
--

LOCK TABLES `oc_customer_wishlist` WRITE;
/*!40000 ALTER TABLE `oc_customer_wishlist` DISABLE KEYS */;
/*!40000 ALTER TABLE `oc_customer_wishlist` ENABLE KEYS */;
UNLOCK TABLES;

--
-- Table structure for table `oc_download`
--

DROP TABLE IF EXISTS `oc_download`;
/*!40101 SET @saved_cs_client     = @@character_set_client */;
/*!40101 SET character_set_client = utf8 */;
CREATE TABLE `oc_download` (
  `download_id` int(11) NOT NULL AUTO_INCREMENT,
  `filename` varchar(160) NOT NULL,
  `mask` varchar(128) NOT NULL,
  `date_added` datetime NOT NULL,
  PRIMARY KEY (`download_id`)
) ENGINE=MyISAM DEFAULT CHARSET=utf8;
/*!40101 SET character_set_client = @saved_cs_client */;

--
-- Dumping data for table `oc_download`
--

LOCK TABLES `oc_download` WRITE;
/*!40000 ALTER TABLE `oc_download` DISABLE KEYS */;
/*!40000 ALTER TABLE `oc_download` ENABLE KEYS */;
UNLOCK TABLES;

--
-- Table structure for table `oc_download_description`
--

DROP TABLE IF EXISTS `oc_download_description`;
/*!40101 SET @saved_cs_client     = @@character_set_client */;
/*!40101 SET character_set_client = utf8 */;
CREATE TABLE `oc_download_description` (
  `download_id` int(11) NOT NULL,
  `language_id` int(11) NOT NULL,
  `name` varchar(64) NOT NULL,
  PRIMARY KEY (`download_id`,`language_id`)
) ENGINE=MyISAM DEFAULT CHARSET=utf8;
/*!40101 SET character_set_client = @saved_cs_client */;

--
-- Dumping data for table `oc_download_description`
--

LOCK TABLES `oc_download_description` WRITE;
/*!40000 ALTER TABLE `oc_download_description` DISABLE KEYS */;
/*!40000 ALTER TABLE `oc_download_description` ENABLE KEYS */;
UNLOCK TABLES;

--
-- Table structure for table `oc_event`
--

DROP TABLE IF EXISTS `oc_event`;
/*!40101 SET @saved_cs_client     = @@character_set_client */;
/*!40101 SET character_set_client = utf8 */;
CREATE TABLE `oc_event` (
  `event_id` int(11) NOT NULL AUTO_INCREMENT,
  `code` varchar(32) NOT NULL,
  `trigger` text NOT NULL,
  `action` text NOT NULL,
  `status` tinyint(1) NOT NULL,
  `date_added` datetime NOT NULL,
  PRIMARY KEY (`event_id`)
) ENGINE=MyISAM AUTO_INCREMENT=2 DEFAULT CHARSET=utf8;
/*!40101 SET character_set_client = @saved_cs_client */;

--
-- Dumping data for table `oc_event`
--

LOCK TABLES `oc_event` WRITE;
/*!40000 ALTER TABLE `oc_event` DISABLE KEYS */;
INSERT INTO `oc_event` VALUES (1,'voucher','catalog/model/checkout/order/addOrderHistory/after','extension/total/voucher/send',0,'0000-00-00 00:00:00');
/*!40000 ALTER TABLE `oc_event` ENABLE KEYS */;
UNLOCK TABLES;

--
-- Table structure for table `oc_extension`
--

DROP TABLE IF EXISTS `oc_extension`;
/*!40101 SET @saved_cs_client     = @@character_set_client */;
/*!40101 SET character_set_client = utf8 */;
CREATE TABLE `oc_extension` (
  `extension_id` int(11) NOT NULL AUTO_INCREMENT,
  `type` varchar(32) NOT NULL,
  `code` varchar(32) NOT NULL,
  PRIMARY KEY (`extension_id`)
) ENGINE=MyISAM AUTO_INCREMENT=57 DEFAULT CHARSET=utf8;
/*!40101 SET character_set_client = @saved_cs_client */;

--
-- Dumping data for table `oc_extension`
--

LOCK TABLES `oc_extension` WRITE;
/*!40000 ALTER TABLE `oc_extension` DISABLE KEYS */;
INSERT INTO `oc_extension` VALUES (1,'payment','cod'),(2,'total','shipping'),(3,'total','sub_total'),(4,'total','tax'),(5,'total','total'),(6,'module','banner'),(7,'module','carousel'),(8,'total','credit'),(9,'shipping','flat'),(10,'total','handling'),(11,'total','low_order_fee'),(12,'total','coupon'),(13,'module','category'),(14,'module','account'),(15,'total','reward'),(16,'total','voucher'),(17,'payment','free_checkout'),(18,'module','featured'),(19,'module','slideshow'),(20,'theme','theme_default'),(21,'dashboard','activity'),(22,'dashboard','sale'),(23,'dashboard','recent'),(24,'dashboard','order'),(25,'dashboard','online'),(26,'dashboard','map'),(27,'dashboard','customer'),(28,'dashboard','chart'),(29,'module','oc_page_builder'),(30,'module','ocblog'),(31,'module','occmsblock'),(54,'module','octabcategoryslider'),(33,'module','occategorythumbnail'),(34,'module','ocfeaturedcategorytab'),(35,'module','ocfeatureslider'),(36,'module','ochozmegamenu'),(37,'module','ocmostproduct'),(38,'module','newslettersubscribe'),(39,'module','ocquickview'),(40,'module','ocproductrotator'),(42,'module','ocrandomslider'),(43,'module','ocslideshow'),(44,'module','ocspecialproductslider'),(45,'module','ocvermegamenu'),(46,'module','occountdown'),(47,'module','ocnewproductslider'),(48,'module','oclayerednavigation'),(49,'module','ocfeaturedcategory'),(50,'module','ocsearchcategory'),(51,'module','ocbestproductslider'),(52,'module','octestimonial'),(55,'module','ocnewproductpage'),(56,'module','ocbestsellerpage');
/*!40000 ALTER TABLE `oc_extension` ENABLE KEYS */;
UNLOCK TABLES;

--
-- Table structure for table `oc_filter`
--

DROP TABLE IF EXISTS `oc_filter`;
/*!40101 SET @saved_cs_client     = @@character_set_client */;
/*!40101 SET character_set_client = utf8 */;
CREATE TABLE `oc_filter` (
  `filter_id` int(11) NOT NULL AUTO_INCREMENT,
  `filter_group_id` int(11) NOT NULL,
  `sort_order` int(3) NOT NULL,
  PRIMARY KEY (`filter_id`)
) ENGINE=MyISAM AUTO_INCREMENT=13 DEFAULT CHARSET=utf8;
/*!40101 SET character_set_client = @saved_cs_client */;

--
-- Dumping data for table `oc_filter`
--

LOCK TABLES `oc_filter` WRITE;
/*!40000 ALTER TABLE `oc_filter` DISABLE KEYS */;
INSERT INTO `oc_filter` VALUES (1,1,0),(2,1,0),(3,1,0),(4,1,0),(5,2,0),(6,2,0),(7,2,0),(8,2,0),(9,3,0),(10,3,0),(11,3,0),(12,3,0);
/*!40000 ALTER TABLE `oc_filter` ENABLE KEYS */;
UNLOCK TABLES;

--
-- Table structure for table `oc_filter_description`
--

DROP TABLE IF EXISTS `oc_filter_description`;
/*!40101 SET @saved_cs_client     = @@character_set_client */;
/*!40101 SET character_set_client = utf8 */;
CREATE TABLE `oc_filter_description` (
  `filter_id` int(11) NOT NULL,
  `language_id` int(11) NOT NULL,
  `filter_group_id` int(11) NOT NULL,
  `name` varchar(64) NOT NULL,
  PRIMARY KEY (`filter_id`,`language_id`)
) ENGINE=MyISAM DEFAULT CHARSET=utf8;
/*!40101 SET character_set_client = @saved_cs_client */;

--
-- Dumping data for table `oc_filter_description`
--

LOCK TABLES `oc_filter_description` WRITE;
/*!40000 ALTER TABLE `oc_filter_description` DISABLE KEYS */;
INSERT INTO `oc_filter_description` VALUES (1,1,1,'Accessories'),(1,2,1,'Accessories'),(2,1,1,'Dresses'),(2,2,1,'Dresses'),(3,1,1,'Handbags'),(3,2,1,'Handbags'),(4,1,1,'Tops'),(4,2,1,'Tops'),(5,1,2,'Black'),(5,2,2,'Black'),(6,1,2,'Blue'),(6,2,2,'Blue'),(7,1,2,'Green'),(7,2,2,'Green'),(8,1,2,'White'),(8,2,2,'White'),(9,1,3,'Calvin Klein'),(9,2,3,'Calvin Klein'),(10,1,3,'Diesel'),(10,2,3,'Diesel'),(11,1,3,'Tommy Hilfiger'),(11,2,3,'Tommy Hilfiger'),(12,1,3,'Versace'),(12,2,3,'Versace'),(1,3,1,'Accessories'),(2,3,1,'Dresses'),(3,3,1,'Handbags'),(4,3,1,'Tops'),(5,3,2,'Black'),(6,3,2,'Blue'),(7,3,2,'Green'),(8,3,2,'White'),(9,3,3,'Calvin Klein'),(10,3,3,'Diesel'),(11,3,3,'Tommy Hilfiger'),(12,3,3,'Versace'),(1,4,1,'Accessories'),(2,4,1,'Dresses'),(3,4,1,'Handbags'),(4,4,1,'Tops'),(5,4,2,'Black'),(6,4,2,'Blue'),(7,4,2,'Green'),(8,4,2,'White'),(9,4,3,'Calvin Klein'),(10,4,3,'Diesel'),(11,4,3,'Tommy Hilfiger'),(12,4,3,'Versace');
/*!40000 ALTER TABLE `oc_filter_description` ENABLE KEYS */;
UNLOCK TABLES;

--
-- Table structure for table `oc_filter_group`
--

DROP TABLE IF EXISTS `oc_filter_group`;
/*!40101 SET @saved_cs_client     = @@character_set_client */;
/*!40101 SET character_set_client = utf8 */;
CREATE TABLE `oc_filter_group` (
  `filter_group_id` int(11) NOT NULL AUTO_INCREMENT,
  `sort_order` int(3) NOT NULL,
  PRIMARY KEY (`filter_group_id`)
) ENGINE=MyISAM AUTO_INCREMENT=4 DEFAULT CHARSET=utf8;
/*!40101 SET character_set_client = @saved_cs_client */;

--
-- Dumping data for table `oc_filter_group`
--

LOCK TABLES `oc_filter_group` WRITE;
/*!40000 ALTER TABLE `oc_filter_group` DISABLE KEYS */;
INSERT INTO `oc_filter_group` VALUES (1,1),(2,2),(3,3);
/*!40000 ALTER TABLE `oc_filter_group` ENABLE KEYS */;
UNLOCK TABLES;

--
-- Table structure for table `oc_filter_group_description`
--

DROP TABLE IF EXISTS `oc_filter_group_description`;
/*!40101 SET @saved_cs_client     = @@character_set_client */;
/*!40101 SET character_set_client = utf8 */;
CREATE TABLE `oc_filter_group_description` (
  `filter_group_id` int(11) NOT NULL,
  `language_id` int(11) NOT NULL,
  `name` varchar(64) NOT NULL,
  PRIMARY KEY (`filter_group_id`,`language_id`)
) ENGINE=MyISAM DEFAULT CHARSET=utf8;
/*!40101 SET character_set_client = @saved_cs_client */;

--
-- Dumping data for table `oc_filter_group_description`
--

LOCK TABLES `oc_filter_group_description` WRITE;
/*!40000 ALTER TABLE `oc_filter_group_description` DISABLE KEYS */;
INSERT INTO `oc_filter_group_description` VALUES (1,1,'Category'),(1,2,'Category'),(2,1,'Color'),(2,2,'Color'),(3,1,'Manufacturer'),(3,2,'Manufacturer'),(1,3,'Category'),(2,3,'Color'),(3,3,'Manufacturer'),(1,4,'Category'),(2,4,'Color'),(3,4,'Manufacturer');
/*!40000 ALTER TABLE `oc_filter_group_description` ENABLE KEYS */;
UNLOCK TABLES;

--
-- Table structure for table `oc_geo_zone`
--

DROP TABLE IF EXISTS `oc_geo_zone`;
/*!40101 SET @saved_cs_client     = @@character_set_client */;
/*!40101 SET character_set_client = utf8 */;
CREATE TABLE `oc_geo_zone` (
  `geo_zone_id` int(11) NOT NULL AUTO_INCREMENT,
  `name` varchar(32) NOT NULL,
  `description` varchar(255) NOT NULL,
  `date_modified` datetime NOT NULL,
  `date_added` datetime NOT NULL,
  PRIMARY KEY (`geo_zone_id`)
) ENGINE=MyISAM AUTO_INCREMENT=5 DEFAULT CHARSET=utf8;
/*!40101 SET character_set_client = @saved_cs_client */;

--
-- Dumping data for table `oc_geo_zone`
--

LOCK TABLES `oc_geo_zone` WRITE;
/*!40000 ALTER TABLE `oc_geo_zone` DISABLE KEYS */;
INSERT INTO `oc_geo_zone` VALUES (3,'UK VAT Zone','UK VAT','2010-02-26 22:33:24','2009-01-06 23:26:25'),(4,'UK Shipping','UK Shipping Zones','2010-12-15 15:18:13','2009-06-23 01:14:53');
/*!40000 ALTER TABLE `oc_geo_zone` ENABLE KEYS */;
UNLOCK TABLES;

--
-- Table structure for table `oc_information`
--

DROP TABLE IF EXISTS `oc_information`;
/*!40101 SET @saved_cs_client     = @@character_set_client */;
/*!40101 SET character_set_client = utf8 */;
CREATE TABLE `oc_information` (
  `information_id` int(11) NOT NULL AUTO_INCREMENT,
  `bottom` int(1) NOT NULL DEFAULT '0',
  `sort_order` int(3) NOT NULL DEFAULT '0',
  `status` tinyint(1) NOT NULL DEFAULT '1',
  PRIMARY KEY (`information_id`)
) ENGINE=MyISAM AUTO_INCREMENT=7 DEFAULT CHARSET=utf8;
/*!40101 SET character_set_client = @saved_cs_client */;

--
-- Dumping data for table `oc_information`
--

LOCK TABLES `oc_information` WRITE;
/*!40000 ALTER TABLE `oc_information` DISABLE KEYS */;
INSERT INTO `oc_information` VALUES (3,1,3,1),(4,1,1,1),(5,1,4,1),(6,1,2,1);
/*!40000 ALTER TABLE `oc_information` ENABLE KEYS */;
UNLOCK TABLES;

--
-- Table structure for table `oc_information_description`
--

DROP TABLE IF EXISTS `oc_information_description`;
/*!40101 SET @saved_cs_client     = @@character_set_client */;
/*!40101 SET character_set_client = utf8 */;
CREATE TABLE `oc_information_description` (
  `information_id` int(11) NOT NULL,
  `language_id` int(11) NOT NULL,
  `title` varchar(64) NOT NULL,
  `description` text NOT NULL,
  `meta_title` varchar(255) NOT NULL,
  `meta_description` varchar(255) NOT NULL,
  `meta_keyword` varchar(255) NOT NULL,
  PRIMARY KEY (`information_id`,`language_id`)
) ENGINE=MyISAM DEFAULT CHARSET=utf8;
/*!40101 SET character_set_client = @saved_cs_client */;

--
-- Dumping data for table `oc_information_description`
--

LOCK TABLES `oc_information_description` WRITE;
/*!40000 ALTER TABLE `oc_information_description` DISABLE KEYS */;
INSERT INTO `oc_information_description` VALUES (4,1,'About Us','&lt;p&gt;\r\n	About Us&lt;/p&gt;\r\n','About Us','',''),(5,1,'Terms &amp; Conditions','&lt;p&gt;\r\n	Terms &amp;amp; Conditions&lt;/p&gt;\r\n','Terms &amp; Conditions','',''),(3,1,'Privacy Policy','&lt;p&gt;\r\n	Privacy Policy&lt;/p&gt;\r\n','Privacy Policy','',''),(6,1,'Delivery Information','&lt;p&gt;\r\n	Delivery Information&lt;/p&gt;\r\n','Delivery Information','',''),(4,2,'About Us','&lt;p&gt;\r\n	About Us&lt;/p&gt;\r\n','About Us','',''),(5,2,'Terms &amp; Conditions','&lt;p&gt;\r\n	Terms &amp;amp; Conditions&lt;/p&gt;\r\n','Terms &amp; Conditions','',''),(3,2,'Privacy Policy','&lt;p&gt;\r\n	Privacy Policy&lt;/p&gt;\r\n','Privacy Policy','',''),(6,2,'Delivery Information','&lt;p&gt;\r\n	Delivery Information&lt;/p&gt;\r\n','Delivery Information','',''),(4,3,'About Us','&lt;p&gt;\r\n	About Us&lt;/p&gt;\r\n','About Us','',''),(5,3,'Terms &amp; Conditions','&lt;p&gt;\r\n	Terms &amp;amp; Conditions&lt;/p&gt;\r\n','Terms &amp; Conditions','',''),(3,3,'Privacy Policy','&lt;p&gt;\r\n	Privacy Policy&lt;/p&gt;\r\n','Privacy Policy','',''),(6,3,'Delivery Information','&lt;p&gt;\r\n	Delivery Information&lt;/p&gt;\r\n','Delivery Information','',''),(4,4,'About Us','&lt;p&gt;\r\n	About Us&lt;/p&gt;\r\n','About Us','',''),(5,4,'Terms &amp; Conditions','&lt;p&gt;\r\n	Terms &amp;amp; Conditions&lt;/p&gt;\r\n','Terms &amp; Conditions','',''),(3,4,'Privacy Policy','&lt;p&gt;\r\n	Privacy Policy&lt;/p&gt;\r\n','Privacy Policy','',''),(6,4,'Delivery Information','&lt;p&gt;\r\n	Delivery Information&lt;/p&gt;\r\n','Delivery Information','','');
/*!40000 ALTER TABLE `oc_information_description` ENABLE KEYS */;
UNLOCK TABLES;

--
-- Table structure for table `oc_information_to_layout`
--

DROP TABLE IF EXISTS `oc_information_to_layout`;
/*!40101 SET @saved_cs_client     = @@character_set_client */;
/*!40101 SET character_set_client = utf8 */;
CREATE TABLE `oc_information_to_layout` (
  `information_id` int(11) NOT NULL,
  `store_id` int(11) NOT NULL,
  `layout_id` int(11) NOT NULL,
  PRIMARY KEY (`information_id`,`store_id`)
) ENGINE=MyISAM DEFAULT CHARSET=utf8;
/*!40101 SET character_set_client = @saved_cs_client */;

--
-- Dumping data for table `oc_information_to_layout`
--

LOCK TABLES `oc_information_to_layout` WRITE;
/*!40000 ALTER TABLE `oc_information_to_layout` DISABLE KEYS */;
/*!40000 ALTER TABLE `oc_information_to_layout` ENABLE KEYS */;
UNLOCK TABLES;

--
-- Table structure for table `oc_information_to_store`
--

DROP TABLE IF EXISTS `oc_information_to_store`;
/*!40101 SET @saved_cs_client     = @@character_set_client */;
/*!40101 SET character_set_client = utf8 */;
CREATE TABLE `oc_information_to_store` (
  `information_id` int(11) NOT NULL,
  `store_id` int(11) NOT NULL,
  PRIMARY KEY (`information_id`,`store_id`)
) ENGINE=MyISAM DEFAULT CHARSET=utf8;
/*!40101 SET character_set_client = @saved_cs_client */;

--
-- Dumping data for table `oc_information_to_store`
--

LOCK TABLES `oc_information_to_store` WRITE;
/*!40000 ALTER TABLE `oc_information_to_store` DISABLE KEYS */;
INSERT INTO `oc_information_to_store` VALUES (3,0),(4,0),(5,0),(6,0);
/*!40000 ALTER TABLE `oc_information_to_store` ENABLE KEYS */;
UNLOCK TABLES;

--
-- Table structure for table `oc_language`
--

DROP TABLE IF EXISTS `oc_language`;
/*!40101 SET @saved_cs_client     = @@character_set_client */;
/*!40101 SET character_set_client = utf8 */;
CREATE TABLE `oc_language` (
  `language_id` int(11) NOT NULL AUTO_INCREMENT,
  `name` varchar(32) NOT NULL,
  `code` varchar(5) NOT NULL,
  `locale` varchar(255) NOT NULL,
  `image` varchar(64) NOT NULL,
  `directory` varchar(32) NOT NULL,
  `sort_order` int(3) NOT NULL DEFAULT '0',
  `status` tinyint(1) NOT NULL,
  PRIMARY KEY (`language_id`),
  KEY `name` (`name`)
) ENGINE=MyISAM AUTO_INCREMENT=5 DEFAULT CHARSET=utf8;
/*!40101 SET character_set_client = @saved_cs_client */;

--
-- Dumping data for table `oc_language`
--

LOCK TABLES `oc_language` WRITE;
/*!40000 ALTER TABLE `oc_language` DISABLE KEYS */;
INSERT INTO `oc_language` VALUES (1,'English','en-gb','en-US,en_US.UTF-8,en_US,en-gb,english','gb.png','english',1,1),(3,'Russian','ru-ru','ru_ru.UTF-8,ru_ru,ru-ru,russian','','',1,1),(4,'Suomi','fi-fi','fi','','',1,0);
/*!40000 ALTER TABLE `oc_language` ENABLE KEYS */;
UNLOCK TABLES;

--
-- Table structure for table `oc_layout`
--

DROP TABLE IF EXISTS `oc_layout`;
/*!40101 SET @saved_cs_client     = @@character_set_client */;
/*!40101 SET character_set_client = utf8 */;
CREATE TABLE `oc_layout` (
  `layout_id` int(11) NOT NULL AUTO_INCREMENT,
  `name` varchar(64) NOT NULL,
  PRIMARY KEY (`layout_id`)
) ENGINE=MyISAM AUTO_INCREMENT=49 DEFAULT CHARSET=utf8;
/*!40101 SET character_set_client = @saved_cs_client */;

--
-- Dumping data for table `oc_layout`
--

LOCK TABLES `oc_layout` WRITE;
/*!40000 ALTER TABLE `oc_layout` DISABLE KEYS */;
INSERT INTO `oc_layout` VALUES (1,'Angara 01: Home'),(2,'Angara 01: Product'),(3,'Angara 01: Category'),(4,'Angara 01: Default'),(5,'Angara 01: Manufacturer'),(6,'Angara 02: Home'),(7,'Angara 02: Default'),(8,'Angara 02: Product'),(9,'Angara 03: Home'),(10,'Angara 02: Category'),(11,'Angara 03: Category'),(12,'Angara 02: Manufacturer'),(13,'Angara 03: Default'),(14,'Angara 03: Manufacturer'),(15,'Angara 03: Product'),(16,'Angara 04: Category'),(17,'Angara 04: Default'),(18,'Angara 04: Home'),(19,'Angara 04: Manufacturer'),(20,'Angara 04: Product'),(48,'Angara 02: Newproduct Page, Bestseller Product'),(47,'Angara 01: Newproduct Page, Bestseller Product'),(46,'Angara 04: Newproduct Page, Bestseller Product'),(41,'Angara 01: Manufacturer Product,Search Product,Special Product'),(42,'Angara 02: Manufacturer Product,Search Product,Special Product'),(43,'Angara 03: Manufacturer Product,Search Product,Special Product'),(44,'Angara 03: Newproduct Page, Bestseller Product'),(45,'Angara 04: Manufacturer Product,Search Product,Special Product');
/*!40000 ALTER TABLE `oc_layout` ENABLE KEYS */;
UNLOCK TABLES;

--
-- Table structure for table `oc_layout_module`
--

DROP TABLE IF EXISTS `oc_layout_module`;
/*!40101 SET @saved_cs_client     = @@character_set_client */;
/*!40101 SET character_set_client = utf8 */;
CREATE TABLE `oc_layout_module` (
  `layout_module_id` int(11) NOT NULL AUTO_INCREMENT,
  `layout_id` int(11) NOT NULL,
  `code` varchar(64) NOT NULL,
  `position` varchar(14) NOT NULL,
  `sort_order` int(3) NOT NULL,
  PRIMARY KEY (`layout_module_id`)
) ENGINE=MyISAM AUTO_INCREMENT=1660 DEFAULT CHARSET=utf8;
/*!40101 SET character_set_client = @saved_cs_client */;

--
-- Dumping data for table `oc_layout_module`
--

LOCK TABLES `oc_layout_module` WRITE;
/*!40000 ALTER TABLE `oc_layout_module` DISABLE KEYS */;
INSERT INTO `oc_layout_module` VALUES (1267,1,'occmsblock.132','block7',0),(1266,1,'occmsblock.122','block6',0),(1264,1,'newslettersubscribe.83','block4',1),(1337,4,'banner.62','block4',0),(1336,4,'ochozmegamenu.74','block1',1),(1346,3,'banner.62','block4',0),(1532,41,'occmsblock.131','block5',0),(1348,3,'occmsblock.131','block5',0),(1349,3,'occmsblock.122','block6',0),(1344,3,'ocvermegamenu.75','block1',0),(1531,41,'newslettersubscribe.83','block4',1),(1317,2,'occmsblock.122','block6',0),(1316,2,'occmsblock.131','block5',0),(1321,5,'banner.62','block4',0),(1320,5,'ochozmegamenu.74','block1',1),(1393,6,'occmsblock.149','block5',0),(1394,6,'occmsblock.122','block6',0),(1395,6,'occmsblock.132','block7',1),(1396,6,'oc_page_builder.87','content_top',0),(1503,11,'occmsblock.160','block5',0),(1497,9,'oc_page_builder.91','content_top',0),(1495,9,'occmsblock.122','block6',0),(1494,9,'occmsblock.160','block5',0),(1493,9,'newslettersubscribe.83','block4',0),(1586,18,'oc_page_builder.93','content_top',0),(1585,18,'occmsblock.132','block7',1),(1444,10,'occmsblock.122','block6',0),(1450,7,'occmsblock.122','block6',0),(1443,10,'occmsblock.149','block5',0),(1449,7,'occmsblock.149','block5',0),(1448,7,'newslettersubscribe.83','block4',0),(1447,7,'ocvermegamenu.138','block2',0),(1456,12,'occmsblock.122','block6',0),(1455,12,'occmsblock.149','block5',0),(1454,12,'newslettersubscribe.83','block4',0),(1453,12,'ocvermegamenu.138','block2',0),(1471,8,'occmsblock.132','block7',1),(1469,8,'occmsblock.149','block5',0),(1468,8,'newslettersubscribe.83','block4',0),(1464,42,'occmsblock.122','block6',0),(1502,11,'newslettersubscribe.83','block4',1),(1501,11,'ocvermegamenu.150','block2',0),(1500,11,'ochozmegamenu.137','block1',0),(1514,14,'newslettersubscribe.83','block4',0),(1513,14,'ocvermegamenu.150','block2',0),(1512,14,'ochozmegamenu.137','block1',0),(1463,42,'occmsblock.149','block5',0),(1462,42,'newslettersubscribe.83','block4',0),(1537,15,'newslettersubscribe.83','block4',0),(1536,15,'ocvermegamenu.150','block2',0),(1467,8,'ocvermegamenu.138','block2',0),(1639,47,'newslettersubscribe.83','block4',1),(1592,16,'newslettersubscribe.83','block4',1),(1591,16,'banner.62','block4',0),(1590,16,'ocvermegamenu.161','block2',0),(1589,16,'ochozmegamenu.137','block1',0),(1598,17,'banner.62','block4',0),(1605,19,'banner.62','block4',0),(1604,19,'ocvermegamenu.161','block2',0),(1603,19,'ochozmegamenu.137','block1',0),(1621,20,'banner.62','block4',0),(1620,20,'ocvermegamenu.161','block2',0),(1461,42,'ocvermegamenu.138','block2',0),(1265,1,'occmsblock.131','block5',0),(1263,1,'banner.62','block4',0),(1584,18,'occmsblock.122','block6',0),(1583,18,'occmsblock.169','block5',0),(1335,4,'ocvermegamenu.75','block1',0),(1319,5,'ocvermegamenu.75','block1',0),(1315,2,'newslettersubscribe.83','block4',1),(1460,42,'ochozmegamenu.137','block1',0),(1597,17,'ocvermegamenu.161','block2',0),(1596,17,'ochozmegamenu.137','block1',0),(1459,42,'occmsblock.124','column_left',1),(1619,20,'ochozmegamenu.137','block1',0),(1314,2,'banner.62','block4',0),(1535,15,'ochozmegamenu.137','block1',0),(1442,10,'newslettersubscribe.83','block4',1),(1440,10,'ochozmegamenu.137','block1',1),(1441,10,'ocvermegamenu.138','block2',0),(1499,11,'occmsblock.124','column_left',1),(1452,12,'ochozmegamenu.137','block1',0),(1498,11,'oclayerednavigation','column_left',0),(1588,16,'occmsblock.124','column_left',1),(1646,48,'ocvermegamenu.138','block2',0),(1647,48,'newslettersubscribe.83','block4',0),(1392,6,'newslettersubscribe.83','block4',0),(1492,9,'ocvermegamenu.150','block2',0),(1508,13,'newslettersubscribe.83','block4',0),(1507,13,'ocvermegamenu.150','block2',0),(1506,13,'ochozmegamenu.137','block1',0),(1659,46,'occmsblock.132','block7',0),(1391,6,'ocvermegamenu.138','block2',0),(1650,48,'occmsblock.132','block7',0),(1649,48,'occmsblock.122','block6',0),(1496,9,'occmsblock.132','block7',1),(1645,48,'ochozmegamenu.137','block1',0),(1644,48,'occmsblock.124','column_left',1),(1643,48,'ocrandomslider.85','column_left',0),(1642,47,'occmsblock.132','block7',0),(1638,47,'banner.62','block4',0),(1637,47,'ochozmegamenu.74','block1',1),(1636,47,'ocvermegamenu.75','block1',0),(1635,47,'occmsblock.124','column_left',1),(1634,47,'ocrandomslider.85','column_left',0),(1530,41,'banner.62','block4',0),(1529,41,'ochozmegamenu.74','block1',1),(1657,46,'occmsblock.169','block5',0),(1446,7,'ochozmegamenu.137','block1',0),(1528,41,'ocvermegamenu.75','block1',0),(1658,46,'occmsblock.122','block6',0),(1656,46,'newslettersubscribe.83','block4',1),(1491,9,'ochozmegamenu.137','block1',0),(1655,46,'banner.62','block4',0),(1654,46,'ocvermegamenu.161','block2',0),(1653,46,'ochozmegamenu.137','block1',0),(1390,6,'ochozmegamenu.137','block1',1),(1587,16,'oclayerednavigation','column_left',0),(1465,42,'occmsblock.132','block7',0),(1457,12,'occmsblock.132','block7',1),(1640,47,'occmsblock.131','block5',0),(1641,47,'occmsblock.122','block6',0),(1451,7,'occmsblock.132','block7',1),(1445,10,'occmsblock.132','block7',1),(1466,8,'ochozmegamenu.137','block1',0),(1648,48,'occmsblock.149','block5',0),(1470,8,'occmsblock.122','block6',0),(1652,46,'occmsblock.124','column_left',1),(1651,46,'ocrandomslider.85','column_left',0),(1458,42,'ocrandomslider.85','column_left',0),(1262,1,'ochozmegamenu.74','block1',1),(1261,1,'ocvermegamenu.75','block1',0),(1268,1,'oc_page_builder.73','content_top',0),(1439,10,'occmsblock.124','column_left',1),(1438,10,'oclayerednavigation','column_left',0),(1347,3,'newslettersubscribe.83','block4',1),(1345,3,'ochozmegamenu.74','block1',1),(1343,3,'occmsblock.124','column_left',1),(1342,3,'oclayerednavigation','column_left',0),(1313,2,'ochozmegamenu.74','block1',1),(1312,2,'ocvermegamenu.75','block1',0),(1318,2,'occmsblock.132','block7',1),(1322,5,'newslettersubscribe.83','block4',1),(1323,5,'occmsblock.131','block5',0),(1324,5,'occmsblock.122','block6',0),(1325,5,'occmsblock.132','block7',0),(1527,41,'occmsblock.124','column_left',1),(1526,41,'ocrandomslider.85','column_left',0),(1338,4,'newslettersubscribe.83','block4',1),(1339,4,'occmsblock.131','block5',0),(1340,4,'occmsblock.122','block6',0),(1341,4,'occmsblock.132','block7',1),(1350,3,'occmsblock.132','block7',1),(1504,11,'occmsblock.122','block6',0),(1505,11,'occmsblock.132','block7',1),(1509,13,'occmsblock.160','block5',0),(1510,13,'occmsblock.122','block6',0),(1511,13,'occmsblock.132','block7',1),(1515,14,'occmsblock.160','block5',0),(1516,14,'occmsblock.122','block6',0),(1517,14,'occmsblock.132','block7',1),(1518,43,'ocrandomslider.85','column_left',0),(1519,43,'occmsblock.124','column_left',1),(1520,43,'ochozmegamenu.137','block1',0),(1521,43,'ocvermegamenu.150','block2',0),(1522,43,'newslettersubscribe.83','block4',0),(1523,43,'occmsblock.160','block5',0),(1524,43,'occmsblock.122','block6',0),(1525,43,'occmsblock.132','block7',0),(1533,41,'occmsblock.122','block6',0),(1534,41,'occmsblock.132','block7',0),(1538,15,'occmsblock.160','block5',0),(1539,15,'occmsblock.122','block6',0),(1540,15,'occmsblock.132','block7',1),(1554,44,'occmsblock.160','block5',0),(1553,44,'newslettersubscribe.83','block4',0),(1552,44,'ocvermegamenu.150','block2',0),(1551,44,'ochozmegamenu.137','block1',0),(1550,44,'occmsblock.124','column_left',1),(1549,44,'ocrandomslider.85','column_left',0),(1555,44,'occmsblock.122','block6',0),(1556,44,'occmsblock.132','block7',0),(1582,18,'newslettersubscribe.83','block4',1),(1581,18,'banner.62','block4',0),(1580,18,'ocvermegamenu.161','block2',0),(1579,18,'ochozmegamenu.137','block1',0),(1593,16,'occmsblock.169','block5',0),(1594,16,'occmsblock.122','block6',0),(1595,16,'occmsblock.132','block7',1),(1599,17,'newslettersubscribe.83','block4',1),(1600,17,'occmsblock.169','block5',0),(1601,17,'occmsblock.122','block6',0),(1602,17,'occmsblock.132','block7',1),(1606,19,'newslettersubscribe.83','block4',1),(1607,19,'occmsblock.169','block5',0),(1608,19,'occmsblock.122','block6',0),(1609,19,'occmsblock.132','block7',1),(1610,45,'ocrandomslider.85','column_left',0),(1611,45,'occmsblock.124','column_left',1),(1612,45,'ochozmegamenu.137','block1',0),(1613,45,'ocvermegamenu.161','block2',0),(1614,45,'banner.62','block4',0),(1615,45,'newslettersubscribe.83','block4',1),(1616,45,'occmsblock.169','block5',0),(1617,45,'occmsblock.122','block6',0),(1618,45,'occmsblock.132','block7',0),(1622,20,'newslettersubscribe.83','block4',1),(1623,20,'occmsblock.169','block5',0),(1624,20,'occmsblock.122','block6',0),(1625,20,'occmsblock.132','block7',1);
/*!40000 ALTER TABLE `oc_layout_module` ENABLE KEYS */;
UNLOCK TABLES;

--
-- Table structure for table `oc_layout_route`
--

DROP TABLE IF EXISTS `oc_layout_route`;
/*!40101 SET @saved_cs_client     = @@character_set_client */;
/*!40101 SET character_set_client = utf8 */;
CREATE TABLE `oc_layout_route` (
  `layout_route_id` int(11) NOT NULL AUTO_INCREMENT,
  `layout_id` int(11) NOT NULL,
  `store_id` int(11) NOT NULL,
  `route` varchar(64) NOT NULL,
  PRIMARY KEY (`layout_route_id`)
) ENGINE=MyISAM AUTO_INCREMENT=402 DEFAULT CHARSET=utf8;
/*!40101 SET character_set_client = @saved_cs_client */;

--
-- Dumping data for table `oc_layout_route`
--

LOCK TABLES `oc_layout_route` WRITE;
/*!40000 ALTER TABLE `oc_layout_route` DISABLE KEYS */;
INSERT INTO `oc_layout_route` VALUES (340,3,0,'product/category%'),(329,1,0,'common/home'),(339,4,0,''),(336,5,0,'product/manufacturer'),(335,2,0,'product/product%'),(387,16,3,'product/category%'),(388,17,3,''),(386,18,3,'common/home'),(390,45,3,'product/manufacturer/%'),(393,20,3,'product/product%'),(389,19,3,'product/manufacturer'),(397,47,0,'product/ocbestseller'),(396,47,0,'product/ocnewproduct'),(401,46,3,'product/ocnewproduct'),(400,46,3,'product/ocbestseller'),(376,41,0,'product/manufacturer/%'),(377,41,0,'product/search'),(378,41,0,'product/special'),(391,45,3,'product/search'),(392,45,3,'product/special');
/*!40000 ALTER TABLE `oc_layout_route` ENABLE KEYS */;
UNLOCK TABLES;

--
-- Table structure for table `oc_length_class`
--

DROP TABLE IF EXISTS `oc_length_class`;
/*!40101 SET @saved_cs_client     = @@character_set_client */;
/*!40101 SET character_set_client = utf8 */;
CREATE TABLE `oc_length_class` (
  `length_class_id` int(11) NOT NULL AUTO_INCREMENT,
  `value` decimal(15,8) NOT NULL,
  PRIMARY KEY (`length_class_id`)
) ENGINE=MyISAM AUTO_INCREMENT=4 DEFAULT CHARSET=utf8;
/*!40101 SET character_set_client = @saved_cs_client */;

--
-- Dumping data for table `oc_length_class`
--

LOCK TABLES `oc_length_class` WRITE;
/*!40000 ALTER TABLE `oc_length_class` DISABLE KEYS */;
INSERT INTO `oc_length_class` VALUES (1,1.00000000),(2,10.00000000),(3,0.39370000);
/*!40000 ALTER TABLE `oc_length_class` ENABLE KEYS */;
UNLOCK TABLES;

--
-- Table structure for table `oc_length_class_description`
--

DROP TABLE IF EXISTS `oc_length_class_description`;
/*!40101 SET @saved_cs_client     = @@character_set_client */;
/*!40101 SET character_set_client = utf8 */;
CREATE TABLE `oc_length_class_description` (
  `length_class_id` int(11) NOT NULL,
  `language_id` int(11) NOT NULL,
  `title` varchar(32) NOT NULL,
  `unit` varchar(4) NOT NULL,
  PRIMARY KEY (`length_class_id`,`language_id`)
) ENGINE=MyISAM DEFAULT CHARSET=utf8;
/*!40101 SET character_set_client = @saved_cs_client */;

--
-- Dumping data for table `oc_length_class_description`
--

LOCK TABLES `oc_length_class_description` WRITE;
/*!40000 ALTER TABLE `oc_length_class_description` DISABLE KEYS */;
INSERT INTO `oc_length_class_description` VALUES (1,1,'Centimeter','cm'),(2,1,'Millimeter','mm'),(3,1,'Inch','in'),(1,2,'Centimeter','cm'),(2,2,'Millimeter','mm'),(3,2,'Inch','in'),(1,3,'Centimeter','cm'),(2,3,'Millimeter','mm'),(3,3,'Inch','in'),(1,4,'Centimeter','cm'),(2,4,'Millimeter','mm'),(3,4,'Inch','in');
/*!40000 ALTER TABLE `oc_length_class_description` ENABLE KEYS */;
UNLOCK TABLES;

--
-- Table structure for table `oc_location`
--

DROP TABLE IF EXISTS `oc_location`;
/*!40101 SET @saved_cs_client     = @@character_set_client */;
/*!40101 SET character_set_client = utf8 */;
CREATE TABLE `oc_location` (
  `location_id` int(11) NOT NULL AUTO_INCREMENT,
  `name` varchar(32) NOT NULL,
  `address` text NOT NULL,
  `telephone` varchar(32) NOT NULL,
  `fax` varchar(32) NOT NULL,
  `geocode` varchar(32) NOT NULL,
  `image` varchar(255) DEFAULT NULL,
  `open` text NOT NULL,
  `comment` text NOT NULL,
  PRIMARY KEY (`location_id`),
  KEY `name` (`name`)
) ENGINE=MyISAM DEFAULT CHARSET=utf8;
/*!40101 SET character_set_client = @saved_cs_client */;

--
-- Dumping data for table `oc_location`
--

LOCK TABLES `oc_location` WRITE;
/*!40000 ALTER TABLE `oc_location` DISABLE KEYS */;
/*!40000 ALTER TABLE `oc_location` ENABLE KEYS */;
UNLOCK TABLES;

--
-- Table structure for table `oc_manufacturer`
--

DROP TABLE IF EXISTS `oc_manufacturer`;
/*!40101 SET @saved_cs_client     = @@character_set_client */;
/*!40101 SET character_set_client = utf8 */;
CREATE TABLE `oc_manufacturer` (
  `manufacturer_id` int(11) NOT NULL AUTO_INCREMENT,
  `name` varchar(64) NOT NULL,
  `image` varchar(255) DEFAULT NULL,
  `sort_order` int(3) NOT NULL,
  PRIMARY KEY (`manufacturer_id`)
) ENGINE=MyISAM AUTO_INCREMENT=239 DEFAULT CHARSET=utf8;
/*!40101 SET character_set_client = @saved_cs_client */;

--
-- Dumping data for table `oc_manufacturer`
--

LOCK TABLES `oc_manufacturer` WRITE;
/*!40000 ALTER TABLE `oc_manufacturer` DISABLE KEYS */;
INSERT INTO `oc_manufacturer` VALUES (5,'HTC','catalog/demo/htc_logo.jpg',0),(6,'Palm','catalog/demo/palm_logo.jpg',0),(7,'Hewlett-Packard','catalog/demo/hp_logo.jpg',0),(8,'Apple','catalog/demo/apple_logo.jpg',0),(9,'Canon','catalog/demo/canon_logo.jpg',0),(10,'Sony','catalog/demo/sony_logo.jpg',0),(11,'Bark A Boo','images/catalog/brands/no_image.jpg',123),(12,'Hill s','images/catalog/brands/no_image.jpg',123),(13,'Royal Canin','images/catalog/brands/no_image.jpg',123),(14,'Acana','images/catalog/brands/no_image.jpg',123),(15,'Magnet & Steel','images/catalog/brands/no_image.jpg',123),(16,'Trixie','images/catalog/brands/no_image.jpg',123),(17,'Hurtta Outdoors','images/catalog/brands/no_image.jpg',123),(18,'Little&Bigger','images/catalog/brands/no_image.jpg',123),(19,'Tiny Friends Farm','images/catalog/brands/no_image.jpg',123),(20,'Pawise','images/catalog/brands/no_image.jpg',123),(21,'Show Dog','images/catalog/brands/no_image.jpg',123),(22,'All For Paws','images/catalog/brands/no_image.jpg',123),(23,'Brit Care','images/catalog/brands/no_image.jpg',123),(24,'Naturediet','images/catalog/brands/no_image.jpg',123),(25,'Moderna','images/catalog/brands/no_image.jpg',123),(26,'Flexi','images/catalog/brands/no_image.jpg',123),(27,'Sam s Field','images/catalog/brands/no_image.jpg',123),(28,'BusyBuddy','images/catalog/brands/no_image.jpg',123),(29,'ItsyBitsy','images/catalog/brands/no_image.jpg',123),(30,'Rosewood','images/catalog/brands/no_image.jpg',123),(31,'Eukanuba','images/catalog/brands/no_image.jpg',123),(32,'Dogzilla','images/catalog/brands/no_image.jpg',123),(33,'Bags on Board','images/catalog/brands/no_image.jpg',123),(34,'Finlayson','images/catalog/brands/no_image.jpg',123),(35,'Nina Ottosson','images/catalog/brands/no_image.jpg',123),(36,'Barking Heads','images/catalog/brands/no_image.jpg',123),(37,'Kong','images/catalog/brands/no_image.jpg',123),(38,'Versele-Laga','images/catalog/brands/no_image.jpg',123),(39,'Rukka','images/catalog/brands/no_image.jpg',123),(40,'RIP','images/catalog/brands/no_image.jpg',123),(41,'Planet Pet','images/catalog/brands/no_image.jpg',123),(42,'Basic','images/catalog/brands/no_image.jpg',123),(43,'Dog Gone Smart','images/catalog/brands/no_image.jpg',123),(44,'Bozita Robur','images/catalog/brands/no_image.jpg',123),(45,'natures:menu','images/catalog/brands/no_image.jpg',123),(46,'Whimzees','images/catalog/brands/no_image.jpg',123),(47,'Feel','images/catalog/brands/no_image.jpg',123),(48,'Lily s Kitchen','images/catalog/brands/no_image.jpg',123),(49,'VetIQ','images/catalog/brands/no_image.jpg',123),(50,'Dental','images/catalog/brands/no_image.jpg',123),(51,'Burgess','images/catalog/brands/no_image.jpg',123),(52,'Tetra','images/catalog/brands/no_image.jpg',123),(53,'Ferplast','images/catalog/brands/no_image.jpg',123),(54,'Adaptil','images/catalog/brands/no_image.jpg',123),(55,'Primus','images/catalog/brands/no_image.jpg',123),(56,'Animology','images/catalog/brands/no_image.jpg',123),(57,'Animonda','images/catalog/brands/no_image.jpg',123),(58,'MyFamily','images/catalog/brands/no_image.jpg',123),(59,'Bozita Feline','images/catalog/brands/no_image.jpg',123),(60,'Halti','images/catalog/brands/no_image.jpg',123),(61,'Grumpy Cat','images/catalog/brands/no_image.jpg',123),(62,'Profine','images/catalog/brands/no_image.jpg',123),(63,'Oster','images/catalog/brands/no_image.jpg',123),(64,'Ever Clean','images/catalog/brands/no_image.jpg',123),(65,'Furminator','images/catalog/brands/no_image.jpg',123),(66,'Non-stop dogwear','images/catalog/brands/no_image.jpg',123),(67,'Party Pets','images/catalog/brands/no_image.jpg',123),(68,'Carnilove','images/catalog/brands/no_image.jpg',123),(69,'Pro Dog','images/catalog/brands/no_image.jpg',123),(70,'Biobzz','images/catalog/brands/no_image.jpg',123),(71,'Pet Head','images/catalog/brands/no_image.jpg',123),(72,'Schesir','images/catalog/brands/no_image.jpg',123),(73,'Carlson','images/catalog/brands/no_image.jpg',123),(74,'Nootie','images/catalog/brands/no_image.jpg',123),(75,'GiGwi','images/catalog/brands/no_image.jpg',123),(76,'1 All Systems','images/catalog/brands/no_image.jpg',123),(77,'Petsafe','images/catalog/brands/no_image.jpg',123),(78,'Avital','images/catalog/brands/no_image.jpg',123),(79,'Nutrima','images/catalog/brands/no_image.jpg',123),(80,'Maukas','images/catalog/brands/no_image.jpg',123),(81,'PCO','images/catalog/brands/no_image.jpg',123),(82,'Aptus','images/catalog/brands/no_image.jpg',123),(83,'Hownd','images/catalog/brands/no_image.jpg',123),(84,'Biofarm','images/catalog/brands/no_image.jpg',123),(85,'Nature s Protection','images/catalog/brands/no_image.jpg',123),(86,'Purenatural','images/catalog/brands/no_image.jpg',123),(87,'Iams','images/catalog/brands/no_image.jpg',123),(88,'Andis','images/catalog/brands/no_image.jpg',123),(89,'Virbac','images/catalog/brands/no_image.jpg',123),(90,'Applaws','images/catalog/brands/no_image.jpg',123),(91,'Canikur','images/catalog/brands/no_image.jpg',123),(92,'Science Selective','images/catalog/brands/no_image.jpg',123),(93,'Buster','images/catalog/brands/no_image.jpg',123),(94,'Symppis','images/catalog/brands/no_image.jpg',123),(95,'Nutro','images/catalog/brands/no_image.jpg',123),(96,'PetRageous Designs','images/catalog/brands/no_image.jpg',123),(97,'Orijen','images/catalog/brands/no_image.jpg',123),(98,'Espree','images/catalog/brands/no_image.jpg',123),(99,'Brit Premium','images/catalog/brands/no_image.jpg',123),(100,'Asop','images/catalog/brands/no_image.jpg',123),(101,'VetBed','images/catalog/brands/no_image.jpg',123),(102,'Feline Happy','images/catalog/brands/no_image.jpg',123),(103,'Golden Eagle','images/catalog/brands/no_image.jpg',123),(104,'Chomper','images/catalog/brands/no_image.jpg',123),(105,'EQDOG','images/catalog/brands/no_image.jpg',123),(106,'Mars','images/catalog/brands/no_image.jpg',123),(107,'Trick & Treat','images/catalog/brands/no_image.jpg',123),(108,'Orbiloc','images/catalog/brands/no_image.jpg',123),(109,'Barkstop','images/catalog/brands/no_image.jpg',123),(110,'Meowing Heads','images/catalog/brands/no_image.jpg',123),(111,'West Paw Design','images/catalog/brands/no_image.jpg',123),(112,'Pet Remedy','images/catalog/brands/no_image.jpg',123),(113,'Hurtta Casual','images/catalog/brands/no_image.jpg',123),(114,'Hurtta Lifeguard','images/catalog/brands/no_image.jpg',123),(115,'Vitabalans','images/catalog/brands/no_image.jpg',123),(116,'Canagan','images/catalog/brands/no_image.jpg',123),(117,'','images/catalog/brands/no_image.jpg',123),(118,'RAUH!','images/catalog/brands/no_image.jpg',123),(119,'NERF','images/catalog/brands/no_image.jpg',123),(120,'Maxim','images/catalog/brands/no_image.jpg',123),(121,'Eat Rustic','images/catalog/brands/no_image.jpg',123),(122,'Eine Soikkeli','images/catalog/brands/no_image.jpg',123),(123,'Benelux','images/catalog/brands/no_image.jpg',123),(124,'Simple Solution','images/catalog/brands/no_image.jpg',123),(125,'Berra','images/catalog/brands/no_image.jpg',123),(126,'Drinkwell','images/catalog/brands/no_image.jpg',123),(127,'United Pets','images/catalog/brands/no_image.jpg',123),(128,'Tapvei','images/catalog/brands/no_image.jpg',123),(129,'Mason Cash','images/catalog/brands/no_image.jpg',123),(130,'Feline Porta 21','images/catalog/brands/no_image.jpg',123),(131,'Vapet','images/catalog/brands/no_image.jpg',123),(132,'Thrive','images/catalog/brands/no_image.jpg',123),(133,'Musti ja Mirri','images/catalog/brands/no_image.jpg',123),(134,'Chuckit','images/catalog/brands/no_image.jpg',123),(135,'Pezo','images/catalog/brands/no_image.jpg',123),(136,'Piccolo','images/catalog/brands/no_image.jpg',123),(137,'Pomppa','images/catalog/brands/no_image.jpg',123),(138,'Go Dog','images/catalog/brands/no_image.jpg',123),(139,'Meow&Me','images/catalog/brands/no_image.jpg',123),(140,'Compact Care','images/catalog/brands/no_image.jpg',123),(141,'PawZ','images/catalog/brands/no_image.jpg',123),(142,'Hurtta Motivation','images/catalog/brands/no_image.jpg',123),(143,'Moser','images/catalog/brands/no_image.jpg',123),(144,'Pocca','images/catalog/brands/no_image.jpg',123),(145,'Arm&Hammer','images/catalog/brands/no_image.jpg',123),(146,'Rotho','images/catalog/brands/no_image.jpg',123),(147,'R2PPet','images/catalog/brands/no_image.jpg',123),(148,'Coucou!','images/catalog/brands/no_image.jpg',123),(149,'SmartBones','images/catalog/brands/no_image.jpg',123),(150,'Edgard & Cooper™','images/catalog/brands/no_image.jpg',123),(151,'Catit','images/catalog/brands/no_image.jpg',123),(152,'Magisso','images/catalog/brands/no_image.jpg',123),(153,'Nutrolin','images/catalog/brands/no_image.jpg',123),(154,'Feliway','images/catalog/brands/no_image.jpg',123),(155,'Nylabone','images/catalog/brands/no_image.jpg',123),(156,'Sport Pet Design','images/catalog/brands/no_image.jpg',123),(157,'TopCanis','images/catalog/brands/no_image.jpg',123),(158,'Wonderboo','images/catalog/brands/no_image.jpg',123),(159,'Cat s Best','images/catalog/brands/no_image.jpg',123),(160,'Catrine','images/catalog/brands/no_image.jpg',123),(161,'Aboistop','images/catalog/brands/no_image.jpg',123),(162,'Alfie s Diner','images/catalog/brands/no_image.jpg',123),(163,'Kurgo','images/catalog/brands/no_image.jpg',123),(164,'Racinel','images/catalog/brands/no_image.jpg',123),(165,'Thundershirt','images/catalog/brands/no_image.jpg',123),(166,'CSI Urine','images/catalog/brands/no_image.jpg',123),(167,'Dog&Cat','images/catalog/brands/no_image.jpg',123),(168,'Scruffs','images/catalog/brands/no_image.jpg',123),(169,'Chipsi','images/catalog/brands/no_image.jpg',123),(170,'Bozita Nordic by Nature','images/catalog/brands/no_image.jpg',123),(171,'RODO','images/catalog/brands/no_image.jpg',123),(172,'StarMark','images/catalog/brands/no_image.jpg',123),(173,'Hear Doggy','images/catalog/brands/no_image.jpg',123),(174,'Yeowww','images/catalog/brands/no_image.jpg',123),(175,'Millers','images/catalog/brands/no_image.jpg',123),(176,'Savic','images/catalog/brands/no_image.jpg',123),(177,'Stomax','images/catalog/brands/no_image.jpg',123),(178,'Mikko Vilhunen','images/catalog/brands/no_image.jpg',123),(179,'Litter Locker','images/catalog/brands/no_image.jpg',123),(180,'Best Friend','images/catalog/brands/no_image.jpg',123),(181,'Aroma Dog','images/catalog/brands/no_image.jpg',123),(182,'Skinneez','images/catalog/brands/no_image.jpg',123),(183,'Pet Food Consulting','images/catalog/brands/no_image.jpg',123),(184,'Obersten','images/catalog/brands/no_image.jpg',123),(185,'Buddyguard','images/catalog/brands/no_image.jpg',123),(186,'Fill&Tell','images/catalog/brands/no_image.jpg',123),(187,'Ruti Rex','images/catalog/brands/no_image.jpg',123),(188,'Petstages','images/catalog/brands/no_image.jpg',123),(189,'51 Degrees North','images/catalog/brands/no_image.jpg',123),(190,'Numaxes','images/catalog/brands/no_image.jpg',123),(191,'Fixodida ZX','images/catalog/brands/no_image.jpg',123),(192,'Pet Corrector','images/catalog/brands/no_image.jpg',123),(193,'Fyra Ess','images/catalog/brands/no_image.jpg',123),(194,'Muut PFC','images/catalog/brands/no_image.jpg',123),(195,'Company of Animals','images/catalog/brands/no_image.jpg',123),(196,'Bozita','images/catalog/brands/no_image.jpg',123),(197,'Fullolife','images/catalog/brands/no_image.jpg',123),(198,'Vetcare','images/catalog/brands/no_image.jpg',123),(199,'BeOneBreed','images/catalog/brands/no_image.jpg',123),(200,'LitterKwitter','images/catalog/brands/no_image.jpg',123),(201,'Pooch & Mutt','images/catalog/brands/no_image.jpg',123),(202,'Abri-Soft','images/catalog/brands/no_image.jpg',123),(203,'Black Horse','images/catalog/brands/no_image.jpg',123),(204,'CLIX','images/catalog/brands/no_image.jpg',123),(205,'FitDog','images/catalog/brands/no_image.jpg',123),(206,'Tuffies','images/catalog/brands/no_image.jpg',123),(207,'Brit Animals','images/catalog/brands/no_image.jpg',123),(208,'Kruuse','images/catalog/brands/no_image.jpg',123),(209,'IPTS','images/catalog/brands/no_image.jpg',123),(210,'Super Carino','images/catalog/brands/no_image.jpg',123),(211,'Lovet','images/catalog/brands/no_image.jpg',123),(212,'Petmate','images/catalog/brands/no_image.jpg',123),(213,'Vesper','images/catalog/brands/no_image.jpg',123),(214,'Acme','images/catalog/brands/no_image.jpg',123),(215,'Walky Dog','images/catalog/brands/no_image.jpg',123),(216,'Vitacoat','images/catalog/brands/no_image.jpg',123),(217,'Wolters','images/catalog/brands/no_image.jpg',123),(218,'Lifeapp','images/catalog/brands/no_image.jpg',123),(219,'Intersand Classic','images/catalog/brands/no_image.jpg',123),(220,'Karlie','images/catalog/brands/no_image.jpg',123),(221,'Hi-Craft','images/catalog/brands/no_image.jpg',123),(222,'JW','images/catalog/brands/no_image.jpg',123),(223,'Baskerville','images/catalog/brands/no_image.jpg',123),(224,'Pölkky Pets','images/catalog/brands/no_image.jpg',123),(225,'Arja Vänttinen','images/catalog/brands/no_image.jpg',123),(226,'Pro Collar','images/catalog/brands/no_image.jpg',123),(227,'PlaqueOff','images/catalog/brands/no_image.jpg',123),(228,'Kuusnelonen','images/catalog/brands/no_image.jpg',123),(229,'Racinel Black Label','images/catalog/brands/no_image.jpg',123),(230,'Tummeli','images/catalog/brands/no_image.jpg',123),(231,'Classic','images/catalog/brands/no_image.jpg',123),(232,'Salmopet','images/catalog/brands/no_image.jpg',123),(233,'Strandbodarnas','images/catalog/brands/no_image.jpg',123),(234,'Peewee','images/catalog/brands/no_image.jpg',123),(235,'Bfg','images/catalog/brands/no_image.jpg',123),(236,'Rogz','images/catalog/brands/no_image.jpg',123),(237,'Funcol','images/catalog/brands/no_image.jpg',123),(238,'Tengo','images/catalog/brands/no_image.jpg',123);
/*!40000 ALTER TABLE `oc_manufacturer` ENABLE KEYS */;
UNLOCK TABLES;

--
-- Table structure for table `oc_manufacturer_to_store`
--

DROP TABLE IF EXISTS `oc_manufacturer_to_store`;
/*!40101 SET @saved_cs_client     = @@character_set_client */;
/*!40101 SET character_set_client = utf8 */;
CREATE TABLE `oc_manufacturer_to_store` (
  `manufacturer_id` int(11) NOT NULL,
  `store_id` int(11) NOT NULL,
  PRIMARY KEY (`manufacturer_id`,`store_id`)
) ENGINE=MyISAM DEFAULT CHARSET=utf8;
/*!40101 SET character_set_client = @saved_cs_client */;

--
-- Dumping data for table `oc_manufacturer_to_store`
--

LOCK TABLES `oc_manufacturer_to_store` WRITE;
/*!40000 ALTER TABLE `oc_manufacturer_to_store` DISABLE KEYS */;
INSERT INTO `oc_manufacturer_to_store` VALUES (5,0),(5,1),(5,2),(5,3),(5,4),(5,5),(5,6),(5,7),(6,0),(6,1),(6,2),(6,3),(6,4),(6,5),(6,6),(6,7),(7,0),(7,1),(7,2),(7,3),(7,4),(7,5),(7,6),(7,7),(8,0),(8,1),(8,2),(8,3),(8,4),(8,5),(8,6),(8,7),(9,0),(9,1),(9,2),(9,3),(9,4),(9,5),(9,6),(9,7),(10,0),(10,1),(10,2),(10,3),(10,4),(10,5),(10,6),(10,7);
/*!40000 ALTER TABLE `oc_manufacturer_to_store` ENABLE KEYS */;
UNLOCK TABLES;

--
-- Table structure for table `oc_marketing`
--

DROP TABLE IF EXISTS `oc_marketing`;
/*!40101 SET @saved_cs_client     = @@character_set_client */;
/*!40101 SET character_set_client = utf8 */;
CREATE TABLE `oc_marketing` (
  `marketing_id` int(11) NOT NULL AUTO_INCREMENT,
  `name` varchar(32) NOT NULL,
  `description` text NOT NULL,
  `code` varchar(64) NOT NULL,
  `clicks` int(5) NOT NULL DEFAULT '0',
  `date_added` datetime NOT NULL,
  PRIMARY KEY (`marketing_id`)
) ENGINE=MyISAM DEFAULT CHARSET=utf8;
/*!40101 SET character_set_client = @saved_cs_client */;

--
-- Dumping data for table `oc_marketing`
--

LOCK TABLES `oc_marketing` WRITE;
/*!40000 ALTER TABLE `oc_marketing` DISABLE KEYS */;
/*!40000 ALTER TABLE `oc_marketing` ENABLE KEYS */;
UNLOCK TABLES;

--
-- Table structure for table `oc_menu`
--

DROP TABLE IF EXISTS `oc_menu`;
/*!40101 SET @saved_cs_client     = @@character_set_client */;
/*!40101 SET character_set_client = utf8 */;
CREATE TABLE `oc_menu` (
  `menu_id` int(11) NOT NULL AUTO_INCREMENT,
  `store_id` int(11) NOT NULL,
  `type` varchar(6) NOT NULL,
  `link` varchar(255) NOT NULL,
  `sort_order` int(3) NOT NULL,
  `status` tinyint(1) NOT NULL,
  PRIMARY KEY (`menu_id`)
) ENGINE=MyISAM DEFAULT CHARSET=utf8;
/*!40101 SET character_set_client = @saved_cs_client */;

--
-- Dumping data for table `oc_menu`
--

LOCK TABLES `oc_menu` WRITE;
/*!40000 ALTER TABLE `oc_menu` DISABLE KEYS */;
/*!40000 ALTER TABLE `oc_menu` ENABLE KEYS */;
UNLOCK TABLES;

--
-- Table structure for table `oc_menu_description`
--

DROP TABLE IF EXISTS `oc_menu_description`;
/*!40101 SET @saved_cs_client     = @@character_set_client */;
/*!40101 SET character_set_client = utf8 */;
CREATE TABLE `oc_menu_description` (
  `menu_id` int(11) NOT NULL,
  `language_id` int(11) NOT NULL,
  `name` varchar(64) NOT NULL,
  PRIMARY KEY (`menu_id`,`language_id`)
) ENGINE=MyISAM DEFAULT CHARSET=utf8;
/*!40101 SET character_set_client = @saved_cs_client */;

--
-- Dumping data for table `oc_menu_description`
--

LOCK TABLES `oc_menu_description` WRITE;
/*!40000 ALTER TABLE `oc_menu_description` DISABLE KEYS */;
/*!40000 ALTER TABLE `oc_menu_description` ENABLE KEYS */;
UNLOCK TABLES;

--
-- Table structure for table `oc_menu_module`
--

DROP TABLE IF EXISTS `oc_menu_module`;
/*!40101 SET @saved_cs_client     = @@character_set_client */;
/*!40101 SET character_set_client = utf8 */;
CREATE TABLE `oc_menu_module` (
  `menu_module_id` int(11) NOT NULL,
  `menu_id` int(11) NOT NULL,
  `code` varchar(64) NOT NULL,
  `sort_order` int(3) NOT NULL,
  PRIMARY KEY (`menu_module_id`),
  KEY `menu_id` (`menu_id`)
) ENGINE=MyISAM DEFAULT CHARSET=utf8;
/*!40101 SET character_set_client = @saved_cs_client */;

--
-- Dumping data for table `oc_menu_module`
--

LOCK TABLES `oc_menu_module` WRITE;
/*!40000 ALTER TABLE `oc_menu_module` DISABLE KEYS */;
/*!40000 ALTER TABLE `oc_menu_module` ENABLE KEYS */;
UNLOCK TABLES;

--
-- Table structure for table `oc_modification`
--

DROP TABLE IF EXISTS `oc_modification`;
/*!40101 SET @saved_cs_client     = @@character_set_client */;
/*!40101 SET character_set_client = utf8 */;
CREATE TABLE `oc_modification` (
  `modification_id` int(11) NOT NULL AUTO_INCREMENT,
  `name` varchar(64) NOT NULL,
  `code` varchar(64) NOT NULL,
  `author` varchar(64) NOT NULL,
  `version` varchar(32) NOT NULL,
  `link` varchar(255) NOT NULL,
  `xml` mediumtext NOT NULL,
  `status` tinyint(1) NOT NULL,
  `date_added` datetime NOT NULL,
  PRIMARY KEY (`modification_id`)
) ENGINE=MyISAM AUTO_INCREMENT=14 DEFAULT CHARSET=utf8;
/*!40101 SET character_set_client = @saved_cs_client */;

--
-- Dumping data for table `oc_modification`
--

LOCK TABLES `oc_modification` WRITE;
/*!40000 ALTER TABLE `oc_modification` DISABLE KEYS */;
INSERT INTO `oc_modification` VALUES (1,'Blog For Opencart 2.3.x','oc_blog','Plaza Theme','1.0','','<?xml version=\"1.0\" encoding=\"utf-8\"?>\r\n<modification>\r\n    <code>oc_blog</code>\r\n    <name>Blog For Opencart 2.3.x</name>\r\n    <version>1.0</version>\r\n    <author>Plaza Theme</author>\r\n    \r\n    <file path=\"admin/controller/common/column_left.php\">\r\n        <operation>\r\n            <search><![CDATA[\r\n				if ($this->user->hasPermission(\'access\', \'marketing/marketing\')) {\r\n            ]]></search>\r\n            <add position=\"before\"><![CDATA[\r\n                $this->load->language(\'extension/module/ocblog\');\r\n\r\n                $blog_menu = array();\r\n\r\n                if ($this->user->hasPermission(\'access\', \'blog/article\')) {\r\n                    $blog_menu[] = array(\r\n                        \'name\' => $this->language->get(\'text_blog_article\'),\r\n                        \'href\' => $this->url->link(\'blog/article\', \'token=\' . $this->session->data[\'token\'], true),\r\n                        \'children\' => array()\r\n                    );\r\n                }\r\n\r\n                if ($this->user->hasPermission(\'access\', \'blog/articlelist\')) {\r\n                    $blog_menu[] = array(\r\n                        \'name\' => $this->language->get(\'text_blog_article_list\'),\r\n                        \'href\' => $this->url->link(\'blog/articlelist\', \'token=\' . $this->session->data[\'token\'], true),\r\n                        \'children\' => array()\r\n                    );\r\n                }\r\n\r\n                if($blog_menu) {\r\n                    $data[\'menus\'][] = array(\r\n                        \'id\'       => \'menu-blog\',\r\n                        \'icon\'     => \'fa-pencil-square-o\', \r\n                        \'name\'     => $this->language->get(\'text_blog\'),\r\n                        \'href\'     => \'\',\r\n                        \'children\' => $blog_menu\r\n                    );\r\n                }\r\n            ]]></add>\r\n        </operation>\r\n    </file>\r\n\r\n    <file path=\"admin/controller/extension/theme/theme_default.php\">\r\n        <operation>\r\n            <search><![CDATA[$this->load->language(\'extension/theme/theme_default\');]]></search>\r\n            <add position=\"before\">\r\n                <![CDATA[\r\n                    // Blog\r\n                    $this->load->language(\'extension/module/ocblog\');\r\n                    // End\r\n                ]]>\r\n            </add>\r\n        </operation>\r\n\r\n        <operation>\r\n            <search><![CDATA[$data[\'entry_image_related\'] = $this->language->get(\'entry_image_related\');]]></search>\r\n            <add position=\"before\">\r\n                <![CDATA[\r\n                    // Blog\r\n                    $data[\'entry_image_article\'] = $this->language->get(\'entry_image_article\');\r\n                    $data[\'entry_image_blog\'] = $this->language->get(\'entry_image_blog\');\r\n                    // End\r\n                ]]>\r\n            </add>\r\n        </operation>\r\n\r\n        <operation>\r\n            <search><![CDATA[if (isset($this->error[\'image_related\'])) {]]></search>\r\n            <add position=\"before\">\r\n                <![CDATA[\r\n                    // Blog\r\n                    if (isset($this->error[\'image_article\'])) {\r\n                        $data[\'error_image_article\'] = $this->error[\'image_article\'];\r\n                    } else {\r\n                        $data[\'error_image_article\'] = \'\';\r\n                    }\r\n\r\n                    if (isset($this->error[\'image_blog\'])) {\r\n                        $data[\'error_image_blog\'] = $this->error[\'image_blog\'];\r\n                    } else {\r\n                        $data[\'error_image_blog\'] = \'\';\r\n                    }\r\n                    // End\r\n                ]]>\r\n            </add>\r\n        </operation>\r\n\r\n        <operation>\r\n            <search><![CDATA[if (isset($this->request->post[\'theme_default_image_related_width\'])) {]]></search>\r\n            <add position=\"before\">\r\n                <![CDATA[\r\n                    // Blog\r\n                    if (isset($this->request->post[\'theme_default_image_article_width\'])) {\r\n                        $data[\'theme_default_image_article_width\'] = $this->request->post[\'theme_default_image_article_width\'];\r\n                    } elseif (isset($setting_info[\'theme_default_image_article_width\'])) {\r\n                        $data[\'theme_default_image_article_width\'] = $this->config->get(\'theme_default_image_article_width\');\r\n                    } else {\r\n                        $data[\'theme_default_image_article_width\'] = 400;\r\n                    }\r\n\r\n                    if (isset($this->request->post[\'theme_default_image_article_height\'])) {\r\n                        $data[\'theme_default_image_article_height\'] = $this->request->post[\'theme_default_image_article_height\'];\r\n                    } elseif (isset($setting_info[\'theme_default_image_article_height\'])) {\r\n                        $data[\'theme_default_image_article_height\'] = $this->config->get(\'theme_default_image_article_height\');\r\n                    } else {\r\n                        $data[\'theme_default_image_article_height\'] = 400;\r\n                    }\r\n\r\n                    if (isset($this->request->post[\'theme_default_image_blog_width\'])) {\r\n                        $data[\'theme_default_image_blog_width\'] = $this->request->post[\'theme_default_image_blog_width\'];\r\n                    } elseif (isset($setting_info[\'theme_default_image_blog_width\'])) {\r\n                        $data[\'theme_default_image_blog_width\'] = $this->config->get(\'theme_default_image_blog_width\');\r\n                    } else {\r\n                        $data[\'theme_default_image_blog_width\'] = 100;\r\n                    }\r\n\r\n                    if (isset($this->request->post[\'theme_default_image_blog_height\'])) {\r\n                        $data[\'theme_default_image_blog_height\'] = $this->request->post[\'theme_default_image_blog_height\'];\r\n                    } elseif (isset($setting_info[\'theme_default_image_blog_height\'])) {\r\n                        $data[\'theme_default_image_blog_height\'] = $this->config->get(\'theme_default_image_blog_height\');\r\n                    } else {\r\n                        $data[\'theme_default_image_blog_height\'] = 100;\r\n                    }\r\n                    // End\r\n                ]]>\r\n            </add>\r\n        </operation>\r\n\r\n        <operation>\r\n            <search><![CDATA[if (!$this->request->post[\'theme_default_image_related_width\'] || !$this->request->post[\'theme_default_image_related_height\']) {]]></search>\r\n            <add position=\"before\">\r\n                <![CDATA[\r\n                    // Blog\r\n                    $this->load->language(\'module/ocblog\');\r\n                    if (!$this->request->post[\'theme_default_image_article_width\'] || !$this->request->post[\'theme_default_image_article_height\']) {\r\n                        $this->error[\'image_article\'] = $this->language->get(\'error_image_article\');\r\n                    }\r\n\r\n                    if (!$this->request->post[\'theme_default_image_blog_width\'] || !$this->request->post[\'theme_default_image_blog_height\']) {\r\n                        $this->error[\'image_blog\'] = $this->language->get(\'error_image_blog\');\r\n                    }\r\n                    // End\r\n                ]]>\r\n            </add>\r\n        </operation>\r\n    </file>\r\n\r\n    <file path=\"admin/view/template/extension/theme/theme_default.tpl\">\r\n        <operation>\r\n            <search><![CDATA[<label class=\"col-sm-2 control-label\" for=\"input-image-related\"><?php echo $entry_image_related; ?></label>]]></search>\r\n            <add position=\"before\">\r\n                <![CDATA[\r\n                    <label class=\"col-sm-2 control-label\" for=\"input-image-article\"><?php echo $entry_image_article; ?></label>\r\n                    <div class=\"col-sm-10\">\r\n                      <div class=\"row\">\r\n                        <div class=\"col-sm-6\">\r\n                          <input type=\"text\" name=\"theme_default_image_article_width\" value=\"<?php echo $theme_default_image_article_width; ?>\" placeholder=\"<?php echo $entry_width; ?>\" id=\"input-image-article\" class=\"form-control\" />\r\n                        </div>\r\n                        <div class=\"col-sm-6\">\r\n                          <input type=\"text\" name=\"theme_default_image_article_height\" value=\"<?php echo $theme_default_image_article_height; ?>\" placeholder=\"<?php echo $entry_height; ?>\" class=\"form-control\" />\r\n                        </div>\r\n                      </div>\r\n                      <?php if ($error_image_article) { ?>\r\n                      <div class=\"text-danger\"><?php echo $error_image_article; ?></div>\r\n                      <?php } ?>\r\n                    </div>\r\n                  </div>\r\n                  <div class=\"form-group required\">\r\n                  <label class=\"col-sm-2 control-label\" for=\"input-image-blog\"><?php echo $entry_image_blog; ?></label>\r\n                    <div class=\"col-sm-10\">\r\n                      <div class=\"row\">\r\n                        <div class=\"col-sm-6\">\r\n                          <input type=\"text\" name=\"theme_default_image_blog_width\" value=\"<?php echo $theme_default_image_blog_width; ?>\" placeholder=\"<?php echo $entry_width; ?>\" id=\"input-image-blog\" class=\"form-control\" />\r\n                        </div>\r\n                        <div class=\"col-sm-6\">\r\n                          <input type=\"text\" name=\"theme_default_image_blog_height\" value=\"<?php echo $theme_default_image_blog_height; ?>\" placeholder=\"<?php echo $entry_height; ?>\" class=\"form-control\" />\r\n                        </div>\r\n                      </div>\r\n                      <?php if ($error_image_blog) { ?>\r\n                      <div class=\"text-danger\"><?php echo $error_image_blog; ?></div>\r\n                      <?php } ?>\r\n                    </div>\r\n                  </div>\r\n                  <div class=\"form-group required\">\r\n                ]]>\r\n            </add>\r\n        </operation>\r\n    </file>\r\n\r\n</modification>\r\n',1,'2016-10-17 20:36:17'),(2,'Layered Navigation Ajax by Plaza Themes','layered_navigation','Plaza Theme','1.1','http://www.plazathemes.com/','<modification>\r\n    <name>Layered Navigation Ajax by Plaza Themes</name>\r\n	<version>1.1</version>\r\n	<link>http://www.plazathemes.com/</link>\r\n	<author>Plaza Theme</author>\r\n	<code>layered_navigation</code>\r\n\r\n	<file path=\"catalog/controller/product/category.php\">\r\n		<operation>\r\n			<search><![CDATA[$this->response->setOutput($this->load->view(\'product/category\', $data));]]></search>\r\n			<add position=\"replace\"><![CDATA[\r\n				/* Edit for Layered Navigation Ajax Module by OCMod */\r\n				$module_status = $this->config->get(\'oclayerednavigation_status\');\r\n				if($module_status) {\r\n					$data[\'oclayerednavigation_loader_img\'] = $this->config->get(\'config_url\') . \'image/\' . $this->config->get(\'oclayerednavigation_loader_img\');\r\n                    $this->response->setOutput($this->load->view(\'extension/module/oclayerednavigation/occategory.tpl\', $data));\r\n				} else {\r\n                    $this->response->setOutput($this->load->view(\'product/category\', $data));\r\n                }\r\n			]]></add>\r\n		</operation>\r\n\r\n        <operation>\r\n            <search><![CDATA[\'href\' => $this->url->link(\'product/category\', \'path=\' . $this->request->get[\'path\'] . \'_\' . $result[\'category_id\'] . $url)]]></search>\r\n            <add position=\"replace\"><![CDATA[\'href\'  => $this->config->get(\'config_url\') . \'index.php?route=product/category&path=\' . $result[\'category_id\'] . $url]]></add>\r\n        </operation>\r\n\r\n        <operation>\r\n            <search><![CDATA[$this->url->link(\'product/category\', \'path=\' . $this->request->get[\'path\'] . \'&sort=p.sort_order&order=ASC\' . $url)]]></search>\r\n            <add position=\"replace\"><![CDATA[$this->config->get(\'config_url\') . \'index.php?route=product/category&path=\' . $category_id . \'&sort=p.sort_order&order=ASC\' . $url]]></add>\r\n        </operation>\r\n\r\n        <operation>\r\n            <search><![CDATA[$this->url->link(\'product/category\', \'path=\' . $this->request->get[\'path\'] . \'&sort=pd.name&order=ASC\' . $url)]]></search>\r\n            <add position=\"replace\"><![CDATA[$this->config->get(\'config_url\') . \'index.php?route=product/category&path=\' . $category_id . \'&sort=pd.name&order=ASC\' . $url]]></add>\r\n        </operation>\r\n\r\n        <operation>\r\n            <search><![CDATA[$this->url->link(\'product/category\', \'path=\' . $this->request->get[\'path\'] . \'&sort=pd.name&order=DESC\' . $url)]]></search>\r\n            <add position=\"replace\"><![CDATA[$this->config->get(\'config_url\') . \'index.php?route=product/category&path=\' . $category_id . \'&sort=pd.name&order=DESC\' . $url]]></add>\r\n        </operation>\r\n\r\n        <operation>\r\n            <search><![CDATA[$this->url->link(\'product/category\', \'path=\' . $this->request->get[\'path\'] . \'&sort=p.price&order=ASC\' . $url)]]></search>\r\n            <add position=\"replace\"><![CDATA[$this->config->get(\'config_url\') . \'index.php?route=product/category&path=\' . $category_id . \'&sort=p.price&order=ASC\' . $url]]></add>\r\n        </operation>\r\n\r\n        <operation>\r\n            <search><![CDATA[$this->url->link(\'product/category\', \'path=\' . $this->request->get[\'path\'] . \'&sort=p.price&order=DESC\' . $url)]]></search>\r\n            <add position=\"replace\"><![CDATA[$this->config->get(\'config_url\') . \'index.php?route=product/category&path=\' . $category_id . \'&sort=p.price&order=DESC\' . $url]]></add>\r\n        </operation>\r\n\r\n        <operation>\r\n            <search><![CDATA[$this->url->link(\'product/category\', \'path=\' . $this->request->get[\'path\'] . \'&sort=rating&order=DESC\' . $url)]]></search>\r\n            <add position=\"replace\"><![CDATA[$this->config->get(\'config_url\') . \'index.php?route=product/category&path=\' . $category_id . \'&sort=rating&order=DESC\' . $url]]></add>\r\n        </operation>\r\n\r\n        <operation>\r\n            <search><![CDATA[$this->url->link(\'product/category\', \'path=\' . $this->request->get[\'path\'] . \'&sort=rating&order=ASC\' . $url)]]></search>\r\n            <add position=\"replace\"><![CDATA[$this->config->get(\'config_url\') . \'index.php?route=product/category&path=\' . $category_id . \'&sort=rating&order=ASC\' . $url]]></add>\r\n        </operation>\r\n\r\n        <operation>\r\n            <search><![CDATA[$this->url->link(\'product/category\', \'path=\' . $this->request->get[\'path\'] . \'&sort=p.model&order=ASC\' . $url)]]></search>\r\n            <add position=\"replace\"><![CDATA[$this->config->get(\'config_url\') . \'index.php?route=product/category&path=\' . $category_id . \'&sort=p.model&order=ASC\' . $url]]></add>\r\n        </operation>\r\n\r\n        <operation>\r\n            <search><![CDATA[$this->url->link(\'product/category\', \'path=\' . $this->request->get[\'path\'] . \'&sort=p.model&order=DESC\' . $url)]]></search>\r\n            <add position=\"replace\"><![CDATA[$this->config->get(\'config_url\') . \'index.php?route=product/category&path=\' . $category_id . \'&sort=p.model&order=DESC\' . $url]]></add>\r\n        </operation>\r\n\r\n        <operation>\r\n            <search><![CDATA[$this->url->link(\'product/category\', \'path=\' . $this->request->get[\'path\'] . $url . \'&limit=\' . $value)]]></search>\r\n            <add position=\"replace\"><![CDATA[$this->config->get(\'config_url\') . \'index.php?route=product/category&path=\' . $category_id . $url . \'&limit=\' . $value]]></add>\r\n        </operation>\r\n\r\n        <operation>\r\n            <search><![CDATA[$pagination->url = $this->url->link(\'product/category\', \'path=\' . $this->request->get[\'path\'] . $url . \'&page={page}\');]]></search>\r\n            <add position=\"replace\"><![CDATA[$pagination->url = $this->config->get(\'config_url\') . \'index.php?route=extension/module/oclayerednavigation/category&path=\' . $category_id . $url . \'&page={page}\';]]></add>\r\n        </operation>\r\n	</file>\r\n\r\n    <file path=\"catalog/model/catalog/product.php\">\r\n        <operation>\r\n            <search><![CDATA[if (!empty($data[\'filter_manufacturer_id\'])) {]]></search>\r\n            <add position=\"before\">\r\n                <![CDATA[\r\n                    /* Price range */\r\n                    if  (!empty($data[\'filter_price\'])) {\r\n                        $min_price = $data[\'filter_price\'][\'min_price\'];\r\n                        $max_price = $data[\'filter_price\'][\'max_price\'];\r\n            \r\n                        $sql .=  \" AND p.price >=\'\". $min_price .\"\' AND p.price <=\'\". $max_price .\"\'\" ;\r\n                    }\r\n                    /* End */\r\n                ]]>\r\n            </add>\r\n        </operation>\r\n    </file>\r\n</modification>',1,'2016-10-17 20:36:24'),(3,'Product Rotator Image by Plaza Themes','product_rotator','Plaza Theme','1.0','http://www.plazathemes.com/','<modification>\r\n    <name>Product Rotator Image by Plaza Themes</name>\r\n	<version>1.0</version>\r\n	<link>http://www.plazathemes.com/</link>\r\n	<author>Plaza Theme</author>\r\n	<code>product_rotator</code>\r\n\r\n    <!-- Hook into admin product controller -->\r\n	<file path=\"admin/controller/catalog/product.php\">\r\n		<operation>\r\n			<search ><![CDATA[public function index() {]]></search>\r\n			<add position=\"after\"><![CDATA[\r\n				/* Product Rotator */\r\n                $this->load->model(\'catalog/ocproductrotator\');\r\n        \r\n                $this->model_catalog_ocproductrotator->installProductRotator();\r\n			]]></add>\r\n		</operation>\r\n        <operation>\r\n            <search ><![CDATA[$this->load->language(\'catalog/product\');]]></search>\r\n            <add position=\"before\"><![CDATA[\r\n                /* Product Rotator */\r\n                $this->load->language(\'extension/module/ocproductrotator\');\r\n            ]]></add>\r\n        </operation>\r\n        <operation>\r\n            <search ><![CDATA[$data[\'entry_image\'] = $this->language->get(\'entry_image\');]]></search>\r\n            <add position=\"after\"><![CDATA[\r\n				/* Product Rotator */\r\n                $data[\'entry_is_rotator\'] = $this->language->get(\'entry_is_rotator\');\r\n			]]></add>\r\n        </operation>\r\n        <operation>\r\n            <search ><![CDATA[\'sort_order\' => $product_image[\'sort_order\']]]></search>\r\n            <add position=\"before\"><![CDATA[\r\n                /* Product Rotator */\r\n                \'is_rotator\' => $product_image[\'is_rotator\'],\r\n            ]]></add>\r\n        </operation>\r\n	</file>\r\n\r\n    <!-- Hook into admin product model -->\r\n    <file path=\"admin/model/catalog/product.php\">\r\n        <operation>\r\n            <search><![CDATA[$this->db->query(\"INSERT INTO \" . DB_PREFIX . \"product_image SET product_id = \'\" . (int)$product_id . \"\', image = \'\" . $this->db->escape($product_image[\'image\']) . \"\', sort_order = \'\" . (int)$product_image[\'sort_order\'] . \"\'\");]]></search>\r\n            <add position=\"replace\">\r\n                <![CDATA[\r\n                    /* Product Rotator */\r\n                    $this->db->query(\"INSERT INTO \" . DB_PREFIX . \"product_image SET product_id = \'\" . (int)$product_id . \"\', image = \'\" . $this->db->escape($product_image[\'image\']) . \"\', sort_order = \'\" . (int)$product_image[\'sort_order\'] . \"\', is_rotator = \'\" . (int)$product_image[\'is_rotator\'] . \"\'\");\r\n                ]]>\r\n            </add>\r\n        </operation>\r\n    </file>\r\n\r\n    <!-- Modify admin product form -->\r\n    <file path=\"admin/view/template/catalog/product_form.tpl\">\r\n        <operation>\r\n            <search><![CDATA[<td class=\"text-right\"><?php echo $entry_sort_order; ?></td>]]></search>\r\n            <add position=\"after\">\r\n                <![CDATA[\r\n                    <!-- Product Rotator -->\r\n                    <td class=\"text-center\"><?php echo $entry_is_rotator; ?></td>\r\n                ]]>\r\n            </add>\r\n        </operation>\r\n        <operation>\r\n            <search><![CDATA[<td class=\"text-left\"><button type=\"button\" onclick=\"$(\'#image-row<?php echo $image_row; ?>\').remove();\" data-toggle=\"tooltip\" title=\"<?php echo $button_remove; ?>\" class=\"btn btn-danger\"><i class=\"fa fa-minus-circle\"></i></button></td>]]></search>\r\n            <add position=\"before\">\r\n                <![CDATA[\r\n                    <!-- Product Rotator -->\r\n                    <td class=\"text-center\">\r\n                    <select name=\"product_image[<?php echo $image_row; ?>][is_rotator]\" class=\"form-control rotator-select\">\r\n                      <?php if(isset($product_image[\'is_rotator\']) && (int) $product_image[\'is_rotator\'] == 1): ?>\r\n                        <option value=\"1\" selected=\"selected\">Yes</option>\r\n                        <option value=\"0\">No</option>\r\n                      <?php else: ?>\r\n                        <option value=\"1\">Yes</option>\r\n                        <option value=\"0\" selected=\"selected\">No</option>\r\n                      <?php endif; ?>\r\n                    </select>\r\n                    </td>\r\n                    <!-- End -->\r\n                ]]>\r\n            </add>\r\n        </operation>\r\n        <operation>\r\n            <search><![CDATA[function addImage() {]]></search>\r\n            <add position=\"before\">\r\n                <![CDATA[\r\n                    //Product Rotator\r\n                    $(\'#tab-image tfoot td:first\').attr(\'colspan\', 3);\r\n                    \r\n                    $(\'.rotator-select\').change(function() {\r\n                      var value = $(this).val();\r\n                      if(value == 1) {\r\n                        $(\'.rotator-select\').val(0);\r\n                        $(this).val(1);\r\n                      }\r\n                    });\r\n                    //End\r\n                ]]>\r\n            </add>\r\n        </operation>\r\n        <operation>\r\n            <search><![CDATA[$(\'#images tbody\').append(html);]]></search>\r\n            <add position=\"after\">\r\n                <![CDATA[\r\n                    //Product Rotator\r\n                    $(\'.rotator-select\').change(function() {\r\n                    var value = $(this).val();\r\n                    if(value == 1) {\r\n                      $(\'.rotator-select\').val(0);\r\n                      $(this).val(1);\r\n                    }\r\n                    });\r\n                    //End\r\n                ]]>\r\n            </add>\r\n        </operation>\r\n        <operation>\r\n            <search><![CDATA[html += \'  <td class=\"text-left\"><button type=\"button\" onclick=\"$(\\\'#image-row\' + image_row  + \'\\\').remove();\" data-toggle=\"tooltip\" title=\"<?php echo $button_remove; ?>\" class=\"btn btn-danger\"><i class=\"fa fa-minus-circle\"></i></button></td>\';]]></search>\r\n            <add position=\"before\">\r\n                <![CDATA[\r\n                    //Product Rotator\r\n                    html += \' <td class=\"text-center\">\';\r\n                    html += \'   <select name=\"product_image[\' + image_row + \'][is_rotator]\" class=\"form-control rotator-select\">\';\r\n                    html += \'     <option value=\"1\">Yes</option>\';\r\n                    html += \'     <option value=\"0\" selected=\"selected\">No</option>\';\r\n                    html += \'   </select>\';\r\n                    html += \' </td>\';\r\n                    //End\r\n                ]]>\r\n            </add>\r\n        </operation>\r\n    </file>\r\n\r\n</modification>',1,'2016-10-17 20:36:31'),(5,'Category Thumbnail for v2.3.x by Plaza Themes','category_thumbnail','Plaza Theme','1.0','http://www.plazathemes.com/','<?xml version=\"1.0\" encoding=\"utf-8\"?>\r\n<modification>\r\n    <name>Category Thumbnail for v2.3.x by Plaza Themes</name>\r\n	<version>1.0</version>\r\n	<link>http://www.plazathemes.com/</link>\r\n	<author>Plaza Theme</author>\r\n	<code>category_thumbnail</code>\r\n\r\n	<file path=\"admin/controller/common/column_left.php\">\r\n		<operation>\r\n			<search><![CDATA[if ($this->user->hasPermission(\'access\', \'catalog/category\')) {]]></search>\r\n			<add position=\"before\"><![CDATA[\r\n				// Categories\r\n\r\n				$categories = array();\r\n			]]></add>\r\n		</operation>\r\n		<operation>\r\n			<search><![CDATA[if ($this->user->hasPermission(\'access\', \'catalog/category\')) {]]></search>\r\n			<add position=\"after\">\r\n			<![CDATA[\r\n				$categories[] = array(\r\n					\'name\'	   => $this->language->get(\'text_category\'),\r\n					\'href\'     => $this->url->link(\'catalog/category\', \'token=\' . $this->session->data[\'token\'], true),\r\n					\'children\' => array()\r\n				);\r\n\r\n			}\r\n\r\n			$this->load->language(\'catalog/occategorythumbnail\');\r\n\r\n			if($this->user->hasPermission(\'access\', \'catalog/occategorythumbnail\')) {\r\n				$categories[] = array(\r\n					\'name\'	   => $this->language->get(\'text_thumbnail\'),\r\n					\'href\'     => $this->url->link(\'catalog/occategorythumbnail\', \'token=\' . $this->session->data[\'token\'], true),\r\n					\'children\' => array()\r\n				);\r\n			}\r\n\r\n			/*		\r\n			]]>\r\n			</add>\r\n		</operation>\r\n		<operation>\r\n			<search><![CDATA[if ($this->user->hasPermission(\'access\', \'catalog/product\')) {]]></search>\r\n			<add position=\"before\"><![CDATA[\r\n				*/\r\n\r\n				if($categories) {\r\n					$catalog[] = array(\r\n						\'name\'	   => $this->language->get(\'text_category\'),\r\n						\'href\'     => \'\',\r\n						\'children\' => $categories\r\n					);\r\n				}\r\n			]]></add>\r\n		</operation>\r\n	</file>\r\n</modification>',1,'2016-10-17 20:38:09'),(7,'Search Category by Plaza Themes','search_category','Plaza Theme','1.0','http://www.plazathemes.com/','<modification>\r\n    <name>Search Category by Plaza Themes</name>\r\n	<version>1.0</version>\r\n	<link>http://www.plazathemes.com/</link>\r\n	<author>Plaza Theme</author>\r\n	<code>search_category</code>\r\n\r\n	<file path=\"catalog/controller/common/header.php\">\r\n		<operation>\r\n			<search ><![CDATA[$data[\'search\'] = $this->load->controller(\'common/search\');]]></search>\r\n			<add position=\"replace\"><![CDATA[\r\n				/* Edit for Search Category Module by OCMod */\r\n				$module_status = $this->config->get(\'ocsearchcategory_status\');\r\n				if($module_status) {\r\n					$data[\'search\'] = $this->load->controller(\'extension/module/ocsearchcategory\');\r\n				} else {\r\n					$data[\'search\'] = $this->load->controller(\'common/search\');\r\n				}\r\n				/* End Code */\r\n			]]></add>\r\n		</operation>\r\n	</file>	\r\n</modification>',1,'2016-12-08 15:19:42'),(11,'Testimonial by Plaza Themes','testimonial','Plaza Theme','1.0','http://www.plazathemes.com/','<modification>\r\n    <name>Testimonial by Plaza Themes</name>\r\n	<version>1.0</version>\r\n	<link>http://www.plazathemes.com/</link>\r\n	<author>Plaza Theme</author>\r\n	<code>testimonial</code>\r\n\r\n	<file path=\"admin/controller/common/column_left.php\">\r\n		<operation>\r\n			<search><![CDATA[if ($this->user->hasPermission(\'access\', \'catalog/recurring\')) {]]></search>\r\n			<add position=\"before\"><![CDATA[\r\n				$this->load->language(\'catalog/octestimonial\');\r\n\r\n				if ($this->user->hasPermission(\'access\', \'catalog/octestimonial\')) {\r\n					$catalog[] = array(\r\n						\'name\'	   => $this->language->get(\'text_testimonial\'),\r\n						\'href\'     => $this->url->link(\'catalog/octestimonial\', \'token=\' . $this->session->data[\'token\'], true),\r\n						\'children\' => array()\r\n					);\r\n				}\r\n			]]></add>\r\n		</operation>\r\n	</file>\r\n\r\n	<file path=\"admin/controller/extension/theme/theme_default.php\">\r\n		<operation>\r\n			<search><![CDATA[$this->load->language(\'extension/theme/theme_default\');]]></search>\r\n			<add position=\"before\"><![CDATA[\r\n				$this->load->language(\'catalog/octestimonial\');\r\n			]]></add>\r\n		</operation>\r\n\r\n		<operation>\r\n			<search><![CDATA[$data[\'text_product\'] = $this->language->get(\'text_product\');]]></search>\r\n			<add position=\"before\"><![CDATA[\r\n				$data[\'text_testimonial\'] = $this->language->get(\'text_testimonial\');\r\n			]]></add>\r\n		</operation>\r\n\r\n		<operation>\r\n			<search><![CDATA[$data[\'entry_product_limit\'] = $this->language->get(\'entry_product_limit\');]]></search>\r\n			<add position=\"before\"><![CDATA[\r\n				$data[\'entry_testimonial_limit\'] = $this->language->get(\'entry_testimonial_limit\');\r\n				$data[\'entry_testimonial_image\'] = $this->language->get(\'entry_testimonial_image\');\r\n			]]></add>\r\n		</operation>\r\n\r\n		<operation>\r\n            <search><![CDATA[if (isset($this->error[\'image_related\'])) {]]></search>\r\n            <add position=\"before\">\r\n                <![CDATA[\r\n                    if (isset($this->error[\'image_testimonial\'])) {\r\n                        $data[\'error_image_testimonial\'] = $this->error[\'image_testimonial\'];\r\n                    } else {\r\n                        $data[\'error_image_testimonial\'] = \'\';\r\n                    }\r\n\r\n                    if (isset($this->error[\'testimonial_limit\'])) {\r\n						$data[\'error_testimonial_limit\'] = $this->error[\'testimonial_limit\'];\r\n					} else {\r\n						$data[\'error_testimonial_limit\'] = \'\';\r\n					}\r\n                ]]>\r\n            </add>\r\n        </operation>\r\n\r\n        <operation>\r\n            <search><![CDATA[if (isset($this->request->post[\'theme_default_image_related_width\'])) {]]></search>\r\n            <add position=\"before\">\r\n                <![CDATA[\r\n	                if (isset($this->request->post[\'theme_default_testimonial_limit\'])) {\r\n						$data[\'theme_default_testimonial_limit\'] = $this->request->post[\'theme_default_testimonial_limit\'];\r\n					} elseif (isset($setting_info[\'theme_default_testimonial_limit\'])) {\r\n						$data[\'theme_default_testimonial_limit\'] = $setting_info[\'theme_default_testimonial_limit\'];\r\n					} else {\r\n						$data[\'theme_default_testimonial_limit\'] = 15;\r\n					}\r\n\r\n					if (isset($this->request->post[\'theme_default_image_testimonial_width\'])) {\r\n						$data[\'theme_default_image_testimonial_width\'] = $this->request->post[\'theme_default_image_testimonial_width\'];\r\n					} elseif (isset($setting_info[\'theme_default_image_testimonial_width\'])) {\r\n						$data[\'theme_default_image_testimonial_width\'] = $this->config->get(\'theme_default_image_testimonial_width\');\r\n					} else {\r\n						$data[\'theme_default_image_testimonial_width\'] = 100;\r\n					}\r\n\r\n					if (isset($this->request->post[\'theme_default_image_testimonial_height\'])) {\r\n						$data[\'theme_default_image_testimonial_height\'] = $this->request->post[\'theme_default_image_testimonial_height\'];\r\n					} elseif (isset($setting_info[\'theme_default_image_testimonial_height\'])) {\r\n						$data[\'theme_default_image_testimonial_height\'] = $this->config->get(\'theme_default_image_testimonial_height\');\r\n					} else {\r\n						$data[\'theme_default_image_testimonial_height\'] = 100;\r\n					}\r\n                ]]>\r\n            </add>\r\n        </operation>\r\n\r\n        <operation>\r\n            <search><![CDATA[if (!$this->request->post[\'theme_default_image_related_width\'] || !$this->request->post[\'theme_default_image_related_height\']) {]]></search>\r\n            <add position=\"before\">\r\n                <![CDATA[\r\n                	if (!$this->request->post[\'theme_default_testimonial_limit\']) {\r\n                        $this->error[\'testimonial_limit\'] = $this->language->get(\'error_testimonial_limit\');\r\n                    }\r\n\r\n                    if (!$this->request->post[\'theme_default_image_testimonial_width\'] || !$this->request->post[\'theme_default_image_testimonial_height\']) {\r\n                        $this->error[\'image_testimonial\'] = $this->language->get(\'error_image_testimonial\');\r\n                    }\r\n                ]]>\r\n            </add>\r\n        </operation>\r\n	</file>\r\n\r\n	<file path=\"admin/view/template/extension/theme/theme_default.tpl\">\r\n		<operation>\r\n            <search><![CDATA[<legend><?php echo $text_product; ?></legend>]]></search>\r\n			<add position=\"before\">\r\n                <![CDATA[\r\n                	<legend><?php echo $text_testimonial; ?></legend>\r\n                	<div class=\"form-group required\">\r\n		              <label class=\"col-sm-2 control-label\" for=\"input-testimonial-limit\"><?php echo $entry_testimonial_limit; ?></label>\r\n		              <div class=\"col-sm-10\">\r\n		                <input type=\"text\" name=\"theme_default_testimonial_limit\" value=\"<?php echo $theme_default_testimonial_limit; ?>\" placeholder=\"<?php echo $entry_testimonial_limit; ?>\" id=\"input-testimonial-limit\" class=\"form-control\" />\r\n		                <?php if ($error_testimonial_limit) { ?>\r\n		                <div class=\"text-danger\"><?php echo $error_testimonial_limit; ?></div>\r\n		                <?php } ?>\r\n		              </div>\r\n		            </div>\r\n	            </fieldset>\r\n          		<fieldset>\r\n                ]]>\r\n            </add>\r\n		</operation>\r\n\r\n        <operation>\r\n            <search><![CDATA[<label class=\"col-sm-2 control-label\" for=\"input-image-related\"><?php echo $entry_image_related; ?></label>]]></search>\r\n            <add position=\"before\">\r\n                <![CDATA[\r\n                    <label class=\"col-sm-2 control-label\" for=\"input-image-testimonial\"><?php echo $entry_testimonial_image; ?></label>\r\n                    <div class=\"col-sm-10\">\r\n                      <div class=\"row\">\r\n                        <div class=\"col-sm-6\">\r\n                          <input type=\"text\" name=\"theme_default_image_testimonial_width\" value=\"<?php echo $theme_default_image_testimonial_width; ?>\" placeholder=\"<?php echo $entry_width; ?>\" id=\"input-image-testimonial\" class=\"form-control\" />\r\n                        </div>\r\n                        <div class=\"col-sm-6\">\r\n                          <input type=\"text\" name=\"theme_default_image_testimonial_height\" value=\"<?php echo $theme_default_image_testimonial_height; ?>\" placeholder=\"<?php echo $entry_height; ?>\" class=\"form-control\" />\r\n                        </div>\r\n                      </div>\r\n                      <?php if ($error_image_testimonial) { ?>\r\n                      <div class=\"text-danger\"><?php echo $error_image_testimonial; ?></div>\r\n                      <?php } ?>\r\n                    </div>\r\n                  </div>\r\n                  <div class=\"form-group required\">\r\n                ]]>\r\n            </add>\r\n        </operation>\r\n    </file>\r\n</modification>',1,'2017-02-18 09:45:02'),(13,'Storage Modification','tt_flexshop','Plaza Theme','1.0','http://www.plazathemes.com/','<modification>\r\n    <name>Storage Modification</name>\r\n	<version>1.0</version>\r\n	<link>http://www.plazathemes.com/</link>\r\n	<author>Plaza Theme</author>\r\n	<code>tt_flexshop</code>\r\n	\r\n	<file path=\"catalog/controller/extension/captcha/basic_captcha.php\">\r\n		<operation>\r\n			<search><![CDATA[$data[\'route\'] = $this->request->get[\'route\'];]]></search>\r\n			<add position=\"replace\"><![CDATA[\r\n				if(isset($this->request->get[\'route\'])) {\r\n				   $data[\'route\'] = $this->request->get[\'route\'];\r\n				} else {\r\n				   $data[\'route\'] = \"common/home\";\r\n				}\r\n			]]></add>\r\n		</operation>\r\n	</file>\r\n	\r\n	<file path=\"catalog/controller/extension/captcha/google_captcha.php\">\r\n		<operation>\r\n			<search><![CDATA[$data[\'route\'] = $this->request->get[\'route\'];]]></search>\r\n			<add position=\"replace\"><![CDATA[\r\n				if(isset($this->request->get[\'route\'])) {\r\n				   $data[\'route\'] = $this->request->get[\'route\'];\r\n				} else {\r\n				   $data[\'route\'] = \"common/home\";\r\n				}\r\n			]]></add>\r\n		</operation>\r\n	</file>\r\n	\r\n	<file path=\"admin/model/localisation/language.php\">\r\n		<operation>\r\n			<search><![CDATA[return $language_id;]]></search>\r\n			<add position=\"before\"><![CDATA[\r\n				$query = $this->db->query(\"SELECT * FROM \" . DB_PREFIX . \"cmsblock_description WHERE language_id = \'\" . (int)$this->config->get(\'config_language_id\') . \"\'\");\r\n\r\n				foreach ($query->rows as $cmsblock_description) {\r\n					$this->db->query(\"INSERT INTO \" . DB_PREFIX . \"cmsblock_description SET cmsblock_des_id = \'\" . (int)$cmsblock_description[\'cmsblock_des_id\'] . \"\', language_id = \'\" . (int)$language_id . \"\', cmsblock_id = \'\" . (int)$cmsblock_description[\'cmsblock_id\'] . \"\', title = \'\" . $this->db->escape($cmsblock_description[\'title\']) . \"\', description = \'\" . $this->db->escape($cmsblock_description[\'description\']) . \"\'\");\r\n				}\r\n				$this->cache->delete(\'cmsblock_description\');\r\n\r\n				$query = $this->db->query(\"SELECT * FROM \" . DB_PREFIX . \"article_description WHERE language_id = \'\" . (int)$this->config->get(\'config_language_id\') . \"\'\");\r\n\r\n				foreach ($query->rows as $article_description) {\r\n					$this->db->query(\"INSERT INTO \" . DB_PREFIX . \"article_description SET article_id = \'\" . (int)$article_description[\'article_id\'] . \"\', language_id = \'\" . (int)$language_id . \"\', name = \'\" . $this->db->escape($article_description[\'name\']) . \"\', description = \'\" . $this->db->escape($article_description[\'description\']) . \"\', intro_text = \'\" . $this->db->escape($article_description[\'intro_text\']) . \"\', meta_title = \'\" . $this->db->escape($article_description[\'meta_title\']) . \"\', meta_description = \'\" . $this->db->escape($article_description[\'meta_description\']) . \"\', meta_keyword = \'\" . $this->db->escape($article_description[\'meta_keyword\']) . \"\'\");\r\n				}\r\n				$this->cache->delete(\'article_description\');\r\n			]]></add>\r\n		</operation>\r\n\r\n		<operation>\r\n		<search><![CDATA[\r\n			$this->db->query(\"DELETE FROM \" . DB_PREFIX . \"option_description WHERE language_id = \'\" . (int)$language_id . \"\'\");\r\n		]]></search>\r\n		<add position=\"after\"><![CDATA[\r\n			$this->db->query(\"DELETE FROM \" . DB_PREFIX . \"cmsblock_description WHERE language_id = \'\" . (int)$language_id . \"\'\");\r\n			$this->db->query(\"DELETE FROM \" . DB_PREFIX . \"article_description WHERE language_id = \'\" . (int)$language_id . \"\'\");\r\n		]]></add>\r\n		</operation>\r\n	</file>\r\n	\r\n	<file path=\"admin/controller/common/header.php\">\r\n        <operation>\r\n            <search><![CDATA[$data[\'title\'] = $this->document->getTitle();]]></search>\r\n            <add position=\"replace\"><![CDATA[\r\n				$data[\'title\'] = strip_tags($this->document->getTitle());\r\n			]]></add>\r\n        </operation>\r\n    </file>\r\n\r\n	<file path=\"admin/controller/design/layout.php\">\r\n		<operation>\r\n			<search><![CDATA[$data[\'text_column_right\'] = $this->language->get(\'text_column_right\');]]></search>\r\n			<add position=\"after\"><![CDATA[\r\n				$data[\'text_block1\'] = $this->language->get(\'text_block1\');\r\n				$data[\'text_block2\'] = $this->language->get(\'text_block2\');\r\n				$data[\'text_block3\'] = $this->language->get(\'text_block3\');\r\n				$data[\'text_block4\'] = $this->language->get(\'text_block4\');\r\n				$data[\'text_block5\'] = $this->language->get(\'text_block5\');\r\n				$data[\'text_block6\'] = $this->language->get(\'text_block6\');\r\n				$data[\'text_block7\'] = $this->language->get(\'text_block7\');\r\n			]]></add>\r\n		</operation>\r\n		<operation>\r\n			<search><![CDATA[$this->response->setOutput($this->load->view(\'design/layout_form\', $data));]]></search>\r\n			<add position=\"replace\"><![CDATA[\r\n				$this->response->setOutput($this->load->view(\'design/layout_plaza_form.tpl\', $data));\r\n			]]></add>\r\n		</operation>\r\n	</file>\r\n\r\n	<file path=\"admin/language/en-gb/design/layout.php\">\r\n		<operation>\r\n			<search><![CDATA[$_[\'text_column_right\']   = \'Column Right\';]]></search>\r\n			<add position=\"after\"><![CDATA[\r\n				$_[\'text_block1\']   = \'Block 1\';\r\n				$_[\'text_block2\']   = \'Block 2\';\r\n				$_[\'text_block3\']   = \'Block 3\';\r\n				$_[\'text_block4\']   = \'Block 4\';\r\n				$_[\'text_block5\']   = \'Block 5\';\r\n				$_[\'text_block6\']   = \'Block 6\';\r\n				$_[\'text_block7\']   = \'Block 7\';\r\n			]]></add>\r\n		</operation>\r\n	</file>	\r\n	\r\n	<file path=\"catalog/controller/common/cart.php\">\r\n		<operation>\r\n			<search><![CDATA[$data[\'text_empty\'] = $this->language->get(\'text_empty\');]]></search>\r\n			<add position=\"after\"><![CDATA[\r\n				$data[\'text_mycart\'] = $this->language->get(\'text_mycart\');\r\n				$data[\'text_items2\'] = sprintf($this->language->get(\'text_items2\'), $this->cart->countProducts() + (isset($this->session->data[\'vouchers\']) ? count($this->session->data[\'vouchers\']) : 0), $this->currency->format($total, $this->session->data[\'currency\']));\r\n				$data[\'text_items3\'] = sprintf($this->language->get(\'text_items3\'), $this->cart->countProducts() + (isset($this->session->data[\'vouchers\']) ? count($this->session->data[\'vouchers\']) : 0), $this->currency->format($total, $this->session->data[\'currency\']));\r\n			]]></add>\r\n		</operation>\r\n	</file>\r\n	\r\n	<file path=\"catalog/controller/common/home.php\">\r\n		<operation>\r\n			<search><![CDATA[$this->response->setOutput($this->load->view(\'common/home\', $data));]]></search>\r\n			<add position=\"before\"><![CDATA[\r\n				$data[\'search\'] = $this->load->controller(\'common/search\');\r\n				$data[\'breadcrumbs\'] = array();\r\n				$data[\'breadcrumbs\'][] = array(\r\n					\'text\' => $this->language->get(\'text_home\'),\r\n					\'href\' => $this->url->link(\'common/home\')\r\n				);\r\n			]]></add>\r\n		</operation>\r\n	</file>\r\n	\r\n	<file path=\"catalog/controller/extension/module/category.php\">\r\n		<operation>\r\n			<search><![CDATA[if ($category[\'category_id\'] == $data[\'category_id\']) {]]></search>\r\n			<add position=\"replace\"><![CDATA[\r\n				if (true) {\r\n			]]></add>\r\n		</operation>\r\n	</file>\r\n\r\n	<file path=\"catalog/controller/common/header.php\">\r\n		<operation>\r\n			<search><![CDATA[$data[\'telephone\'] = $this->config->get(\'config_telephone\');]]></search>\r\n			<add position=\"after\"><![CDATA[\r\n				$data[\'block1\'] = $this->load->controller(\'common/block1\');\r\n				$data[\'block2\'] = $this->load->controller(\'common/block2\');\r\n				$data[\'block3\'] = $this->load->controller(\'common/block3\');\r\n				if ($this->customer->isLogged()) {\r\n					$data[\'text_message\'] = sprintf($this->language->get(\'text_message2\'),$this->customer->getFirstName(),$this->customer->getLastName());\r\n				} else{\r\n					$data[\'text_message\'] = $this->language->get(\'text_message\');\r\n				}\r\n				$data[\'text_online_shopping\'] = $this->language->get(\'text_online_shopping\');\r\n				$data[\'text_compare\'] = $this->language->get(\'text_compare\');\r\n				$data[\'compare\'] = $this->url->link(\'product/compare\', \'\', true);\r\n				$data[\'telephone\'] = $this->config->get(\'config_telephone\');\r\n				$data[\'text_phone\'] = $this->language->get(\'text_phone\');\r\n			]]></add>\r\n		</operation>\r\n		<operation>\r\n			<search><![CDATA[return $this->load->view(\'common/header\', $data);]]></search>\r\n			<add position=\"before\"><![CDATA[\r\n				if($this->config->get(\'ocajaxlogin_status\')){\r\n					$data[\'use_ajax_login\'] = true;\r\n				}else{\r\n					$data[\'use_ajax_login\'] = false;\r\n				}\r\n			]]></add>\r\n		</operation>\r\n	</file>\r\n	\r\n	<file path=\"catalog/controller/common/footer.php\">\r\n		<operation>\r\n			<search><![CDATA[$data[\'text_newsletter\'] = $this->language->get(\'text_newsletter\');]]></search>\r\n			<add position=\"after\"><![CDATA[		\r\n				$data[\'text_logo_footer\'] = $this->language->get(\'text_logo_footer\');\r\n				$data[\'text_desc_footer\'] = $this->language->get(\'text_desc_footer\');\r\n				$data[\'text_address\'] = $this->language->get(\'text_address\');\r\n				$data[\'text_email\'] = $this->language->get(\'text_email\');\r\n				$data[\'text_telephone\'] = $this->language->get(\'text_telephone\');\r\n				$data[\'address\'] = $this->config->get(\'config_address\');			\r\n				$data[\'telephone\'] = $this->config->get(\'config_telephone\');			\r\n				$data[\'email\'] = $this->config->get(\'config_email\');			\r\n				$data[\'opentime\'] = $this->config->get(\'config_open\');			\r\n				$data[\'fax\'] = $this->config->get(\'config_fax\');\r\n				$data[\'block7\'] = $this->load->controller(\'common/block7\');\r\n				$data[\'block6\'] = $this->load->controller(\'common/block6\');\r\n				$data[\'block4\'] = $this->load->controller(\'common/block4\');\r\n				$data[\'block5\'] = $this->load->controller(\'common/block5\');\r\n				if ($this->request->server[\'HTTPS\']) {\r\n					$server = $this->config->get(\'config_ssl\');\r\n				} else {\r\n					$server = $this->config->get(\'config_url\');\r\n				}\r\n				if (is_file(DIR_IMAGE . $this->config->get(\'config_logo\'))) {\r\n					$data[\'logo\'] = $server . \'image/\' . $this->config->get(\'config_logo\');\r\n				} else {\r\n					$data[\'logo\'] = \'\';\r\n				}\r\n				$data[\'name\'] = $this->config->get(\'config_name\');\r\n				$data[\'home\'] = $this->url->link(\'common/home\');\r\n			]]></add>\r\n		</operation>\r\n		<operation>\r\n			<search><![CDATA[\'title\' => $result[\'title\'],]]></search>\r\n			<add position=\"after\"><![CDATA[		\r\n				\'short-des\' => utf8_substr(strip_tags(html_entity_decode($result[\'description\'], ENT_QUOTES, \'UTF-8\')), 0, 300),\r\n			]]></add>\r\n		</operation>\r\n	</file>\r\n	\r\n	<file path=\"catalog/controller/extension/module/carousel.php\">\r\n		<operation>\r\n			<search><![CDATA[$this->document->addStyle(\'catalog/view/javascript/jquery/owl-carousel/owl.carousel.css\');]]></search>\r\n			<add position=\"replace\"><![CDATA[\r\n				//$this->document->addStyle(\'catalog/view/javascript/jquery/owl-carousel/owl.carousel.css\');\r\n			]]></add>\r\n		</operation>\r\n	</file>\r\n	\r\n	<file path=\"catalog/controller/extension/module/banner.php\">\r\n		<operation>\r\n			<search><![CDATA[$data[\'banners\'] = array();]]></search>\r\n			<add position=\"after\"><![CDATA[\r\n				$this->load->language(\'extension/module/banner\');\r\n				$data[\'heading_title\'] = $this->language->get(\'heading_title\');\r\n				$data[\'heading_title2\'] = $this->language->get(\'heading_title2\');\r\n				$data[\'text_subtitle\'] = $this->language->get(\'text_subtitle\');\r\n			]]></add>\r\n		</operation>\r\n		<operation>\r\n			<search><![CDATA[$this->document->addStyle(\'catalog/view/javascript/jquery/owl-carousel/owl.carousel.css\');]]></search>\r\n			<add position=\"replace\"><![CDATA[\r\n				//$this->document->addStyle(\'catalog/view/javascript/jquery/owl-carousel/owl.carousel.css\');\r\n			]]></add>\r\n		</operation>\r\n	</file>\r\n	\r\n	<file path=\"catalog/controller/product/category.php\">\r\n		<operation>\r\n			<search><![CDATA[foreach ($results as $result) {]]></search>\r\n			<add position=\"before\"><![CDATA[\r\n				/* Get new product */\r\n				$this->load->model(\'catalog/product\');\r\n		\r\n				$data[\'new_products\'] = array();\r\n		\r\n				$filter_data = array(\r\n					\'sort\'  => \'p.date_added\',\r\n					\'order\' => \'DESC\',\r\n					\'start\' => 0,\r\n					\'limit\' => 10\r\n				);\r\n		\r\n				$new_results = $this->model_catalog_product->getProducts($filter_data);\r\n				/* End */\r\n			]]></add>\r\n		</operation>\r\n		<operation>\r\n			<search><![CDATA[$data[\'products\'][] = array(]]></search>\r\n			<add position=\"before\"><![CDATA[\r\n				$is_new = false;\r\n				if ($new_results) { \r\n					foreach($new_results as $new_r) {\r\n						if($result[\'product_id\'] == $new_r[\'product_id\']) {\r\n							$is_new = true;\r\n						}\r\n					}\r\n				}\r\n				if (($this->config->get(\'config_customer_price\') && $this->customer->isLogged()) || !$this->config->get(\'config_customer_price\')) {\r\n					$price_num = $this->tax->calculate($result[\'price\'], $result[\'tax_class_id\'], $this->config->get(\'config_tax\'));\r\n				} else {\r\n					$price_num = false;\r\n				}\r\n\r\n				if ((float)$result[\'special\']) {\r\n					$special_num = $this->tax->calculate($result[\'special\'], $result[\'tax_class_id\'], $this->config->get(\'config_tax\'));\r\n				} else {\r\n					$special_num = false;\r\n				}\r\n				/// Product Rotator /\r\n				$product_rotator_status = (int) $this->config->get(\'ocproductrotator_status\');\r\n				if($product_rotator_status == 1) {\r\n				 $this->load->model(\'catalog/ocproductrotator\');\r\n				 $this->load->model(\'tool/image\');\r\n			 \r\n				 $product_id = $result[\'product_id\'];\r\n				 $product_rotator_image = $this->model_catalog_ocproductrotator->getProductRotatorImage($product_id);\r\n			 \r\n				 if($product_rotator_image) {\r\n				  $rotator_image = $this->model_tool_image->resize($product_rotator_image,$this->config->get($this->config->get(\'config_theme\') . \'_image_product_width\'), $this->config->get($this->config->get(\'config_theme\') . \'_image_product_height\')); \r\n				 } else {\r\n				  $rotator_image = false;\r\n				 } \r\n				} else {\r\n				 $rotator_image = false;    \r\n				}\r\n				/// End Product Rotator /\r\n			]]></add>\r\n		</operation>\r\n		<operation>\r\n			<search><![CDATA[$data[\'header\'] = $this->load->controller(\'common/header\');]]></search>\r\n			<add position=\"before\"><![CDATA[\r\n				$data[\'text_sale\'] = $this->language->get(\'text_sale\');\r\n				$data[\'text_new\'] = $this->language->get(\'text_new\');\r\n				$data[\'text_byprice\'] = $this->language->get(\'text_byprice\');\r\n			]]></add>\r\n		</operation>\r\n		<operation>\r\n			<search><![CDATA[\'product_id\'  => $result[\'product_id\'],]]></search>\r\n			<add position=\"before\"><![CDATA[\r\n				\'is_new\'      => $is_new,\r\n				\'rotator_image\' => $rotator_image,\r\n				\'price_num\'       => $price_num,\r\n				\'special_num\'     => $special_num,\r\n			]]></add>\r\n		</operation>\r\n	</file>\r\n	\r\n	<file path=\"catalog/controller/product/product.php\">\r\n		<operation>\r\n			<search><![CDATA[$results = $this->model_catalog_product->getProductRelated($this->request->get[\'product_id\']);]]></search>\r\n			<add position=\"before\"><![CDATA[\r\n				/* Get new product */\r\n				$this->load->model(\'catalog/product\');\r\n		\r\n				$data[\'new_products\'] = array();\r\n		\r\n				$filter_data = array(\r\n					\'sort\'  => \'p.date_added\',\r\n					\'order\' => \'DESC\',\r\n					\'start\' => 0,\r\n					\'limit\' => 10\r\n				);\r\n		\r\n				$new_results = $this->model_catalog_product->getProducts($filter_data);\r\n				/* End */\r\n			]]></add>\r\n		</operation>\r\n		<operation>\r\n			<search><![CDATA[$data[\'products\'][] = array(]]></search>\r\n			<add position=\"before\"><![CDATA[\r\n				$is_new = false;\r\n				if ($new_results) { \r\n					foreach($new_results as $new_r) {\r\n						if($result[\'product_id\'] == $new_r[\'product_id\']) {\r\n							$is_new = true;\r\n						}\r\n					}\r\n				}\r\n				if (($this->config->get(\'config_customer_price\') && $this->customer->isLogged()) || !$this->config->get(\'config_customer_price\')) {\r\n					$price_num = $this->tax->calculate($result[\'price\'], $result[\'tax_class_id\'], $this->config->get(\'config_tax\'));\r\n				} else {\r\n					$price_num = false;\r\n				}\r\n\r\n				if ((float)$result[\'special\']) {\r\n					$special_num = $this->tax->calculate($result[\'special\'], $result[\'tax_class_id\'], $this->config->get(\'config_tax\'));\r\n				} else {\r\n					$special_num = false;\r\n				}\r\n				/// Product Rotator /\r\n				$product_rotator_status = (int) $this->config->get(\'ocproductrotator_status\');\r\n				if($product_rotator_status == 1) {\r\n				 $this->load->model(\'catalog/ocproductrotator\');\r\n				 $this->load->model(\'tool/image\');\r\n			 \r\n				 $product_id = $result[\'product_id\'];\r\n				 $product_rotator_image = $this->model_catalog_ocproductrotator->getProductRotatorImage($product_id);\r\n			 \r\n				 if($product_rotator_image) {\r\n				  $rotator_image = $this->model_tool_image->resize($product_rotator_image, $this->config->get($this->config->get(\'config_theme\') . \'_image_related_width\'), $this->config->get($this->config->get(\'config_theme\') . \'_image_related_height\')); \r\n				 } else {\r\n				  $rotator_image = false;\r\n				 } \r\n				} else {\r\n				 $rotator_image = false;    \r\n				}\r\n				/// End Product Rotator /\r\n			]]></add>\r\n		</operation>\r\n		<operation>\r\n			<search><![CDATA[$data[\'header\'] = $this->load->controller(\'common/header\');]]></search>\r\n			<add position=\"before\"><![CDATA[\r\n				$data[\'text_new\'] = $this->language->get(\'text_new\');\r\n				$data[\'text_sale\'] = $this->language->get(\'text_sale\');\r\n			]]></add>\r\n		</operation>\r\n		<operation>\r\n			<search><![CDATA[\'rating\'      => $rating,]]></search>\r\n			<add position=\"after\"><![CDATA[\r\n				\'is_new\'      => $is_new,\r\n				\'rotator_image\' => $rotator_image,\r\n				\'price_num\'       => $price_num,\r\n				\'special_num\'     => $special_num,\r\n			]]></add>\r\n		</operation>\r\n		<operation>\r\n			<search><![CDATA[$data[\'header\'] = $this->load->controller(\'common/header\');]]></search>\r\n			<add position=\"after\"><![CDATA[\r\n				$data[\'text_sale\'] = $this->language->get(\'text_sale\');\r\n				$data[\'text_new\'] = $this->language->get(\'text_new\');\r\n				$data[\'text_byprice\'] = $this->language->get(\'text_byprice\');\r\n			]]></add>\r\n		</operation>\r\n		<operation>\r\n			<search><![CDATA[$data[\'description\'] = html_entity_decode($product_info[\'description\'], ENT_QUOTES, \'UTF-8\');]]></search>\r\n			<add position=\"after\"><![CDATA[\r\n				$data[\'short_description\'] = utf8_substr(strip_tags(html_entity_decode($product_info[\'description\'], ENT_QUOTES, \'UTF-8\')), 0, $this->config->get($this->config->get(\'config_theme\') . \'_product_description_length\')) . \'..\';\r\n			]]></add>\r\n		</operation>\r\n	</file>\r\n	\r\n	<file path=\"catalog/controller/product/special.php\">\r\n		<operation>\r\n			<search><![CDATA[$data[\'header\'] = $this->load->controller(\'common/header\');]]></search>\r\n			<add position=\"after\"><![CDATA[\r\n				$data[\'text_new\'] = $this->language->get(\'text_new\');\r\n				$data[\'text_sale\'] = $this->language->get(\'text_sale\');\r\n				$data[\'text_readmore\'] = $this->language->get(\'text_readmore\');\r\n			]]></add>\r\n		</operation>\r\n		\r\n		<operation>\r\n			<search><![CDATA[$results = $this->model_catalog_product->getProductSpecials($filter_data);]]></search>\r\n			<add position=\"after\"><![CDATA[\r\n				/* Get new product */\r\n				$this->load->model(\'catalog/product\');\r\n		\r\n				$data[\'new_products\'] = array();\r\n		\r\n				$filter_data = array(\r\n					\'sort\'  => \'p.date_added\',\r\n					\'order\' => \'DESC\',\r\n					\'start\' => 0,\r\n					\'limit\' => 10\r\n				);\r\n		\r\n				$new_results = $this->model_catalog_product->getProducts($filter_data);\r\n				/* End */\r\n			]]></add>\r\n		</operation>\r\n		\r\n		<operation>\r\n			<search><![CDATA[$data[\'products\'][] = array(]]></search>\r\n			<add position=\"before\"><![CDATA[\r\n				$is_new = false;\r\n				if ($new_results) { \r\n					foreach($new_results as $new_r) {\r\n						if($result[\'product_id\'] == $new_r[\'product_id\']) {\r\n							$is_new = true;\r\n						}\r\n					}\r\n				}\r\n				if (($this->config->get(\'config_customer_price\') && $this->customer->isLogged()) || !$this->config->get(\'config_customer_price\')) {\r\n					$price_num = $this->tax->calculate($result[\'price\'], $result[\'tax_class_id\'], $this->config->get(\'config_tax\'));\r\n				} else {\r\n					$price_num = false;\r\n				}\r\n\r\n				if ((float)$result[\'special\']) {\r\n					$special_num = $this->tax->calculate($result[\'special\'], $result[\'tax_class_id\'], $this->config->get(\'config_tax\'));\r\n				} else {\r\n					$special_num = false;\r\n				}\r\n				/// Product Rotator /\r\n				$product_rotator_status = (int) $this->config->get(\'ocproductrotator_status\');\r\n				if($product_rotator_status == 1) {\r\n				 $this->load->model(\'catalog/ocproductrotator\');\r\n				 $this->load->model(\'tool/image\');\r\n			 \r\n				 $product_id = $result[\'product_id\'];\r\n				 $product_rotator_image = $this->model_catalog_ocproductrotator->getProductRotatorImage($product_id);\r\n			 \r\n				 if($product_rotator_image) {\r\n				  $rotator_image = $this->model_tool_image->resize($product_rotator_image, $this->config->get($this->config->get(\'config_theme\') . \'_image_product_width\'), $this->config->get($this->config->get(\'config_theme\') . \'_image_product_height\')); \r\n				 } else {\r\n				  $rotator_image = false;\r\n				 } \r\n				} else {\r\n				 $rotator_image = false;    \r\n				}\r\n				/// End Product Rotator /\r\n			]]></add>\r\n		</operation>\r\n		\r\n		<operation>\r\n			<search><![CDATA[\'rating\'      => $result[\'rating\'],]]></search>\r\n			<add position=\"after\"><![CDATA[\r\n				\'is_new\'      => $is_new,\r\n				\'rotator_image\' => $rotator_image,\r\n				\'price_num\'       => $price_num,\r\n				\'special_num\'     => $special_num,\r\n			]]></add>\r\n		</operation>\r\n	</file>\r\n\r\n	<file path=\"catalog/controller/product/search.php\">\r\n		<operation>\r\n			<search><![CDATA[$data[\'header\'] = $this->load->controller(\'common/header\');]]></search>\r\n			<add position=\"after\"><![CDATA[\r\n				$data[\'text_sale\'] = $this->language->get(\'text_sale\');\r\n				$data[\'text_new\'] = $this->language->get(\'text_new\');\r\n				$data[\'text_byprice\'] = $this->language->get(\'text_byprice\');\r\n				$data[\'text_readmore\'] = $this->language->get(\'text_readmore\');\r\n			]]></add>\r\n		</operation>\r\n		\r\n		<operation>\r\n			<search><![CDATA[$results = $this->model_catalog_product->getProducts($filter_data);]]></search>\r\n			<add position=\"after\"><![CDATA[\r\n				/* Get new product */\r\n				$this->load->model(\'catalog/product\');\r\n		\r\n				$data[\'new_products\'] = array();\r\n		\r\n				$filter_data = array(\r\n					\'sort\'  => \'p.date_added\',\r\n					\'order\' => \'DESC\',\r\n					\'start\' => 0,\r\n					\'limit\' => 10\r\n				);\r\n		\r\n				$new_results = $this->model_catalog_product->getProducts($filter_data);\r\n				/* End */\r\n			]]></add>\r\n		</operation>\r\n		\r\n		<operation>\r\n			<search><![CDATA[$data[\'products\'][] = array(]]></search>\r\n			<add position=\"before\"><![CDATA[\r\n				$is_new = false;\r\n				if ($new_results) { \r\n					foreach($new_results as $new_r) {\r\n						if($result[\'product_id\'] == $new_r[\'product_id\']) {\r\n							$is_new = true;\r\n						}\r\n					}\r\n				}\r\n				if (($this->config->get(\'config_customer_price\') && $this->customer->isLogged()) || !$this->config->get(\'config_customer_price\')) {\r\n					$price_num = $this->tax->calculate($result[\'price\'], $result[\'tax_class_id\'], $this->config->get(\'config_tax\'));\r\n				} else {\r\n					$price_num = false;\r\n				}\r\n\r\n				if ((float)$result[\'special\']) {\r\n					$special_num = $this->tax->calculate($result[\'special\'], $result[\'tax_class_id\'], $this->config->get(\'config_tax\'));\r\n				} else {\r\n					$special_num = false;\r\n				}\r\n				/// Product Rotator /\r\n				$product_rotator_status = (int) $this->config->get(\'ocproductrotator_status\');\r\n				if($product_rotator_status == 1) {\r\n				 $this->load->model(\'catalog/ocproductrotator\');\r\n				 $this->load->model(\'tool/image\');\r\n			 \r\n				 $product_id = $result[\'product_id\'];\r\n				 $product_rotator_image = $this->model_catalog_ocproductrotator->getProductRotatorImage($product_id);\r\n			 \r\n				 if($product_rotator_image) {\r\n				  $rotator_image = $this->model_tool_image->resize($product_rotator_image, $this->config->get($this->config->get(\'config_theme\') . \'_image_product_width\'), $this->config->get($this->config->get(\'config_theme\') . \'_image_product_height\')); \r\n				 } else {\r\n				  $rotator_image = false;\r\n				 } \r\n				} else {\r\n				 $rotator_image = false;    \r\n				}\r\n				/// End Product Rotator /\r\n			]]></add>\r\n		</operation>\r\n		\r\n		<operation>\r\n			<search><![CDATA[\'rating\'      => $result[\'rating\'],]]></search>\r\n			<add position=\"after\"><![CDATA[\r\n				\'is_new\'      => $is_new,\r\n				\'rotator_image\' => $rotator_image,\r\n				\'price_num\'       => $price_num,\r\n				\'special_num\'     => $special_num,\r\n			]]></add>\r\n		</operation>\r\n	</file>\r\n\r\n	<file path=\"catalog/controller/product/manufacturer.php\">\r\n		<operation>\r\n			<search><![CDATA[$data[\'header\'] = $this->load->controller(\'common/header\');]]></search>\r\n			<add position=\"after\"><![CDATA[\r\n				$data[\'text_sale\'] = $this->language->get(\'text_sale\');\r\n				$data[\'text_new\'] = $this->language->get(\'text_new\');\r\n				$data[\'text_byprice\'] = $this->language->get(\'text_byprice\');\r\n				$data[\'text_readmore\'] = $this->language->get(\'text_readmore\');\r\n			]]></add>\r\n		</operation>\r\n		\r\n		<operation>\r\n			<search><![CDATA[$results = $this->model_catalog_product->getProducts($filter_data);]]></search>\r\n			<add position=\"after\"><![CDATA[\r\n				/* Get new product */\r\n				$this->load->model(\'catalog/product\');\r\n		\r\n				$data[\'new_products\'] = array();\r\n		\r\n				$filter_data = array(\r\n					\'sort\'  => \'p.date_added\',\r\n					\'order\' => \'DESC\',\r\n					\'start\' => 0,\r\n					\'limit\' => 10\r\n				);\r\n		\r\n				$new_results = $this->model_catalog_product->getProducts($filter_data);\r\n				/* End */\r\n			]]></add>\r\n		</operation>\r\n		\r\n		<operation>\r\n			<search><![CDATA[$data[\'products\'][] = array(]]></search>\r\n			<add position=\"before\"><![CDATA[\r\n				$is_new = false;\r\n				if ($new_results) { \r\n					foreach($new_results as $new_r) {\r\n						if($result[\'product_id\'] == $new_r[\'product_id\']) {\r\n							$is_new = true;\r\n						}\r\n					}\r\n				}\r\n				if (($this->config->get(\'config_customer_price\') && $this->customer->isLogged()) || !$this->config->get(\'config_customer_price\')) {\r\n					$price_num = $this->tax->calculate($result[\'price\'], $result[\'tax_class_id\'], $this->config->get(\'config_tax\'));\r\n				} else {\r\n					$price_num = false;\r\n				}\r\n\r\n				if ((float)$result[\'special\']) {\r\n					$special_num = $this->tax->calculate($result[\'special\'], $result[\'tax_class_id\'], $this->config->get(\'config_tax\'));\r\n				} else {\r\n					$special_num = false;\r\n				}\r\n				/// Product Rotator /\r\n				$product_rotator_status = (int) $this->config->get(\'ocproductrotator_status\');\r\n				if($product_rotator_status == 1) {\r\n				 $this->load->model(\'catalog/ocproductrotator\');\r\n				 $this->load->model(\'tool/image\');\r\n			 \r\n				 $product_id = $result[\'product_id\'];\r\n				 $product_rotator_image = $this->model_catalog_ocproductrotator->getProductRotatorImage($product_id);\r\n			 \r\n				 if($product_rotator_image) {\r\n				  $rotator_image = $this->model_tool_image->resize($product_rotator_image, $this->config->get($this->config->get(\'config_theme\') . \'_image_product_width\'), $this->config->get($this->config->get(\'config_theme\') . \'_image_product_height\')); \r\n				 } else {\r\n				  $rotator_image = false;\r\n				 } \r\n				} else {\r\n				 $rotator_image = false;    \r\n				}\r\n				/// End Product Rotator /\r\n			]]></add>\r\n		</operation>\r\n		\r\n		<operation>\r\n			<search><![CDATA[\'rating\'      => $result[\'rating\'],]]></search>\r\n			<add position=\"after\"><![CDATA[\r\n				\'is_new\'      => $is_new,\r\n				\'rotator_image\' => $rotator_image,\r\n				\'price_num\'       => $price_num,\r\n				\'special_num\'     => $special_num,\r\n			]]></add>\r\n		</operation>\r\n	</file>\r\n	\r\n	<file path=\"catalog/controller/extension/captcha/basic_captcha.php\">\r\n        <operation>\r\n            <search><![CDATA[$data[\'route\'] = $this->request->get[\'route\'];]]></search>\r\n            <add position=\"replace\"><![CDATA[\r\n				if(isset($this->request->get[\'route\'])) {\r\n				   $data[\'route\'] = $this->request->get[\'route\'];\r\n				} else {\r\n				   $data[\'route\'] = \"common/home\";\r\n				}\r\n			]]></add>\r\n        </operation>\r\n    </file>\r\n	\r\n	<file path=\"catalog/controller/extension/captcha/google_captcha.php\">\r\n        <operation>\r\n            <search><![CDATA[$data[\'route\'] = $this->request->get[\'route\'];]]></search>\r\n            <add position=\"replace\"><![CDATA[\r\n				if(isset($this->request->get[\'route\'])) {\r\n				   $data[\'route\'] = $this->request->get[\'route\'];\r\n				} else {\r\n				   $data[\'route\'] = \"common/home\";\r\n				}\r\n			]]></add>\r\n        </operation>\r\n    </file>\r\n</modification>',1,'2017-03-22 10:50:18');
/*!40000 ALTER TABLE `oc_modification` ENABLE KEYS */;
UNLOCK TABLES;

--
-- Table structure for table `oc_module`
--

DROP TABLE IF EXISTS `oc_module`;
/*!40101 SET @saved_cs_client     = @@character_set_client */;
/*!40101 SET character_set_client = utf8 */;
CREATE TABLE `oc_module` (
  `module_id` int(11) NOT NULL AUTO_INCREMENT,
  `name` varchar(64) NOT NULL,
  `code` varchar(32) NOT NULL,
  `setting` text NOT NULL,
  PRIMARY KEY (`module_id`)
) ENGINE=MyISAM AUTO_INCREMENT=170 DEFAULT CHARSET=utf8;
/*!40101 SET character_set_client = @saved_cs_client */;

--
-- Dumping data for table `oc_module`
--

LOCK TABLES `oc_module` WRITE;
/*!40000 ALTER TABLE `oc_module` DISABLE KEYS */;
INSERT INTO `oc_module` VALUES (57,'Category','banner','{\"name\":\"Category\",\"banner_id\":\"6\",\"width\":\"182\",\"height\":\"182\",\"status\":\"1\"}'),(59,'Paypal Footer','occmsblock','{\"name\":\"Paypal Footer\",\"status\":\"1\",\"cmsblock\":\"23\"}'),(60,'Banner Static Home123','occmsblock','{\"name\":\"Banner Static Home123\",\"status\":\"1\",\"cmsblock\":\"20\"}'),(62,'Our Brands','banner','{\"name\":\"Our Brands\",\"banner_id\":\"9\",\"width\":\"170\",\"height\":\"130\",\"status\":\"1\"}'),(69,'Home slideshow Home1','ocslideshow','{\"name\":\"Home slideshow Home1\",\"status\":\"1\",\"banner\":\"18\",\"width\":\"900\",\"height\":\"490\"}'),(70,'Home Slideshow Home2','ocslideshow','{\"name\":\"Home Slideshow Home2\",\"status\":\"1\",\"banner\":\"19\",\"width\":\"870\",\"height\":\"484\"}'),(71,'Home Slideshow Home3','ocslideshow','{\"name\":\"Home Slideshow Home3\",\"status\":\"1\",\"banner\":\"20\",\"width\":\"900\",\"height\":\"516\"}'),(72,'Home Slideshow Home4','ocslideshow','{\"name\":\"Home Slideshow Home4\",\"status\":\"1\",\"banner\":\"21\",\"width\":\"870\",\"height\":\"510\"}'),(73,'Home Page 01','oc_page_builder','{\"name\":\"Home Page 01\",\"status\":\"1\",\"widget\":[{\"class\":\"\",\"cols\":[{\"info\":{\"module\":[{\"code\":\"newslettersubscribe.81\",\"name\":\"OC Newsletter &gt; Newsletter Popup\",\"url\":\"http:\\/\\/tt_legend1.com\\/admin\\/index.php?route=extension\\/module\\/newslettersubscribe&amp;token=9oz93TKD0T6TQ89pcSeftXqX99KfwSG5&amp;module_id=81\"},{\"code\":\"occmsblock.60\",\"name\":\"OC CMS Block &gt; Banner 1\",\"url\":\"http:\\/\\/tt_flexshop.com\\/admin\\/index.php?route=extension\\/module\\/occmsblock&amp;token=3hnlxd5kIPaiF1u2LECaVZpaUPWkuFCT&amp;module_id=60\"}]},\"format\":\"12\"}]},{\"class\":\"banner-home\",\"cols\":[{\"info\":{\"module\":[{\"code\":\"ocslideshow.69\",\"name\":\"OC Slide show &gt; Home slideshow\",\"url\":\"http:\\/\\/tt_angara1.com\\/admin\\/index.php?route=extension\\/module\\/ocslideshow&amp;token=vZ7DxbWTPKpnilDKxPrpgKM7rvf4jgmy&amp;module_id=69\"}]},\"format\":\"9\"},{\"info\":{\"module\":[{\"code\":\"occmsblock.120\",\"name\":\"OC CMS Block &gt; Banner Static1 Home1\",\"url\":\"http:\\/\\/tt_angara1.com\\/admin\\/index.php?route=extension\\/module\\/occmsblock&amp;token=vZ7DxbWTPKpnilDKxPrpgKM7rvf4jgmy&amp;module_id=120\"}]},\"format\":\"3\"}]},{\"class\":\"\",\"cols\":[{\"info\":{\"module\":[{\"code\":\"occountdown.78\",\"name\":\"OC Price Countdown &gt; Price Countdown Home1\",\"url\":\"http:\\/\\/tt_angara1.com\\/admin\\/index.php?route=extension\\/module\\/occountdown&amp;token=Aaus96qSqiAp8kWWZlEkcX3PfbqFuCLC&amp;module_id=78\"},{\"code\":\"occmsblock.123\",\"name\":\"OC CMS Block &gt; Banner Center Home1\",\"url\":\"http:\\/\\/tt_angara1.com\\/admin\\/index.php?route=extension\\/module\\/occmsblock&amp;token=vZ7DxbWTPKpnilDKxPrpgKM7rvf4jgmy&amp;module_id=123\"}]},\"format\":\"12\"}]},{\"class\":\"category-home\",\"cols\":[{\"info\":{\"module\":[{\"code\":\"octabcategoryslider.135\",\"name\":\"OC Category Tabs Slider &gt; Category Tabs Home1\",\"url\":\"http:\\/\\/tt_angara1.com\\/admin\\/index.php?route=extension\\/module\\/octabcategoryslider&amp;token=xv50do5u7CMOZsjrcudcsWKK9oqAU8cP&amp;module_id=135\"},{\"code\":\"occmsblock.127\",\"name\":\"OC CMS Block &gt; Banner Center1 Home1\",\"url\":\"http:\\/\\/tt_angara1.com\\/admin\\/index.php?route=extension\\/module\\/occmsblock&amp;token=S1LkGp1omyusFDoWy6mIHfFkGJWlgVKy&amp;module_id=127\"}]},\"format\":\"9\"},{\"info\":{\"module\":[{\"code\":\"ocbestproductslider.125\",\"name\":\"OC Bestseller Products Slider &gt; Bestseller Products Home1\",\"url\":\"http:\\/\\/tt_angara1.com\\/admin\\/index.php?route=extension\\/module\\/ocbestproductslider&amp;token=Aaus96qSqiAp8kWWZlEkcX3PfbqFuCLC&amp;module_id=125\"},{\"code\":\"octestimonial.126\",\"name\":\"OC Testimonials &gt; Testimonials Home1\",\"url\":\"http:\\/\\/tt_angara1.com\\/admin\\/index.php?route=extension\\/module\\/octestimonial&amp;token=fOinX3rNFLtD3dhn34iBnT2Nz8z89qpT&amp;module_id=126\"}]},\"format\":\"3\"}]},{\"class\":\"category1-home\",\"cols\":[{\"info\":{\"module\":[{\"code\":\"octabcategoryslider.136\",\"name\":\"OC Category Tabs Slider &gt; Category Tabs Home2\",\"url\":\"http:\\/\\/tt_angara1.com\\/admin\\/index.php?route=extension\\/module\\/octabcategoryslider&amp;token=xv50do5u7CMOZsjrcudcsWKK9oqAU8cP&amp;module_id=136\"},{\"code\":\"occmsblock.130\",\"name\":\"OC CMS Block &gt; Banner Center2 Home1\",\"url\":\"http:\\/\\/tt_angara1.com\\/admin\\/index.php?route=extension\\/module\\/occmsblock&amp;token=TUFlr7zM4gjfBH9mTET6vuIPkeqBmRLa&amp;module_id=130\"}]},\"format\":\"9\"},{\"info\":{\"module\":[{\"code\":\"ocfeatureslider.84\",\"name\":\"OC Featured Products Slider &gt; Featured Products Home1\",\"url\":\"http:\\/\\/tt_angara1.com\\/admin\\/index.php?route=extension\\/module\\/ocfeatureslider&amp;token=TUFlr7zM4gjfBH9mTET6vuIPkeqBmRLa&amp;module_id=84\"},{\"code\":\"occmsblock.129\",\"name\":\"OC CMS Block &gt; Banner Right\",\"url\":\"http:\\/\\/tt_angara1.com\\/admin\\/index.php?route=extension\\/module\\/occmsblock&amp;token=TUFlr7zM4gjfBH9mTET6vuIPkeqBmRLa&amp;module_id=129\"}]},\"format\":\"3\"}]},{\"class\":\"\",\"cols\":[{\"info\":{\"module\":[{\"code\":\"ocfeaturedcategory.77\",\"name\":\"OC Featured Category &gt; Featured Category Home1\",\"url\":\"http:\\/\\/tt_angara1.com\\/admin\\/index.php?route=extension\\/module\\/ocfeaturedcategory&amp;token=LMTfJsNk4S3VmUY520nu914lDI4ItheE&amp;module_id=77\"},{\"code\":\"ocmostproduct.96\",\"name\":\"OC Most Viewed Products Slider &gt; Mostviewed Products Home1\",\"url\":\"http:\\/\\/tt_angara1.com\\/admin\\/index.php?route=extension\\/module\\/ocmostproduct&amp;token=TUFlr7zM4gjfBH9mTET6vuIPkeqBmRLa&amp;module_id=96\"}]},\"format\":\"12\"}]}]}'),(126,'Testimonials Home1','octestimonial','{\"name\":\"Testimonials Home1\",\"title\":{\"en-gb\":{\"title\":\"Testimonials\"},\"fr-gb\":{\"title\":\"Testimonials\"}},\"status\":\"1\",\"width\":\"107\",\"height\":\"107\",\"auto\":\"0\",\"items\":\"1\",\"limit\":\"3\",\"speed\":\"1000\",\"rows\":\"1\",\"navigation\":\"0\",\"pagination\":\"1\"}'),(125,'Bestseller Products Home1','ocbestproductslider','{\"name\":\"Bestseller Products Home1\",\"title\":{\"en-gb\":{\"title\":\"Best sellers\"},\"fr-gb\":{\"title\":\"Best sellers\"}},\"status\":\"1\",\"rotator\":\"1\",\"width\":\"800\",\"height\":\"926\",\"limit\":\"5\",\"item\":\"1\",\"speed\":\"1000\",\"autoplay\":\"1\",\"rows\":\"5\",\"showlabel\":\"0\",\"showprice\":\"1\",\"showdes\":\"0\",\"showaddtocart\":\"1\",\"shownextback\":\"0\",\"shownav\":\"0\"}'),(120,'Banner Static1 Home1','occmsblock','{\"name\":\"Banner Static1 Home1\",\"status\":\"1\",\"cmsblock\":\"38\"}'),(82,'Blog','ocblog','{\"name\":\"Blog\",\"title\":{\"en-gb\":{\"title\":\"Latest Blog\"},\"fr-gb\":{\"title\":\"Latest Blog\"}},\"status\":\"1\",\"list\":\"1\",\"width\":\"870\",\"height\":\"635\",\"auto\":\"0\",\"items\":\"3\",\"speed\":\"1000\",\"rows\":\"1\",\"navigation\":\"1\",\"pagination\":\"0\",\"ocblog_article_limit\":\"10\",\"ocblog_meta_title\":\"Blog\",\"ocblog_meta_description\":\"Blog Description\",\"ocblog_meta_keyword\":\"Blog Keyword\"}'),(74,'Horizontal Menu','ochozmegamenu','{\"name\":\"Horizontal Menu\",\"hactive\":\"LINK46,LINK45,LINK48,LINK47\",\"status\":\"1\",\"hhome\":\"1\",\"hdepth\":\"4\",\"hlevel\":\"4\"}'),(75,'Vertical Menu','ocvermegamenu','{\"name\":\"Vertical Menu\",\"h_active_cate\":\"CAT59,CAT24,CAT17,CAT57,CAT60,CAT244,CAT243,CAT245,CAT246\",\"status\":\"1\",\"h_show_homepage\":\"0\",\"h_item_number\":\"8\",\"h_menu_depth\":\"2\",\"h_menu_level\":\"3\"}'),(166,'Category2 Tabs Home4','octabcategoryslider','{\"name\":\"Category2 Tabs Home4\",\"title\":{\"en-gb\":{\"title\":\"BREAKFAST\"},\"fr-gb\":{\"title\":\"BREAKFAST\"}},\"status\":\"1\",\"category\":\"\",\"product_category\":[\"227\",\"228\",\"232\",\"231\",\"229\",\"233\",\"230\",\"234\"],\"thumbnail\":\"1\",\"rotator\":\"1\",\"width\":\"800\",\"height\":\"926\",\"limit\":\"10\",\"item\":\"3\",\"speed\":\"1000\",\"autoplay\":\"1\",\"rows\":\"1\",\"showlabel\":\"1\",\"showprice\":\"1\",\"showdes\":\"0\",\"showaddtocart\":\"1\",\"shownextback\":\"1\",\"shownav\":\"0\",\"image\":\"catalog\\/category\\/cate_image_11.jpg\"}'),(77,'Featured Category Home1','ocfeaturedcategory','{\"name\":\"Featured Category Home1\",\"title\":{\"en-gb\":{\"title\":\"Shop by Category\"},\"fr-gb\":{\"title\":\"Shop by Category\"}},\"status\":\"1\",\"slider\":\"1\",\"width\":\"268\",\"height\":\"268\",\"limit\":\"8\",\"item\":\"4\",\"speed\":\"1000\",\"autoplay\":\"0\",\"rows\":\"2\",\"shownextback\":\"0\",\"showdes\":\"0\",\"showsub\":\"1\",\"showsubnumber\":\"6\",\"shownav\":\"0\"}'),(78,'Price Countdown Home1','occountdown','{\"name\":\"Price Countdown Home1\",\"title\":{\"en-gb\":{\"title\":\"Hot deals\"},\"fr-gb\":{\"title\":\"Hot deals\"}},\"status\":\"1\",\"rotator\":\"1\",\"width\":\"800\",\"height\":\"926\",\"showlabel\":\"1\",\"limit\":\"12\",\"item\":\"5\",\"speed\":\"1000\",\"autoplay\":\"0\",\"rows\":\"1\",\"shownextback\":\"0\",\"shownav\":\"0\"}'),(81,'Newsletter Popup','newslettersubscribe','{\"name\":\"Newsletter Popup\",\"popup\":\"1\",\"status\":\"1\",\"newslettersubscribe_unsubscribe\":\"0\",\"newslettersubscribe_mail_status\":\"0\",\"newslettersubscribe_thickbox\":\"0\",\"newslettersubscribe_registered\":\"0\",\"store_id\":\"0\",\"to\":\"sendall\",\"customer_group_id\":\"1\",\"customers\":\"\",\"affiliates\":\"\",\"products\":\"\",\"subject\":\"\",\"message\":\"conten email here.....\"}'),(83,'Newsletter','newslettersubscribe','{\"name\":\"Newsletter\",\"popup\":\"0\",\"status\":\"1\",\"newslettersubscribe_unsubscribe\":\"1\",\"newslettersubscribe_mail_status\":\"1\",\"newslettersubscribe_thickbox\":\"1\",\"newslettersubscribe_registered\":\"1\",\"store_id\":\"0\",\"to\":\"sendall\",\"customer_group_id\":\"1\",\"customers\":\"\",\"affiliates\":\"\",\"products\":\"\",\"subject\":\"\",\"message\":\"conten email here.....\"}'),(84,'Featured Products Home1','ocfeatureslider','{\"name\":\"Featured Products Home1\",\"title\":{\"en-gb\":{\"title\":\"Featured Products\"},\"fr-gb\":{\"title\":\"Featured Products\"}},\"status\":\"1\",\"product\":[\"42\",\"30\",\"41\",\"40\",\"48\",\"47\",\"44\"],\"rotator\":\"1\",\"limit\":\"5\",\"item\":\"1\",\"speed\":\"1000\",\"autoplay\":\"0\",\"rows\":\"5\",\"width\":\"800\",\"height\":\"926\",\"showlabel\":\"0\",\"showprice\":\"1\",\"showdes\":\"0\",\"showaddtocart\":\"1\",\"shownextback\":\"1\",\"shownav\":\"0\"}'),(85,'Random Products','ocrandomslider','{\"name\":\"Random Products\",\"title\":{\"en-gb\":{\"title\":\"Random Products\"},\"fr-gb\":{\"title\":\"Random Products\"}},\"status\":\"1\",\"rotator\":\"1\",\"width\":\"800\",\"height\":\"800\",\"limit\":\"5\",\"item\":\"1\",\"speed\":\"1000\",\"autoplay\":\"0\",\"rows\":\"5\",\"showlabel\":\"0\",\"showprice\":\"1\",\"showdes\":\"0\",\"showaddtocart\":\"0\",\"shownextback\":\"0\",\"shownav\":\"0\"}'),(87,'Home page 02','oc_page_builder','{\"name\":\"Home page 02\",\"status\":\"1\",\"widget\":[{\"class\":\"full-width\",\"cols\":[{\"info\":{\"module\":[{\"code\":\"newslettersubscribe.81\",\"name\":\"OC Newsletter &gt; Newsletter Popup\",\"url\":\"http:\\/\\/tt_flexshop.com\\/admin\\/index.php?route=extension\\/module\\/newslettersubscribe&amp;token=EWabqd7RBLBpvtxdJACpMbmYlkMY1vy3&amp;module_id=81\"}]},\"format\":\"12\"}]},{\"class\":\"\",\"cols\":[{\"info\":{\"module\":[{\"code\":\"ocslideshow.70\",\"name\":\"OC Slide show &gt; Home Slideshow Home2\",\"url\":\"http:\\/\\/tt_angara1.com\\/admin\\/index.php?route=extension\\/module\\/ocslideshow&amp;token=BPzO55FeYtv5JYaiQHE9dKCwh9Yr9Wqj&amp;module_id=70\"},{\"code\":\"occmsblock.60\",\"name\":\"OC CMS Block &gt; Banner Static Home1\",\"url\":\"http:\\/\\/tt_angara1.com\\/admin\\/index.php?route=extension\\/module\\/occmsblock&amp;token=BPzO55FeYtv5JYaiQHE9dKCwh9Yr9Wqj&amp;module_id=60\"},{\"code\":\"ocspecialproductslider.88\",\"name\":\"OC Special Products Slider &gt; Special Products Home2\",\"url\":\"http:\\/\\/tt_angara1.com\\/admin\\/index.php?route=extension\\/module\\/ocspecialproductslider&amp;token=c6Tl0d1iFIN5wsvznxZOo4MP8z578U6t&amp;module_id=88\"},{\"code\":\"occmsblock.139\",\"name\":\"OC CMS Block &gt; Banner Center Home2\",\"url\":\"http:\\/\\/tt_angara1.com\\/admin\\/index.php?route=extension\\/module\\/occmsblock&amp;token=c6Tl0d1iFIN5wsvznxZOo4MP8z578U6t&amp;module_id=139\"},{\"code\":\"octabcategoryslider.140\",\"name\":\"OC Category Tabs Slider &gt; Category Tabs Home2\",\"url\":\"http:\\/\\/tt_angara1.com\\/admin\\/index.php?route=extension\\/module\\/octabcategoryslider&amp;token=PT8I0Olq7iFDVgtzdENNt5ioWDBRg99A&amp;module_id=140\"},{\"code\":\"occmsblock.141\",\"name\":\"OC CMS Block &gt; Banner Center1 Home2\",\"url\":\"http:\\/\\/tt_angara1.com\\/admin\\/index.php?route=extension\\/module\\/occmsblock&amp;token=bXiTzKELs35Ka6K1CKGxIOelItBQeRRz&amp;module_id=141\"},{\"code\":\"octabcategoryslider.142\",\"name\":\"OC Category Tabs Slider &gt; Category1 Tabs Home2\",\"url\":\"http:\\/\\/tt_angara1.com\\/admin\\/index.php?route=extension\\/module\\/octabcategoryslider&amp;token=bXiTzKELs35Ka6K1CKGxIOelItBQeRRz&amp;module_id=142\"},{\"code\":\"occmsblock.143\",\"name\":\"OC CMS Block &gt; Banner Center2 Home2\",\"url\":\"http:\\/\\/tt_angara1.com\\/admin\\/index.php?route=extension\\/module\\/occmsblock&amp;token=bXiTzKELs35Ka6K1CKGxIOelItBQeRRz&amp;module_id=143\"},{\"code\":\"octabcategoryslider.144\",\"name\":\"OC Category Tabs Slider &gt; Category2 Tabs Home2\",\"url\":\"http:\\/\\/tt_angara1.com\\/admin\\/index.php?route=extension\\/module\\/octabcategoryslider&amp;token=HCaCALJDYrIKlvWo49QLiksaJOb0YLLn&amp;module_id=144\"},{\"code\":\"occmsblock.145\",\"name\":\"OC CMS Block &gt; Banner Center3 Home2\",\"url\":\"http:\\/\\/tt_angara1.com\\/admin\\/index.php?route=extension\\/module\\/occmsblock&amp;token=HCaCALJDYrIKlvWo49QLiksaJOb0YLLn&amp;module_id=145\"}]},\"format\":\"12\"}]},{\"class\":\"home-moduls\",\"cols\":[{\"info\":{\"module\":[{\"code\":\"ocfeaturedcategorytab.146\",\"name\":\"OC Featured Categories Tab &gt; Featured Categories Tab Home2\",\"url\":\"http:\\/\\/tt_angara1.com\\/admin\\/index.php?route=extension\\/module\\/ocfeaturedcategorytab&amp;token=kWk1TlrCIHqp1tDpxxTsVNw7jaydKVlJ&amp;module_id=146\"}]},\"format\":\"6\"},{\"info\":{\"module\":[{\"code\":\"ocnewproductslider.147\",\"name\":\"OC New Products Slider &gt; New Product Home2\",\"url\":\"http:\\/\\/tt_angara1.com\\/admin\\/index.php?route=extension\\/module\\/ocnewproductslider&amp;token=kWk1TlrCIHqp1tDpxxTsVNw7jaydKVlJ&amp;module_id=147\"}]},\"format\":\"6\"}]},{\"class\":\"\",\"cols\":[{\"info\":{\"module\":[{\"code\":\"ocblog.148\",\"name\":\"OC Blog &gt; Blog2\",\"url\":\"http:\\/\\/tt_angara1.com\\/admin\\/index.php?route=extension\\/module\\/ocblog&amp;token=kWk1TlrCIHqp1tDpxxTsVNw7jaydKVlJ&amp;module_id=148\"}]},\"format\":\"12\"}]}]}'),(137,'Horizontal Menu Home2','ochozmegamenu','{\"name\":\"Horizontal Menu Home2\",\"hactive\":\"LINK45,LINK46,LINK48,LINK47\",\"status\":\"1\",\"hhome\":\"1\",\"hdepth\":\"4\",\"hlevel\":\"4\"}'),(138,'Vertical Menu Home2','ocvermegamenu','{\"name\":\"Vertical Menu Home2\",\"h_active_cate\":\"CAT110,CAT111,CAT112,CAT113,CAT114,CAT115,CAT116,CAT117,CAT118,CAT119,CAT164\",\"status\":\"1\",\"h_show_homepage\":\"0\",\"h_item_number\":\"10\",\"h_menu_depth\":\"4\",\"h_menu_level\":\"4\"}'),(141,'Banner Center1 Home2','occmsblock','{\"name\":\"Banner Center1 Home2\",\"status\":\"1\",\"cmsblock\":\"50\"}'),(142,'Category1 Tabs Home2','octabcategoryslider','{\"name\":\"Category1 Tabs Home2\",\"title\":{\"en-gb\":{\"title\":\"Toys\"},\"fr-gb\":{\"title\":\"Toys\"}},\"status\":\"1\",\"category\":\"\",\"product_category\":[\"138\",\"150\",\"144\",\"139\",\"143\",\"140\",\"149\",\"148\",\"151\"],\"thumbnail\":\"1\",\"rotator\":\"1\",\"width\":\"800\",\"height\":\"926\",\"limit\":\"10\",\"item\":\"5\",\"speed\":\"1000\",\"autoplay\":\"0\",\"rows\":\"1\",\"showlabel\":\"1\",\"showprice\":\"1\",\"showdes\":\"0\",\"showaddtocart\":\"1\",\"shownextback\":\"1\",\"shownav\":\"0\",\"image\":\"catalog\\/category\\/cate_image_4.jpg\"}'),(88,'Special Products Home2','ocspecialproductslider','{\"name\":\"Special Products Home2\",\"title\":{\"en-gb\":{\"title\":\"Special Offers\"},\"fr-gb\":{\"title\":\"Special Offers\"}},\"status\":\"1\",\"rotator\":\"1\",\"width\":\"800\",\"height\":\"926\",\"limit\":\"8\",\"item\":\"5\",\"speed\":\"1000\",\"autoplay\":\"0\",\"rows\":\"1\",\"showlabel\":\"1\",\"showprice\":\"1\",\"showdes\":\"0\",\"showaddtocart\":\"1\",\"shownextback\":\"1\",\"shownav\":\"0\"}'),(139,'Banner Center Home2','occmsblock','{\"name\":\"Banner Center Home2\",\"status\":\"1\",\"cmsblock\":\"49\"}'),(91,'Home page 03','oc_page_builder','{\"name\":\"Home page 03\",\"status\":\"1\",\"widget\":[{\"class\":\"\",\"cols\":[{\"info\":{\"module\":[{\"code\":\"newslettersubscribe.81\",\"name\":\"OC Newsletter &gt; Newsletter Popup\",\"url\":\"http:\\/\\/tt_flexshop.com\\/admin\\/index.php?route=extension\\/module\\/newslettersubscribe&amp;token=EWabqd7RBLBpvtxdJACpMbmYlkMY1vy3&amp;module_id=81\"},{\"code\":\"ocslideshow.71\",\"name\":\"OC Slide show &gt; Home Slideshow Home3\",\"url\":\"http:\\/\\/tt_angara1.com\\/admin\\/index.php?route=extension\\/module\\/ocslideshow&amp;token=qivPgv1fjz6mbGiIYpeek3c4qVI7mpX3&amp;module_id=71\"},{\"code\":\"occmsblock.60\",\"name\":\"OC CMS Block &gt; Banner Static Home123\",\"url\":\"http:\\/\\/tt_angara1.com\\/admin\\/index.php?route=extension\\/module\\/occmsblock&amp;token=qivPgv1fjz6mbGiIYpeek3c4qVI7mpX3&amp;module_id=60\"},{\"code\":\"occmsblock.151\",\"name\":\"OC CMS Block &gt; Banner Static1 Home3\",\"url\":\"http:\\/\\/tt_angara1.com\\/admin\\/index.php?route=extension\\/module\\/occmsblock&amp;token=qivPgv1fjz6mbGiIYpeek3c4qVI7mpX3&amp;module_id=151\"}]},\"format\":\"12\"}]},{\"class\":\"full-width\",\"cols\":[{\"info\":{\"module\":[{\"code\":\"octabcategoryslider.154\",\"name\":\"OC Category Tabs Slider &gt; Category Tabs Home3\",\"url\":\"http:\\/\\/tt_angara1.com\\/admin\\/index.php?route=extension\\/module\\/octabcategoryslider&amp;token=CUC0kEaBtIWLcUOOQccM4yJ9kZf56sVw&amp;module_id=154\"},{\"code\":\"octabcategoryslider.155\",\"name\":\"OC Category Tabs Slider &gt; Category1 Tabs Home3\",\"url\":\"http:\\/\\/tt_angara1.com\\/admin\\/index.php?route=extension\\/module\\/octabcategoryslider&amp;token=CUC0kEaBtIWLcUOOQccM4yJ9kZf56sVw&amp;module_id=155\"},{\"code\":\"octabcategoryslider.156\",\"name\":\"OC Category Tabs Slider &gt; Category2 Tabs Home3\",\"url\":\"http:\\/\\/tt_angara1.com\\/admin\\/index.php?route=extension\\/module\\/octabcategoryslider&amp;token=XpZeTlZtX64NAfO5iHKNDzJy5OcVTt3H&amp;module_id=156\"}]},\"format\":\"12\"}]},{\"class\":\"home-moduls\",\"cols\":[{\"info\":{\"module\":[{\"code\":\"ocfeaturedcategorytab.157\",\"name\":\"OC Featured Categories Tab &gt; Featured Categories Tab Home3\",\"url\":\"http:\\/\\/tt_angara1.com\\/admin\\/index.php?route=extension\\/module\\/ocfeaturedcategorytab&amp;token=XpZeTlZtX64NAfO5iHKNDzJy5OcVTt3H&amp;module_id=157\"}]},\"format\":\"6\"},{\"info\":{\"module\":[{\"code\":\"ocnewproductslider.158\",\"name\":\"OC New Products Slider &gt; New Product Home3\",\"url\":\"http:\\/\\/tt_angara1.com\\/admin\\/index.php?route=extension\\/module\\/ocnewproductslider&amp;token=XpZeTlZtX64NAfO5iHKNDzJy5OcVTt3H&amp;module_id=158\"}]},\"format\":\"6\"}]},{\"class\":\"\",\"cols\":[{\"info\":{\"module\":[{\"code\":\"ocblog.159\",\"name\":\"OC Blog &gt; Blog3\",\"url\":\"http:\\/\\/tt_angara1.com\\/admin\\/index.php?route=extension\\/module\\/ocblog&amp;token=XpZeTlZtX64NAfO5iHKNDzJy5OcVTt3H&amp;module_id=159\"}]},\"format\":\"12\"}]}]}'),(150,'Vertical Menu Home3','ocvermegamenu','{\"name\":\"Vertical Menu Home3\",\"h_active_cate\":\"CAT165,CAT166,CAT167,CAT168,CAT169,CAT170,CAT171,CAT172,CAT173,CAT174,CAT175\",\"status\":\"1\",\"h_show_homepage\":\"0\",\"h_item_number\":\"10\",\"h_menu_depth\":\"4\",\"h_menu_level\":\"4\"}'),(151,'Banner Static1 Home3','occmsblock','{\"name\":\"Banner Static1 Home3\",\"status\":\"1\",\"cmsblock\":\"54\"}'),(154,'Category Tabs Home3','octabcategoryslider','{\"name\":\"Category Tabs Home3\",\"title\":{\"en-gb\":{\"title\":\"Tennis\"},\"fr-gb\":{\"title\":\"Tennis\"}},\"status\":\"1\",\"category\":\"\",\"product_category\":[\"176\",\"179\",\"180\",\"181\",\"182\",\"183\"],\"thumbnail\":\"1\",\"rotator\":\"1\",\"width\":\"800\",\"height\":\"926\",\"limit\":\"12\",\"item\":\"4\",\"speed\":\"1000\",\"autoplay\":\"0\",\"rows\":\"2\",\"showlabel\":\"0\",\"showprice\":\"1\",\"showdes\":\"0\",\"showaddtocart\":\"1\",\"shownextback\":\"1\",\"shownav\":\"0\",\"image\":\"catalog\\/category\\/cate_image_6.jpg\"}'),(155,'Category1 Tabs Home3','octabcategoryslider','{\"name\":\"Category1 Tabs Home3\",\"title\":{\"en-gb\":{\"title\":\"Baseball \\/ Softball\"},\"fr-gb\":{\"title\":\"Baseball \\/ Softball\"}},\"status\":\"1\",\"category\":\"\",\"product_category\":[\"190\",\"188\",\"187\",\"185\",\"184\"],\"thumbnail\":\"1\",\"rotator\":\"1\",\"width\":\"800\",\"height\":\"926\",\"limit\":\"12\",\"item\":\"4\",\"speed\":\"1000\",\"autoplay\":\"0\",\"rows\":\"2\",\"showlabel\":\"0\",\"showprice\":\"1\",\"showdes\":\"0\",\"showaddtocart\":\"1\",\"shownextback\":\"1\",\"shownav\":\"0\",\"image\":\"catalog\\/category\\/cate_image_7.jpg\"}'),(93,'Home page 04','oc_page_builder','{\"name\":\"Home page 04\",\"status\":\"1\",\"widget\":[{\"class\":\"\",\"cols\":[{\"info\":{\"module\":[{\"code\":\"newslettersubscribe.81\",\"name\":\"OC Newsletter &gt; Newsletter Popup\",\"url\":\"http:\\/\\/tt_flexshop.com\\/admin\\/index.php?route=extension\\/module\\/newslettersubscribe&amp;token=oXtQKShboablPeNGdtS4VF4xyMTgWFL4&amp;module_id=81\"}]},\"format\":\"12\"}]},{\"class\":\"home-banner\",\"cols\":[{\"info\":{\"module\":[{\"code\":\"ocslideshow.72\",\"name\":\"OC Slide show &gt; Home Slideshow Home4\",\"url\":\"http:\\/\\/tt_angara1.com\\/admin\\/index.php?route=extension\\/module\\/ocslideshow&amp;token=XpZeTlZtX64NAfO5iHKNDzJy5OcVTt3H&amp;module_id=72\"}]},\"format\":\"9\"},{\"info\":{\"module\":[{\"code\":\"occmsblock.162\",\"name\":\"OC CMS Block &gt; Banner Static Home4\",\"url\":\"http:\\/\\/tt_angara1.com\\/admin\\/index.php?route=extension\\/module\\/occmsblock&amp;token=vIIgnIlQumEgqIGwBAxqGHqlLi0VATvu&amp;module_id=162\"}]},\"format\":\"3\"}]},{\"class\":\"\",\"cols\":[{\"info\":{\"module\":[{\"code\":\"ocspecialproductslider.94\",\"name\":\"OC Special Products Slider &gt; Special Products Home4\",\"url\":\"http:\\/\\/tt_angara1.com\\/admin\\/index.php?route=extension\\/module\\/ocspecialproductslider&amp;token=vIIgnIlQumEgqIGwBAxqGHqlLi0VATvu&amp;module_id=94\"},{\"code\":\"occmsblock.163\",\"name\":\"OC CMS Block &gt; Banner Center Home4\",\"url\":\"http:\\/\\/tt_angara1.com\\/admin\\/index.php?route=extension\\/module\\/occmsblock&amp;token=rxovqPgAbCR4JwGmRgBculMZAnsegcmR&amp;module_id=163\"},{\"code\":\"octabcategoryslider.164\",\"name\":\"OC Category Tabs Slider &gt; Category Tabs Home4\",\"url\":\"http:\\/\\/tt_angara1.com\\/admin\\/index.php?route=extension\\/module\\/octabcategoryslider&amp;token=rxovqPgAbCR4JwGmRgBculMZAnsegcmR&amp;module_id=164\"},{\"code\":\"octabcategoryslider.165\",\"name\":\"OC Category Tabs Slider &gt; Category1 Tabs Home4\",\"url\":\"http:\\/\\/tt_angara1.com\\/admin\\/index.php?route=extension\\/module\\/octabcategoryslider&amp;token=EkRwKma7GphFLnNT99IwKJZv0s7Wqz7l&amp;module_id=165\"},{\"code\":\"octabcategoryslider.166\",\"name\":\"OC Category Tabs Slider &gt; Category2 Tabs Home4\",\"url\":\"http:\\/\\/tt_angara1.com\\/admin\\/index.php?route=extension\\/module\\/octabcategoryslider&amp;token=EkRwKma7GphFLnNT99IwKJZv0s7Wqz7l&amp;module_id=166\"},{\"code\":\"octabcategoryslider.167\",\"name\":\"OC Category Tabs Slider &gt; Category3 Tabs Home4\",\"url\":\"http:\\/\\/tt_angara1.com\\/admin\\/index.php?route=extension\\/module\\/octabcategoryslider&amp;token=EkRwKma7GphFLnNT99IwKJZv0s7Wqz7l&amp;module_id=167\"},{\"code\":\"ocfeatureslider.168\",\"name\":\"OC Featured Products Slider &gt; Featured Products Home4\",\"url\":\"http:\\/\\/tt_angara1.com\\/admin\\/index.php?route=extension\\/module\\/ocfeatureslider&amp;token=EkRwKma7GphFLnNT99IwKJZv0s7Wqz7l&amp;module_id=168\"}]},\"format\":\"12\"}]}]}'),(161,'Vertical Menu Home4','ocvermegamenu','{\"name\":\"Vertical Menu Home4\",\"h_active_cate\":\"CAT199,CAT200,CAT201,CAT202,CAT203,CAT204,CAT205,CAT206,CAT207,CAT208,CAT209,CAT210\",\"status\":\"1\",\"h_show_homepage\":\"0\",\"h_item_number\":\"10\",\"h_menu_depth\":\"4\",\"h_menu_level\":\"4\"}'),(163,'Banner Center Home4','occmsblock','{\"name\":\"Banner Center Home4\",\"status\":\"1\",\"cmsblock\":\"57\"}'),(164,'Category Tabs Home4','octabcategoryslider','{\"name\":\"Category Tabs Home4\",\"title\":{\"en-gb\":{\"title\":\"CARTS AREA\"},\"ru-ru\":{\"title\":\"\\u041b\\u042e\\u0411\\u0418\\u041c\\u0426\\u0410\\u041c \\u041a\\u041e\\u0422\\u0410\\u041c\"}},\"status\":\"1\",\"category\":\"\",\"product_category\":[\"253\",\"296\",\"337\",\"275\",\"385\",\"264\"],\"thumbnail\":\"1\",\"rotator\":\"1\",\"width\":\"800\",\"height\":\"926\",\"limit\":\"6\",\"item\":\"3\",\"speed\":\"1000\",\"autoplay\":\"0\",\"rows\":\"1\",\"showlabel\":\"1\",\"showprice\":\"1\",\"showdes\":\"0\",\"showaddtocart\":\"1\",\"shownextback\":\"1\",\"shownav\":\"0\",\"image\":\"catalog\\/tabs\\/TAB_1\\/image_for_collection-370x580.jpg\"}'),(165,'Category1 Tabs Home4','octabcategoryslider','{\"name\":\"Category1 Tabs Home4\",\"title\":{\"en-gb\":{\"title\":\"DOG AREA\"},\"ru-ru\":{\"title\":\"\\u0414\\u041b\\u042f \\u0421\\u041e\\u0411\\u0410\\u041a\"}},\"status\":\"1\",\"category\":\"\",\"product_category\":[\"280\",\"279\",\"272\",\"334\",\"379\"],\"thumbnail\":\"1\",\"rotator\":\"1\",\"width\":\"800\",\"height\":\"926\",\"limit\":\"10\",\"item\":\"3\",\"speed\":\"1000\",\"autoplay\":\"1\",\"rows\":\"1\",\"showlabel\":\"1\",\"showprice\":\"1\",\"showdes\":\"0\",\"showaddtocart\":\"1\",\"shownextback\":\"1\",\"shownav\":\"0\",\"image\":\"catalog\\/tabs\\/TAB_2\\/image_for_collection-370x580.jpg\"}'),(94,'Special Products Home4','ocspecialproductslider','{\"name\":\"Special Products Home4\",\"title\":{\"en-gb\":{\"title\":\"Special Offers\"},\"fr-gb\":{\"title\":\"Special Offers\"}},\"status\":\"1\",\"rotator\":\"1\",\"width\":\"800\",\"height\":\"926\",\"limit\":\"12\",\"item\":\"5\",\"speed\":\"1000\",\"autoplay\":\"0\",\"rows\":\"1\",\"showlabel\":\"1\",\"showprice\":\"1\",\"showdes\":\"0\",\"showaddtocart\":\"1\",\"shownextback\":\"1\",\"shownav\":\"0\"}'),(96,'Mostviewed Products Home1','ocmostproduct','{\"name\":\"Mostviewed Products Home1\",\"title\":{\"en-gb\":{\"title\":\"Most viewed\"},\"fr-gb\":{\"title\":\"Most viewed\"}},\"status\":\"1\",\"rotator\":\"1\",\"width\":\"800\",\"height\":\"926\",\"limit\":\"8\",\"item\":\"5\",\"speed\":\"1000\",\"autoplay\":\"0\",\"rows\":\"1\",\"showlabel\":\"1\",\"showprice\":\"1\",\"showdes\":\"0\",\"showaddtocart\":\"1\",\"shownextback\":\"1\",\"shownav\":\"0\"}'),(124,'Banner Left','occmsblock','{\"name\":\"Banner Left\",\"status\":\"1\",\"cmsblock\":\"31\"}'),(144,'Category2 Tabs Home2','octabcategoryslider','{\"name\":\"Category2 Tabs Home2\",\"title\":{\"en-gb\":{\"title\":\"Kitchenware\"},\"fr-gb\":{\"title\":\"Kitchenware\"}},\"status\":\"1\",\"category\":\"\",\"product_category\":[\"163\",\"162\",\"161\",\"160\",\"159\",\"158\",\"157\",\"156\",\"155\"],\"thumbnail\":\"1\",\"rotator\":\"1\",\"width\":\"800\",\"height\":\"926\",\"limit\":\"10\",\"item\":\"5\",\"speed\":\"1000\",\"autoplay\":\"0\",\"rows\":\"1\",\"showlabel\":\"1\",\"showprice\":\"1\",\"showdes\":\"0\",\"showaddtocart\":\"1\",\"shownextback\":\"1\",\"shownav\":\"0\",\"image\":\"catalog\\/category\\/cate_image_5.jpg\"}'),(145,'Banner Center3 Home2','occmsblock','{\"name\":\"Banner Center3 Home2\",\"status\":\"1\",\"cmsblock\":\"52\"}'),(146,'Featured Categories Tab Home2','ocfeaturedcategorytab','{\"name\":\"Featured Categories Tab Home2\",\"title\":{\"en-gb\":{\"title\":\"Brand sale\"},\"fr-gb\":{\"title\":\"Brand sale\"}},\"status\":\"1\",\"thumbnail\":\"1\",\"rotator\":\"1\",\"width\":\"800\",\"height\":\"926\",\"limit\":\"6\",\"item\":\"1\",\"speed\":\"1000\",\"autoplay\":\"0\",\"rows\":\"3\",\"showlabel\":\"1\",\"showprice\":\"1\",\"showdes\":\"0\",\"showaddtocart\":\"1\",\"shownextback\":\"1\",\"shownav\":\"0\"}'),(147,'New Product Home2','ocnewproductslider','{\"name\":\"New Product Home2\",\"title\":{\"en-gb\":{\"title\":\"New Products\"},\"fr-gb\":{\"title\":\"New Products\"}},\"status\":\"1\",\"rotator\":\"1\",\"width\":\"800\",\"height\":\"926\",\"limit\":\"8\",\"item\":\"1\",\"speed\":\"1000\",\"autoplay\":\"0\",\"rows\":\"4\",\"showlabel\":\"0\",\"showprice\":\"1\",\"showdes\":\"0\",\"showaddtocart\":\"0\",\"shownextback\":\"0\",\"shownav\":\"0\"}'),(148,'Blog2','ocblog','{\"name\":\"Blog2\",\"title\":{\"en-gb\":{\"title\":\"Latest Blog\"},\"fr-gb\":{\"title\":\"Latest Blog\"}},\"status\":\"1\",\"list\":\"2\",\"width\":\"370\",\"height\":\"270\",\"auto\":\"0\",\"items\":\"3\",\"speed\":\"1000\",\"rows\":\"1\",\"navigation\":\"1\",\"pagination\":\"0\",\"ocblog_article_limit\":\"10\",\"ocblog_meta_title\":\"Blog\",\"ocblog_meta_description\":\"Blog Description\",\"ocblog_meta_keyword\":\"Blog Keyword\"}'),(149,'Banner Bottom2','occmsblock','{\"name\":\"Banner Bottom2\",\"status\":\"1\",\"cmsblock\":\"53\"}'),(156,'Category2 Tabs Home3','octabcategoryslider','{\"name\":\"Category2 Tabs Home3\",\"title\":{\"en-gb\":{\"title\":\"Soccer\"},\"fr-gb\":{\"title\":\"Soccer\"}},\"status\":\"1\",\"category\":\"\",\"product_category\":[\"192\",\"191\",\"193\",\"194\",\"197\",\"198\"],\"thumbnail\":\"1\",\"rotator\":\"1\",\"width\":\"800\",\"height\":\"926\",\"limit\":\"12\",\"item\":\"4\",\"speed\":\"1000\",\"autoplay\":\"0\",\"rows\":\"2\",\"showlabel\":\"1\",\"showprice\":\"1\",\"showdes\":\"0\",\"showaddtocart\":\"1\",\"shownextback\":\"1\",\"shownav\":\"0\",\"image\":\"catalog\\/category\\/cate_image_8.jpg\"}'),(157,'Featured Categories Tab Home3','ocfeaturedcategorytab','{\"name\":\"Featured Categories Tab Home3\",\"title\":{\"en-gb\":{\"title\":\"Brand sale\"},\"fr-gb\":{\"title\":\"Brand sale\"}},\"status\":\"1\",\"thumbnail\":\"1\",\"rotator\":\"1\",\"width\":\"800\",\"height\":\"926\",\"limit\":\"6\",\"item\":\"1\",\"speed\":\"1000\",\"autoplay\":\"0\",\"rows\":\"3\",\"showlabel\":\"0\",\"showprice\":\"1\",\"showdes\":\"0\",\"showaddtocart\":\"1\",\"shownextback\":\"1\",\"shownav\":\"0\"}'),(158,'New Product Home3','ocnewproductslider','{\"name\":\"New Product Home3\",\"title\":{\"en-gb\":{\"title\":\"New Products\"},\"fr-gb\":{\"title\":\"New Products\"}},\"status\":\"1\",\"rotator\":\"1\",\"width\":\"800\",\"height\":\"926\",\"limit\":\"8\",\"item\":\"1\",\"speed\":\"1000\",\"autoplay\":\"0\",\"rows\":\"4\",\"showlabel\":\"0\",\"showprice\":\"1\",\"showdes\":\"0\",\"showaddtocart\":\"0\",\"shownextback\":\"1\",\"shownav\":\"0\"}'),(159,'Blog3','ocblog','{\"name\":\"Blog3\",\"title\":{\"en-gb\":{\"title\":\"Latest Blog\"},\"fr-gb\":{\"title\":\"Latest Blog\"}},\"status\":\"1\",\"list\":\"3\",\"width\":\"370\",\"height\":\"270\",\"auto\":\"0\",\"items\":\"3\",\"speed\":\"1000\",\"rows\":\"1\",\"navigation\":\"1\",\"pagination\":\"0\",\"ocblog_article_limit\":\"10\",\"ocblog_meta_title\":\"Blog\",\"ocblog_meta_description\":\"Blog Description\",\"ocblog_meta_keyword\":\"Blog Keyword\"}'),(160,'Banner Bottom3','occmsblock','{\"name\":\"Banner Bottom3\",\"status\":\"1\",\"cmsblock\":\"55\"}'),(167,'Category3 Tabs Home4','octabcategoryslider','{\"name\":\"Category3 Tabs Home4\",\"title\":{\"en-gb\":{\"title\":\"DAIRY &amp; EGGS\"},\"fr-gb\":{\"title\":\"DAIRY &amp; EGGS\"}},\"status\":\"1\",\"category\":\"\",\"product_category\":[\"241\",\"236\",\"242\",\"235\",\"237\",\"238\",\"240\",\"239\"],\"thumbnail\":\"1\",\"rotator\":\"1\",\"width\":\"800\",\"height\":\"926\",\"limit\":\"10\",\"item\":\"3\",\"speed\":\"1000\",\"autoplay\":\"0\",\"rows\":\"1\",\"showlabel\":\"1\",\"showprice\":\"1\",\"showdes\":\"0\",\"showaddtocart\":\"1\",\"shownextback\":\"1\",\"shownav\":\"0\",\"image\":\"catalog\\/category\\/cate_image_12.jpg\"}'),(168,'Featured Products Home4','ocfeatureslider','{\"name\":\"Featured Products Home4\",\"title\":{\"en-gb\":{\"title\":\"Featured Products\"},\"fr-gb\":{\"title\":\"Featured Products\"}},\"status\":\"1\",\"product\":[\"78\",\"81\",\"77\",\"80\",\"79\",\"83\",\"82\"],\"rotator\":\"1\",\"limit\":\"10\",\"item\":\"4\",\"speed\":\"1000\",\"autoplay\":\"0\",\"rows\":\"1\",\"width\":\"800\",\"height\":\"926\",\"showlabel\":\"0\",\"showprice\":\"1\",\"showdes\":\"0\",\"showaddtocart\":\"1\",\"shownextback\":\"1\",\"shownav\":\"0\"}'),(169,'Banner Bottom4','occmsblock','{\"name\":\"Banner Bottom4\",\"status\":\"1\",\"cmsblock\":\"58\"}'),(162,'Banner Static Home4','occmsblock','{\"name\":\"Banner Static Home4\",\"status\":\"1\",\"cmsblock\":\"56\"}'),(123,'Banner Center Home1','occmsblock','{\"name\":\"Banner Center Home1\",\"status\":\"1\",\"cmsblock\":\"29\"}'),(131,'Banner Bottom','occmsblock','{\"name\":\"Banner Bottom\",\"status\":\"1\",\"cmsblock\":\"43\"}'),(132,'Link Footer','occmsblock','{\"name\":\"Link Footer\",\"status\":\"1\",\"cmsblock\":\"44\"}'),(129,'Banner Right','occmsblock','{\"name\":\"Banner Right\",\"status\":\"1\",\"cmsblock\":\"59\"}'),(130,'Banner Center2 Home1','occmsblock','{\"name\":\"Banner Center2 Home1\",\"status\":\"1\",\"cmsblock\":\"42\"}'),(140,'Category Tabs Home2','octabcategoryslider','{\"name\":\"Category Tabs Home2\",\"title\":{\"en-gb\":{\"title\":\"Baby Store\"},\"fr-gb\":{\"title\":\"Baby Store\"}},\"status\":\"1\",\"category\":\"\",\"product_category\":[\"120\",\"126\",\"132\",\"124\",\"125\",\"122\",\"130\"],\"thumbnail\":\"1\",\"rotator\":\"1\",\"width\":\"800\",\"height\":\"926\",\"limit\":\"10\",\"item\":\"5\",\"speed\":\"1000\",\"autoplay\":\"0\",\"rows\":\"1\",\"showlabel\":\"1\",\"showprice\":\"1\",\"showdes\":\"0\",\"showaddtocart\":\"1\",\"shownextback\":\"1\",\"shownav\":\"0\",\"image\":\"catalog\\/category\\/cate_image_3.jpg\"}'),(135,'Category Tabs Home1','octabcategoryslider','{\"name\":\"Category Tabs Home1\",\"title\":{\"en-gb\":{\"title\":\"Cookware\"},\"fr-gb\":{\"title\":\"Cookware\"}},\"status\":\"1\",\"category\":\"\",\"product_category\":[\"59\",\"24\",\"17\"],\"thumbnail\":\"1\",\"rotator\":\"1\",\"width\":\"800\",\"height\":\"926\",\"limit\":\"8\",\"item\":\"4\",\"speed\":\"1000\",\"autoplay\":\"0\",\"rows\":\"1\",\"showlabel\":\"1\",\"showprice\":\"1\",\"showdes\":\"0\",\"showaddtocart\":\"1\",\"shownextback\":\"1\",\"shownav\":\"0\",\"image\":\"catalog\\/category\\/cate_image_1.jpg\"}'),(143,'Banner Center2 Home2','occmsblock','{\"name\":\"Banner Center2 Home2\",\"status\":\"1\",\"cmsblock\":\"51\"}'),(122,'Social  Footer','occmsblock','{\"name\":\"Social  Footer\",\"status\":\"1\",\"cmsblock\":\"39\"}'),(127,'Banner Center1 Home1','occmsblock','{\"name\":\"Banner Center1 Home1\",\"status\":\"1\",\"cmsblock\":\"40\"}'),(136,'Category1 Tabs Home1','octabcategoryslider','{\"name\":\"Category1 Tabs Home1\",\"title\":{\"en-gb\":{\"title\":\"Appliances\"},\"fr-gb\":{\"title\":\"Appliances\"}},\"status\":\"1\",\"category\":\"\",\"product_category\":[\"57\",\"60\"],\"thumbnail\":\"1\",\"rotator\":\"1\",\"width\":\"800\",\"height\":\"926\",\"limit\":\"8\",\"item\":\"4\",\"speed\":\"1000\",\"autoplay\":\"0\",\"rows\":\"1\",\"showlabel\":\"1\",\"showprice\":\"1\",\"showdes\":\"0\",\"showaddtocart\":\"1\",\"shownextback\":\"1\",\"shownav\":\"0\",\"image\":\"catalog\\/category\\/cate_image_2.jpg\"}');
/*!40000 ALTER TABLE `oc_module` ENABLE KEYS */;
UNLOCK TABLES;

--
-- Table structure for table `oc_ocslideshow`
--

DROP TABLE IF EXISTS `oc_ocslideshow`;
/*!40101 SET @saved_cs_client     = @@character_set_client */;
/*!40101 SET character_set_client = utf8 */;
CREATE TABLE `oc_ocslideshow` (
  `ocslideshow_id` int(11) NOT NULL AUTO_INCREMENT,
  `name` varchar(64) NOT NULL,
  `status` tinyint(1) NOT NULL,
  `auto` tinyint(1) DEFAULT NULL,
  `delay` int(11) DEFAULT NULL,
  `hover` tinyint(1) DEFAULT NULL,
  `nextback` tinyint(1) DEFAULT NULL,
  `contrl` tinyint(1) DEFAULT NULL,
  `effect` varchar(64) NOT NULL,
  PRIMARY KEY (`ocslideshow_id`)
) ENGINE=MyISAM AUTO_INCREMENT=26 DEFAULT CHARSET=utf8;
/*!40101 SET character_set_client = @saved_cs_client */;

--
-- Dumping data for table `oc_ocslideshow`
--

LOCK TABLES `oc_ocslideshow` WRITE;
/*!40000 ALTER TABLE `oc_ocslideshow` DISABLE KEYS */;
INSERT INTO `oc_ocslideshow` VALUES (18,'Home Slideshow Home1',1,1,5000,0,0,1,'random'),(19,'Home Slideshow Home2',1,1,5000,0,0,1,'random'),(20,'Home Slideshow Home3',1,1,5000,0,0,1,'random'),(21,'Home Slideshow Home4',1,1,5000,0,0,1,'random');
/*!40000 ALTER TABLE `oc_ocslideshow` ENABLE KEYS */;
UNLOCK TABLES;

--
-- Table structure for table `oc_ocslideshow_image`
--

DROP TABLE IF EXISTS `oc_ocslideshow_image`;
/*!40101 SET @saved_cs_client     = @@character_set_client */;
/*!40101 SET character_set_client = utf8 */;
CREATE TABLE `oc_ocslideshow_image` (
  `ocslideshow_image_id` int(11) NOT NULL AUTO_INCREMENT,
  `ocslideshow_id` int(11) NOT NULL,
  `link` varchar(255) NOT NULL,
  `type` int(11) NOT NULL,
  `banner_store` varchar(255) DEFAULT '0',
  `image` varchar(255) NOT NULL,
  `small_image` varchar(255) DEFAULT NULL,
  PRIMARY KEY (`ocslideshow_image_id`)
) ENGINE=MyISAM AUTO_INCREMENT=291 DEFAULT CHARSET=utf8;
/*!40101 SET character_set_client = @saved_cs_client */;

--
-- Dumping data for table `oc_ocslideshow_image`
--

LOCK TABLES `oc_ocslideshow_image` WRITE;
/*!40000 ALTER TABLE `oc_ocslideshow_image` DISABLE KEYS */;
INSERT INTO `oc_ocslideshow_image` VALUES (284,18,'http://plazathemes.com',2,'0','catalog/slideshow/bg1-slider.jpg','no_image.png'),(283,18,'http://plazathemes.com',1,'0','catalog/slideshow/bg-slider.jpg','no_image.png'),(286,19,'http://plazathemes.com',2,'1,0','catalog/slideshow/bg3-slider.jpg','no_image.png'),(285,19,'http://plazathemes.com',1,'1,0','catalog/slideshow/bg2-slider.jpg','no_image.png'),(288,20,'http://plazathemes.com',1,'2,0','catalog/slideshow/bg4-slider.jpg','no_image.png'),(287,20,'http://plazathemes.com',2,'2,0','catalog/slideshow/bg5-slider.jpg','no_image.png'),(289,21,'http://plazathemes.com',2,'3,0','catalog/slideshow/bg6-slider.jpg','no_image.png'),(290,21,'http://plazathemes.com',1,'3,0','catalog/slideshow/bg7-slider.jpg','no_image.png');
/*!40000 ALTER TABLE `oc_ocslideshow_image` ENABLE KEYS */;
UNLOCK TABLES;

--
-- Table structure for table `oc_ocslideshow_image_description`
--

DROP TABLE IF EXISTS `oc_ocslideshow_image_description`;
/*!40101 SET @saved_cs_client     = @@character_set_client */;
/*!40101 SET character_set_client = utf8 */;
CREATE TABLE `oc_ocslideshow_image_description` (
  `ocslideshow_image_id` int(11) NOT NULL,
  `language_id` int(11) NOT NULL,
  `ocslideshow_id` int(11) NOT NULL,
  `title` varchar(64) NOT NULL,
  `sub_title` varchar(64) DEFAULT NULL,
  `description` text,
  PRIMARY KEY (`ocslideshow_image_id`,`language_id`)
) ENGINE=MyISAM DEFAULT CHARSET=utf8;
/*!40101 SET character_set_client = @saved_cs_client */;

--
-- Dumping data for table `oc_ocslideshow_image_description`
--

LOCK TABLES `oc_ocslideshow_image_description` WRITE;
/*!40000 ALTER TABLE `oc_ocslideshow_image_description` DISABLE KEYS */;
INSERT INTO `oc_ocslideshow_image_description` VALUES (285,1,19,'Top baby','Strollers 2017','Your First Stop Before Buying a Stroller for Your Baby'),(285,2,19,'Top baby','Strollers 2017','Your First Stop Before Buying a Stroller for Your Baby'),(286,2,19,'Smart baby','Toddler Toys','Up to 53% off'),(286,1,19,'Smart baby','Toddler Toys','Up to 53% off'),(287,2,20,'Sport equipment','25-75% OFF','Baseball, Soccer, Tennis, Boxing, Golf,Field Hockey, Handball, Volleyball...'),(288,1,20,'Soccer Shoes','25-75% OFF','Evo Power 1 Tricks'),(288,2,20,'Soccer Shoes','25-75% OFF','Evo Power 1 Tricks'),(289,1,21,'Shop &amp; Save!','30% off','all orders above $99'),(289,2,21,'Shop &amp; Save!','30% off','all orders above $99'),(290,1,21,'Grocery shopping','','in affodable price'),(290,2,21,'Grocery shopping','','in affodable price'),(284,1,18,'Ceramic Cookware','','Get cooking with pro tools'),(284,2,18,'Ceramic Cookware','','Get cooking with pro tools'),(283,2,18,'Cooking made Super easy','','&lt;h3&gt;20%&lt;span&gt;Off&lt;/span&gt;&lt;/h3&gt;Premium cookers'),(283,1,18,'Cooking made Super easy','','&lt;h3&gt;20%&lt;span&gt;Off&lt;/span&gt;&lt;/h3&gt;Premium cookers'),(287,1,20,'Sport equipment','25-75% OFF','Baseball, Soccer, Tennis, Boxing, Golf,Field Hockey, Handball, Volleyball...');
/*!40000 ALTER TABLE `oc_ocslideshow_image_description` ENABLE KEYS */;
UNLOCK TABLES;

--
-- Table structure for table `oc_option`
--

DROP TABLE IF EXISTS `oc_option`;
/*!40101 SET @saved_cs_client     = @@character_set_client */;
/*!40101 SET character_set_client = utf8 */;
CREATE TABLE `oc_option` (
  `option_id` int(11) NOT NULL AUTO_INCREMENT,
  `type` varchar(32) NOT NULL,
  `sort_order` int(3) NOT NULL,
  PRIMARY KEY (`option_id`)
) ENGINE=MyISAM AUTO_INCREMENT=13 DEFAULT CHARSET=utf8;
/*!40101 SET character_set_client = @saved_cs_client */;

--
-- Dumping data for table `oc_option`
--

LOCK TABLES `oc_option` WRITE;
/*!40000 ALTER TABLE `oc_option` DISABLE KEYS */;
INSERT INTO `oc_option` VALUES (1,'radio',1),(2,'checkbox',2),(4,'text',3),(5,'select',4),(6,'textarea',5),(7,'file',6),(8,'date',7),(9,'time',8),(10,'datetime',9),(11,'select',10),(12,'date',11);
/*!40000 ALTER TABLE `oc_option` ENABLE KEYS */;
UNLOCK TABLES;

--
-- Table structure for table `oc_option_description`
--

DROP TABLE IF EXISTS `oc_option_description`;
/*!40101 SET @saved_cs_client     = @@character_set_client */;
/*!40101 SET character_set_client = utf8 */;
CREATE TABLE `oc_option_description` (
  `option_id` int(11) NOT NULL,
  `language_id` int(11) NOT NULL,
  `name` varchar(128) NOT NULL,
  PRIMARY KEY (`option_id`,`language_id`)
) ENGINE=MyISAM DEFAULT CHARSET=utf8;
/*!40101 SET character_set_client = @saved_cs_client */;

--
-- Dumping data for table `oc_option_description`
--

LOCK TABLES `oc_option_description` WRITE;
/*!40000 ALTER TABLE `oc_option_description` DISABLE KEYS */;
INSERT INTO `oc_option_description` VALUES (2,1,'Checkbox'),(4,1,'Text'),(6,1,'Textarea'),(8,1,'Date'),(7,1,'File'),(5,1,'Select'),(9,1,'Time'),(10,1,'Date &amp; Time'),(12,1,'Delivery Date'),(11,1,'Size'),(1,1,'Варианты'),(2,2,'Checkbox'),(4,2,'Text'),(6,2,'Textarea'),(8,2,'Date'),(7,2,'File'),(5,2,'Select'),(9,2,'Time'),(10,2,'Date &amp; Time'),(12,2,'Delivery Date'),(11,2,'Size'),(1,2,'Варианты'),(2,3,'Checkbox'),(4,3,'Text'),(6,3,'Textarea'),(8,3,'Date'),(7,3,'File'),(5,3,'Select'),(9,3,'Time'),(10,3,'Date &amp; Time'),(12,3,'Delivery Date'),(11,3,'Size'),(1,3,'Варианты'),(2,4,'Checkbox'),(4,4,'Text'),(6,4,'Textarea'),(8,4,'Date'),(7,4,'File'),(5,4,'Select'),(9,4,'Time'),(10,4,'Date &amp; Time'),(12,4,'Delivery Date'),(11,4,'Size'),(1,4,'Варианты');
/*!40000 ALTER TABLE `oc_option_description` ENABLE KEYS */;
UNLOCK TABLES;

--
-- Table structure for table `oc_option_value`
--

DROP TABLE IF EXISTS `oc_option_value`;
/*!40101 SET @saved_cs_client     = @@character_set_client */;
/*!40101 SET character_set_client = utf8 */;
CREATE TABLE `oc_option_value` (
  `option_value_id` int(11) NOT NULL AUTO_INCREMENT,
  `option_id` int(11) NOT NULL,
  `image` varchar(255) NOT NULL,
  `sort_order` int(3) NOT NULL,
  PRIMARY KEY (`option_value_id`)
) ENGINE=MyISAM AUTO_INCREMENT=997 DEFAULT CHARSET=utf8;
/*!40101 SET character_set_client = @saved_cs_client */;

--
-- Dumping data for table `oc_option_value`
--

LOCK TABLES `oc_option_value` WRITE;
/*!40000 ALTER TABLE `oc_option_value` DISABLE KEYS */;
INSERT INTO `oc_option_value` VALUES (43,1,'',3),(31,1,'',2),(45,2,'',4),(44,2,'',3),(42,5,'',4),(41,5,'',3),(39,5,'',1),(40,5,'',2),(32,1,'',1),(23,2,'',1),(24,2,'',2),(46,11,'',1),(47,11,'',2),(48,11,'',3),(49,1,'',123),(50,1,'',123),(51,1,'',123),(52,1,'',123),(53,1,'',123),(54,1,'',123),(55,1,'',123),(56,1,'',123),(57,1,'',123),(58,1,'',123),(59,1,'',123),(60,1,'',123),(61,1,'',123),(62,1,'',123),(63,1,'',123),(64,1,'',123),(65,1,'',123),(66,1,'',123),(67,1,'',123),(68,1,'',123),(69,1,'',123),(70,1,'',123),(71,1,'',123),(72,1,'',123),(73,1,'',123),(74,1,'',123),(75,1,'',123),(76,1,'',123),(77,1,'',123),(78,1,'',123),(79,1,'',123),(80,1,'',123),(81,1,'',123),(82,1,'',123),(83,1,'',123),(84,1,'',123),(85,1,'',123),(86,1,'',123),(87,1,'',123),(88,1,'',123),(89,1,'',123),(90,1,'',123),(91,1,'',123),(92,1,'',123),(93,1,'',123),(94,1,'',123),(95,1,'',123),(96,1,'',123),(97,1,'',123),(98,1,'',123),(99,1,'',123),(100,1,'',123),(101,1,'',123),(102,1,'',123),(103,1,'',123),(104,1,'',123),(105,1,'',123),(106,1,'',123),(107,1,'',123),(108,1,'',123),(109,1,'',123),(110,1,'',123),(111,1,'',123),(112,1,'',123),(113,1,'',123),(114,1,'',123),(115,1,'',123),(116,1,'',123),(117,1,'',123),(118,1,'',123),(119,1,'',123),(120,1,'',123),(121,1,'',123),(122,1,'',123),(123,1,'',123),(124,1,'',123),(125,1,'',123),(126,1,'',123),(127,1,'',123),(128,1,'',123),(129,1,'',123),(130,1,'',123),(131,1,'',123),(132,1,'',123),(133,1,'',123),(134,1,'',123),(135,1,'',123),(136,1,'',123),(137,1,'',123),(138,1,'',123),(139,1,'',123),(140,1,'',123),(141,1,'',123),(142,1,'',123),(143,1,'',123),(144,1,'',123),(145,1,'',123),(146,1,'',123),(147,1,'',123),(148,1,'',123),(149,1,'',123),(150,1,'',123),(151,1,'',123),(152,1,'',123),(153,1,'',123),(154,1,'',123),(155,1,'',123),(156,1,'',123),(157,1,'',123),(158,1,'',123),(159,1,'',123),(160,1,'',123),(161,1,'',123),(162,1,'',123),(163,1,'',123),(164,1,'',123),(165,1,'',123),(166,1,'',123),(167,1,'',123),(168,1,'',123),(169,1,'',123),(170,1,'',123),(171,1,'',123),(172,1,'',123),(173,1,'',123),(174,1,'',123),(175,1,'',123),(176,1,'',123),(177,1,'',123),(178,1,'',123),(179,1,'',123),(180,1,'',123),(181,1,'',123),(182,1,'',123),(183,1,'',123),(184,1,'',123),(185,1,'',123),(186,1,'',123),(187,1,'',123),(188,1,'',123),(189,1,'',123),(190,1,'',123),(191,1,'',123),(192,1,'',123),(193,1,'',123),(194,1,'',123),(195,1,'',123),(196,1,'',123),(197,1,'',123),(198,1,'',123),(199,1,'',123),(200,1,'',123),(201,1,'',123),(202,1,'',123),(203,1,'',123),(204,1,'',123),(205,1,'',123),(206,1,'',123),(207,1,'',123),(208,1,'',123),(209,1,'',123),(210,1,'',123),(211,1,'',123),(212,1,'',123),(213,1,'',123),(214,1,'',123),(215,1,'',123),(216,1,'',123),(217,1,'',123),(218,1,'',123),(219,1,'',123),(220,1,'',123),(221,1,'',123),(222,1,'',123),(223,1,'',123),(224,1,'',123),(225,1,'',123),(226,1,'',123),(227,1,'',123),(228,1,'',123),(229,1,'',123),(230,1,'',123),(231,1,'',123),(232,1,'',123),(233,1,'',123),(234,1,'',123),(235,1,'',123),(236,1,'',123),(237,1,'',123),(238,1,'',123),(239,1,'',123),(240,1,'',123),(241,1,'',123),(242,1,'',123),(243,1,'',123),(244,1,'',123),(245,1,'',123),(246,1,'',123),(247,1,'',123),(248,1,'',123),(249,1,'',123),(250,1,'',123),(251,1,'',123),(252,1,'',123),(253,1,'',123),(254,1,'',123),(255,1,'',123),(256,1,'',123),(257,1,'',123),(258,1,'',123),(259,1,'',123),(260,1,'',123),(261,1,'',123),(262,1,'',123),(263,1,'',123),(264,1,'',123),(265,1,'',123),(266,1,'',123),(267,1,'',123),(268,1,'',123),(269,1,'',123),(270,1,'',123),(271,1,'',123),(272,1,'',123),(273,1,'',123),(274,1,'',123),(275,1,'',123),(276,1,'',123),(277,1,'',123),(278,1,'',123),(279,1,'',123),(280,1,'',123),(281,1,'',123),(282,1,'',123),(283,1,'',123),(284,1,'',123),(285,1,'',123),(286,1,'',123),(287,1,'',123),(288,1,'',123),(289,1,'',123),(290,1,'',123),(291,1,'',123),(292,1,'',123),(293,1,'',123),(294,1,'',123),(295,1,'',123),(296,1,'',123),(297,1,'',123),(298,1,'',123),(299,1,'',123),(300,1,'',123),(301,1,'',123),(302,1,'',123),(303,1,'',123),(304,1,'',123),(305,1,'',123),(306,1,'',123),(307,1,'',123),(308,1,'',123),(309,1,'',123),(310,1,'',123),(311,1,'',123),(312,1,'',123),(313,1,'',123),(314,1,'',123),(315,1,'',123),(316,1,'',123),(317,1,'',123),(318,1,'',123),(319,1,'',123),(320,1,'',123),(321,1,'',123),(322,1,'',123),(323,1,'',123),(324,1,'',123),(325,1,'',123),(326,1,'',123),(327,1,'',123),(328,1,'',123),(329,1,'',123),(330,1,'',123),(331,1,'',123),(332,1,'',123),(333,1,'',123),(334,1,'',123),(335,1,'',123),(336,1,'',123),(337,1,'',123),(338,1,'',123),(339,1,'',123),(340,1,'',123),(341,1,'',123),(342,1,'',123),(343,1,'',123),(344,1,'',123),(345,1,'',123),(346,1,'',123),(347,1,'',123),(348,1,'',123),(349,1,'',123),(350,1,'',123),(351,1,'',123),(352,1,'',123),(353,1,'',123),(354,1,'',123),(355,1,'',123),(356,1,'',123),(357,1,'',123),(358,1,'',123),(359,1,'',123),(360,1,'',123),(361,1,'',123),(362,1,'',123),(363,1,'',123),(364,1,'',123),(365,1,'',123),(366,1,'',123),(367,1,'',123),(368,1,'',123),(369,1,'',123),(370,1,'',123),(371,1,'',123),(372,1,'',123),(373,1,'',123),(374,1,'',123),(375,1,'',123),(376,1,'',123),(377,1,'',123),(378,1,'',123),(379,1,'',123),(380,1,'',123),(381,1,'',123),(382,1,'',123),(383,1,'',123),(384,1,'',123),(385,1,'',123),(386,1,'',123),(387,1,'',123),(388,1,'',123),(389,1,'',123),(390,1,'',123),(391,1,'',123),(392,1,'',123),(393,1,'',123),(394,1,'',123),(395,1,'',123),(396,1,'',123),(397,1,'',123),(398,1,'',123),(399,1,'',123),(400,1,'',123),(401,1,'',123),(402,1,'',123),(403,1,'',123),(404,1,'',123),(405,1,'',123),(406,1,'',123),(407,1,'',123),(408,1,'',123),(409,1,'',123),(410,1,'',123),(411,1,'',123),(412,1,'',123),(413,1,'',123),(414,1,'',123),(415,1,'',123),(416,1,'',123),(417,1,'',123),(418,1,'',123),(419,1,'',123),(420,1,'',123),(421,1,'',123),(422,1,'',123),(423,1,'',123),(424,1,'',123),(425,1,'',123),(426,1,'',123),(427,1,'',123),(428,1,'',123),(429,1,'',123),(430,1,'',123),(431,1,'',123),(432,1,'',123),(433,1,'',123),(434,1,'',123),(435,1,'',123),(436,1,'',123),(437,1,'',123),(438,1,'',123),(439,1,'',123),(440,1,'',123),(441,1,'',123),(442,1,'',123),(443,1,'',123),(444,1,'',123),(445,1,'',123),(446,1,'',123),(447,1,'',123),(448,1,'',123),(449,1,'',123),(450,1,'',123),(451,1,'',123),(452,1,'',123),(453,1,'',123),(454,1,'',123),(455,1,'',123),(456,1,'',123),(457,1,'',123),(458,1,'',123),(459,1,'',123),(460,1,'',123),(461,1,'',123),(462,1,'',123),(463,1,'',123),(464,1,'',123),(465,1,'',123),(466,1,'',123),(467,1,'',123),(468,1,'',123),(469,1,'',123),(470,1,'',123),(471,1,'',123),(472,1,'',123),(473,1,'',123),(474,1,'',123),(475,1,'',123),(476,1,'',123),(477,1,'',123),(478,1,'',123),(479,1,'',123),(480,1,'',123),(481,1,'',123),(482,1,'',123),(483,1,'',123),(484,1,'',123),(485,1,'',123),(486,1,'',123),(487,1,'',123),(488,1,'',123),(489,1,'',123),(490,1,'',123),(491,1,'',123),(492,1,'',123),(493,1,'',123),(494,1,'',123),(495,1,'',123),(496,1,'',123),(497,1,'',123),(498,1,'',123),(499,1,'',123),(500,1,'',123),(501,1,'',123),(502,1,'',123),(503,1,'',123),(504,1,'',123),(505,1,'',123),(506,1,'',123),(507,1,'',123),(508,1,'',123),(509,1,'',123),(510,1,'',123),(511,1,'',123),(512,1,'',123),(513,1,'',123),(514,1,'',123),(515,1,'',123),(516,1,'',123),(517,1,'',123),(518,1,'',123),(519,1,'',123),(520,1,'',123),(521,1,'',123),(522,1,'',123),(523,1,'',123),(524,1,'',123),(525,1,'',123),(526,1,'',123),(527,1,'',123),(528,1,'',123),(529,1,'',123),(530,1,'',123),(531,1,'',123),(532,1,'',123),(533,1,'',123),(534,1,'',123),(535,1,'',123),(536,1,'',123),(537,1,'',123),(538,1,'',123),(539,1,'',123),(540,1,'',123),(541,1,'',123),(542,1,'',123),(543,1,'',123),(544,1,'',123),(545,1,'',123),(546,1,'',123),(547,1,'',123),(548,1,'',123),(549,1,'',123),(550,1,'',123),(551,1,'',123),(552,1,'',123),(553,1,'',123),(554,1,'',123),(555,1,'',123),(556,1,'',123),(557,1,'',123),(558,1,'',123),(559,1,'',123),(560,1,'',123),(561,1,'',123),(562,1,'',123),(563,1,'',123),(564,1,'',123),(565,1,'',123),(566,1,'',123),(567,1,'',123),(568,1,'',123),(569,1,'',123),(570,1,'',123),(571,1,'',123),(572,1,'',123),(573,1,'',123),(574,1,'',123),(575,1,'',123),(576,1,'',123),(577,1,'',123),(578,1,'',123),(579,1,'',123),(580,1,'',123),(581,1,'',123),(582,1,'',123),(583,1,'',123),(584,1,'',123),(585,1,'',123),(586,1,'',123),(587,1,'',123),(588,1,'',123),(589,1,'',123),(590,1,'',123),(591,1,'',123),(592,1,'',123),(593,1,'',123),(594,1,'',123),(595,1,'',123),(596,1,'',123),(597,1,'',123),(598,1,'',123),(599,1,'',123),(600,1,'',123),(601,1,'',123),(602,1,'',123),(603,1,'',123),(604,1,'',123),(605,1,'',123),(606,1,'',123),(607,1,'',123),(608,1,'',123),(609,1,'',123),(610,1,'',123),(611,1,'',123),(612,1,'',123),(613,1,'',123),(614,1,'',123),(615,1,'',123),(616,1,'',123),(617,1,'',123),(618,1,'',123),(619,1,'',123),(620,1,'',123),(621,1,'',123),(622,1,'',123),(623,1,'',123),(624,1,'',123),(625,1,'',123),(626,1,'',123),(627,1,'',123),(628,1,'',123),(629,1,'',123),(630,1,'',123),(631,1,'',123),(632,1,'',123),(633,1,'',123),(634,1,'',123),(635,1,'',123),(636,1,'',123),(637,1,'',123),(638,1,'',123),(639,1,'',123),(640,1,'',123),(641,1,'',123),(642,1,'',123),(643,1,'',123),(644,1,'',123),(645,1,'',123),(646,1,'',123),(647,1,'',123),(648,1,'',123),(649,1,'',123),(650,1,'',123),(651,1,'',123),(652,1,'',123),(653,1,'',123),(654,1,'',123),(655,1,'',123),(656,1,'',123),(657,1,'',123),(658,1,'',123),(659,1,'',123),(660,1,'',123),(661,1,'',123),(662,1,'',123),(663,1,'',123),(664,1,'',123),(665,1,'',123),(666,1,'',123),(667,1,'',123),(668,1,'',123),(669,1,'',123),(670,1,'',123),(671,1,'',123),(672,1,'',123),(673,1,'',123),(674,1,'',123),(675,1,'',123),(676,1,'',123),(677,1,'',123),(678,1,'',123),(679,1,'',123),(680,1,'',123),(681,1,'',123),(682,1,'',123),(683,1,'',123),(684,1,'',123),(685,1,'',123),(686,1,'',123),(687,1,'',123),(688,1,'',123),(689,1,'',123),(690,1,'',123),(691,1,'',123),(692,1,'',123),(693,1,'',123),(694,1,'',123),(695,1,'',123),(696,1,'',123),(697,1,'',123),(698,1,'',123),(699,1,'',123),(700,1,'',123),(701,1,'',123),(702,1,'',123),(703,1,'',123),(704,1,'',123),(705,1,'',123),(706,1,'',123),(707,1,'',123),(708,1,'',123),(709,1,'',123),(710,1,'',123),(711,1,'',123),(712,1,'',123),(713,1,'',123),(714,1,'',123),(715,1,'',123),(716,1,'',123),(717,1,'',123),(718,1,'',123),(719,1,'',123),(720,1,'',123),(721,1,'',123),(722,1,'',123),(723,1,'',123),(724,1,'',123),(725,1,'',123),(726,1,'',123),(727,1,'',123),(728,1,'',123),(729,1,'',123),(730,1,'',123),(731,1,'',123),(732,1,'',123),(733,1,'',123),(734,1,'',123),(735,1,'',123),(736,1,'',123),(737,1,'',123),(738,1,'',123),(739,1,'',123),(740,1,'',123),(741,1,'',123),(742,1,'',123),(743,1,'',123),(744,1,'',123),(745,1,'',123),(746,1,'',123),(747,1,'',123),(748,1,'',123),(749,1,'',123),(750,1,'',123),(751,1,'',123),(752,1,'',123),(753,1,'',123),(754,1,'',123),(755,1,'',123),(756,1,'',123),(757,1,'',123),(758,1,'',123),(759,1,'',123),(760,1,'',123),(761,1,'',123),(762,1,'',123),(763,1,'',123),(764,1,'',123),(765,1,'',123),(766,1,'',123),(767,1,'',123),(768,1,'',123),(769,1,'',123),(770,1,'',123),(771,1,'',123),(772,1,'',123),(773,1,'',123),(774,1,'',123),(775,1,'',123),(776,1,'',123),(777,1,'',123),(778,1,'',123),(779,1,'',123),(780,1,'',123),(781,1,'',123),(782,1,'',123),(783,1,'',123),(784,1,'',123),(785,1,'',123),(786,1,'',123),(787,1,'',123),(788,1,'',123),(789,1,'',123),(790,1,'',123),(791,1,'',123),(792,1,'',123),(793,1,'',123),(794,1,'',123),(795,1,'',123),(796,1,'',123),(797,1,'',123),(798,1,'',123),(799,1,'',123),(800,1,'',123),(801,1,'',123),(802,1,'',123),(803,1,'',123),(804,1,'',123),(805,1,'',123),(806,1,'',123),(807,1,'',123),(808,1,'',123),(809,1,'',123),(810,1,'',123),(811,1,'',123),(812,1,'',123),(813,1,'',123),(814,1,'',123),(815,1,'',123),(816,1,'',123),(817,1,'',123),(818,1,'',123),(819,1,'',123),(820,1,'',123),(821,1,'',123),(822,1,'',123),(823,1,'',123),(824,1,'',123),(825,1,'',123),(826,1,'',123),(827,1,'',123),(828,1,'',123),(829,1,'',123),(830,1,'',123),(831,1,'',123),(832,1,'',123),(833,1,'',123),(834,1,'',123),(835,1,'',123),(836,1,'',123),(837,1,'',123),(838,1,'',123),(839,1,'',123),(840,1,'',123),(841,1,'',123),(842,1,'',123),(843,1,'',123),(844,1,'',123),(845,1,'',123),(846,1,'',123),(847,1,'',123),(848,1,'',123),(849,1,'',123),(850,1,'',123),(851,1,'',123),(852,1,'',123),(853,1,'',123),(854,1,'',123),(855,1,'',123),(856,1,'',123),(857,1,'',123),(858,1,'',123),(859,1,'',123),(860,1,'',123),(861,1,'',123),(862,1,'',123),(863,1,'',123),(864,1,'',123),(865,1,'',123),(866,1,'',123),(867,1,'',123),(868,1,'',123),(869,1,'',123),(870,1,'',123),(871,1,'',123),(872,1,'',123),(873,1,'',123),(874,1,'',123),(875,1,'',123),(876,1,'',123),(877,1,'',123),(878,1,'',123),(879,1,'',123),(880,1,'',123),(881,1,'',123),(882,1,'',123),(883,1,'',123),(884,1,'',123),(885,1,'',123),(886,1,'',123),(887,1,'',123),(888,1,'',123),(889,1,'',123),(890,1,'',123),(891,1,'',123),(892,1,'',123),(893,1,'',123),(894,1,'',123),(895,1,'',123),(896,1,'',123),(897,1,'',123),(898,1,'',123),(899,1,'',123),(900,1,'',123),(901,1,'',123),(902,1,'',123),(903,1,'',123),(904,1,'',123),(905,1,'',123),(906,1,'',123),(907,1,'',123),(908,1,'',123),(909,1,'',123),(910,1,'',123),(911,1,'',123),(912,1,'',123),(913,1,'',123),(914,1,'',123),(915,1,'',123),(916,1,'',123),(917,1,'',123),(918,1,'',123),(919,1,'',123),(920,1,'',123),(921,1,'',123),(922,1,'',123),(923,1,'',123),(924,1,'',123),(925,1,'',123),(926,1,'',123),(927,1,'',123),(928,1,'',123),(929,1,'',123),(930,1,'',123),(931,1,'',123),(932,1,'',123),(933,1,'',123),(934,1,'',123),(935,1,'',123),(936,1,'',123),(937,1,'',123),(938,1,'',123),(939,1,'',123),(940,1,'',123),(941,1,'',123),(942,1,'',123),(943,1,'',123),(944,1,'',123),(945,1,'',123),(946,1,'',123),(947,1,'',123),(948,1,'',123),(949,1,'',123),(950,1,'',123),(951,1,'',123),(952,1,'',123),(953,1,'',123),(954,1,'',123),(955,1,'',123),(956,1,'',123),(957,1,'',123),(958,1,'',123),(959,1,'',123),(960,1,'',123),(961,1,'',123),(962,1,'',123),(963,1,'',123),(964,1,'',123),(965,1,'',123),(966,1,'',123),(967,1,'',123),(968,1,'',123),(969,1,'',123),(970,1,'',123),(971,1,'',123),(972,1,'',123),(973,1,'',123),(974,1,'',123),(975,1,'',123),(976,1,'',123),(977,1,'',123),(978,1,'',123),(979,1,'',123),(980,1,'',123),(981,1,'',123),(982,1,'',123),(983,1,'',123),(984,1,'',123),(985,1,'',123),(986,1,'',123),(987,1,'',123),(988,1,'',123),(989,1,'',123),(990,1,'',123),(991,1,'',123),(992,1,'',123),(993,1,'',123),(994,1,'',123),(995,1,'',123),(996,1,'',123);
/*!40000 ALTER TABLE `oc_option_value` ENABLE KEYS */;
UNLOCK TABLES;

--
-- Table structure for table `oc_option_value_description`
--

DROP TABLE IF EXISTS `oc_option_value_description`;
/*!40101 SET @saved_cs_client     = @@character_set_client */;
/*!40101 SET character_set_client = utf8 */;
CREATE TABLE `oc_option_value_description` (
  `option_value_id` int(11) NOT NULL,
  `language_id` int(11) NOT NULL,
  `option_id` int(11) NOT NULL,
  `name` varchar(128) NOT NULL,
  PRIMARY KEY (`option_value_id`,`language_id`)
) ENGINE=MyISAM DEFAULT CHARSET=utf8;
/*!40101 SET character_set_client = @saved_cs_client */;

--
-- Dumping data for table `oc_option_value_description`
--

LOCK TABLES `oc_option_value_description` WRITE;
/*!40000 ALTER TABLE `oc_option_value_description` DISABLE KEYS */;
INSERT INTO `oc_option_value_description` VALUES (31,1,1,'Малый_2'),(45,1,2,'Checkbox 4'),(44,1,2,'Checkbox 3'),(42,1,5,'Yellow'),(41,1,5,'Green'),(39,1,5,'Red'),(40,1,5,'Blue'),(23,1,2,'Checkbox 1'),(24,1,2,'Checkbox 2'),(48,1,11,'Large'),(47,1,11,'Medium'),(46,1,11,'Small'),(32,2,1,'Малый_1'),(45,2,2,'Checkbox 4'),(44,2,2,'Checkbox 3'),(32,1,1,'Малый_1'),(42,2,5,'Yellow'),(41,2,5,'Green'),(39,2,5,'Red'),(40,2,5,'Blue'),(23,2,2,'Checkbox 1'),(24,2,2,'Checkbox 2'),(48,2,11,'Large'),(47,2,11,'Medium'),(46,2,11,'Small'),(31,2,1,'Малый_2'),(43,1,1,'Малый_3'),(43,2,1,'Малый_3'),(49,1,1,'1,5 kg'),(50,2,1,'1,5 kg'),(51,1,1,'3 kg'),(52,2,1,'3 kg'),(53,1,1,'8 kg'),(54,2,1,'8 kg'),(55,1,1,'2 kg'),(56,2,1,'2 kg'),(57,1,1,'10 kg'),(58,2,1,'10 kg'),(59,1,1,'11,4 kg'),(60,2,1,'11,4 kg'),(61,1,1,'17 kg'),(62,2,1,'17 kg'),(63,1,1,'5 cm'),(64,2,1,'5 cm'),(65,1,1,'6 cm'),(66,2,1,'6 cm'),(67,1,1,'7 cm'),(68,2,1,'7 cm'),(69,1,1,'0-5 kg'),(70,2,1,'0-5 kg'),(71,1,1,'5-10 kg'),(72,2,1,'5-10 kg'),(73,1,1,'10-20kg'),(74,2,1,'10-20kg'),(75,1,1,'20-40 kg'),(76,2,1,'20-40 kg'),(77,1,1,'40-80kg'),(78,2,1,'40-80kg'),(79,1,1,'7,5 kg'),(80,2,1,'7,5 kg'),(81,1,1,'S'),(82,2,1,'S'),(83,1,1,'M'),(84,2,1,'M'),(85,1,1,'L'),(86,2,1,'L'),(87,1,1,'XL'),(88,2,1,'XL'),(89,1,1,'Sininen'),(90,2,1,'Sininen'),(91,1,1,'Vihreä'),(92,2,1,'Vihreä'),(93,1,1,'Pinkki'),(94,2,1,'Pinkki'),(95,1,1,'2,5 kg'),(96,2,1,'2,5 kg'),(97,1,1,'13 kg'),(98,2,1,'13 kg'),(99,1,1,'M/L'),(100,2,1,'M/L'),(101,1,1,'12 kg'),(102,2,1,'12 kg'),(103,1,1,'60 cm'),(104,2,1,'60 cm'),(105,1,1,'90 cm'),(106,2,1,'90 cm'),(107,1,1,'4 kg'),(108,2,1,'4 kg'),(109,1,1,'15 kg'),(110,2,1,'15 kg'),(111,1,1,'250 g'),(112,2,1,'250 g'),(113,1,1,'1 kg'),(114,2,1,'1 kg'),(115,1,1,'20 cm'),(116,2,1,'20 cm'),(117,1,1,'25 cm'),(118,2,1,'25 cm'),(119,1,1,'30 cm'),(120,2,1,'30 cm'),(121,1,1,'35 cm'),(122,2,1,'35 cm'),(123,1,1,'40 cm'),(124,2,1,'40 cm'),(125,1,1,'90 x 60 cm'),(126,2,1,'90 x 60 cm'),(127,1,1,'105 x 70 cm'),(128,2,1,'105 x 70 cm'),(129,1,1,'1,25 kg'),(130,2,1,'1,25 kg'),(131,1,1,'3,25 kg'),(132,2,1,'3,25 kg'),(133,1,1,'14 kg'),(134,2,1,'14 kg'),(135,1,1,'1,75 kg'),(136,2,1,'1,75 kg'),(137,1,1,'2,2 x 30 cm'),(138,2,1,'2,2 x 30 cm'),(139,1,1,'2,2 x 35 cm'),(140,2,1,'2,2 x 35 cm'),(141,1,1,'2,5 x 40 cm'),(142,2,1,'2,5 x 40 cm'),(143,1,1,'7 kg'),(144,2,1,'7 kg'),(145,1,1,'33 cm'),(146,2,1,'33 cm'),(147,1,1,'66 cm'),(148,2,1,'66 cm'),(149,1,1,'25-35 cm'),(150,2,1,'25-35 cm'),(151,1,1,'35-45 cm'),(152,2,1,'35-45 cm'),(153,1,1,'40-50 cm'),(154,2,1,'40-50 cm'),(155,1,1,'45-55 cm'),(156,2,1,'45-55 cm'),(157,1,1,'400 g'),(158,2,1,'400 g'),(159,1,1,'300 g'),(160,2,1,'300 g'),(161,1,1,'6 kg'),(162,2,1,'6 kg'),(163,1,1,'100 g'),(164,2,1,'100 g'),(165,1,1,'Musta'),(166,2,1,'Musta'),(167,1,1,'Ruskea'),(168,2,1,'Ruskea'),(169,1,1,'Punainen'),(170,2,1,'Punainen'),(171,1,1,'Turkoosi'),(172,2,1,'Turkoosi'),(173,1,1,'24 cm'),(174,2,1,'24 cm'),(175,1,1,'27 cm'),(176,2,1,'27 cm'),(177,1,1,'36 cm'),(178,2,1,'36 cm'),(179,1,1,'42 cm'),(180,2,1,'42 cm'),(181,1,1,'45 cm'),(182,2,1,'45 cm'),(183,1,1,'50 cm'),(184,2,1,'50 cm'),(185,1,1,'55 cm'),(186,2,1,'55 cm'),(187,1,1,'65 cm'),(188,2,1,'65 cm'),(189,1,1,'70 cm'),(190,2,1,'70 cm'),(191,1,1,'75 cm'),(192,2,1,'75 cm'),(193,1,1,'XS'),(194,2,1,'XS'),(195,1,1,'340 g'),(196,2,1,'340 g'),(197,1,1,'1,8 kg'),(198,2,1,'1,8 kg'),(199,1,1,'5,4 kg'),(200,2,1,'5,4 kg'),(201,1,1,'8,5 kg'),(202,2,1,'8,5 kg'),(203,1,1,'30-40 cm'),(204,2,1,'30-40 cm'),(205,1,1,'55-65 cm'),(206,2,1,'55-65 cm'),(207,1,1,'1,5 x 40 cm'),(208,2,1,'1,5 x 40 cm'),(209,1,1,'1,5 x 45 cm'),(210,2,1,'1,5 x 45 cm'),(211,1,1,'1,8 x 50 cm'),(212,2,1,'1,8 x 50 cm'),(213,1,1,'1,8 x 55cm'),(214,2,1,'1,8 x 55cm'),(215,1,1,'2,4 x 60 cm'),(216,2,1,'2,4 x 60 cm'),(217,1,1,'2,4 x 65 cm'),(218,2,1,'2,4 x 65 cm'),(219,1,1,'5 x 30 cm'),(220,2,1,'5 x 30 cm'),(221,1,1,'5 x 35 cm'),(222,2,1,'5 x 35 cm'),(223,1,1,'5 x 40 cm'),(224,2,1,'5 x 40 cm'),(225,1,1,'5 x 45 cm'),(226,2,1,'5 x 45 cm'),(227,1,1,'0,6  x 180 cm'),(228,2,1,'0,6  x 180 cm'),(229,1,1,'0,8 x 180 cm'),(230,2,1,'0,8 x 180 cm'),(231,1,1,'1,1 x 180 cm'),(232,2,1,'1,1 x 180 cm'),(233,1,1,'1'),(234,2,1,'1'),(235,1,1,'2'),(236,2,1,'2'),(237,1,1,'3'),(238,2,1,'3'),(239,1,1,'4'),(240,2,1,'4'),(241,1,1,'5'),(242,2,1,'5'),(243,1,1,'6'),(244,2,1,'6'),(245,1,1,'7'),(246,2,1,'7'),(247,1,1,'10 cm'),(248,2,1,'10 cm'),(249,1,1,'12 cm'),(250,2,1,'12 cm'),(251,1,1,'2,3 kg'),(252,2,1,'2,3 kg'),(253,1,1,'250 ml'),(254,2,1,'250 ml'),(255,1,1,'3,8 l'),(256,2,1,'3,8 l'),(257,1,1,'60 x 40 cm'),(258,2,1,'60 x 40 cm'),(259,1,1,'80 x 50 cm'),(260,2,1,'80 x 50 cm'),(261,1,1,'3,5 x 40 cm'),(262,2,1,'3,5 x 40 cm'),(263,1,1,'3,5 x 45 cm'),(264,2,1,'3,5 x 45 cm'),(265,1,1,'3,5 x 50 cm'),(266,2,1,'3,5 x 50 cm'),(267,1,1,'5 x 70 cm'),(268,2,1,'5 x 70 cm'),(269,1,1,'58 cm'),(270,2,1,'58 cm'),(271,1,1,'XXL'),(272,2,1,'XXL'),(273,1,1,'40-45 cm'),(274,2,1,'40-45 cm'),(275,1,1,'45-60 cm'),(276,2,1,'45-60 cm'),(277,1,1,'60-80 cm'),(278,2,1,'60-80 cm'),(279,1,1,'80-100 cm'),(280,2,1,'80-100 cm'),(281,1,1,'350 g'),(282,2,1,'350 g'),(283,1,1,'60 x 50 cm'),(284,2,1,'60 x 50 cm'),(285,1,1,'75 x 60 cm'),(286,2,1,'75 x 60 cm'),(287,1,1,'Vaaleanpunainen'),(288,2,1,'Vaaleanpunainen'),(289,1,1,'Harmaa'),(290,2,1,'Harmaa'),(291,1,1,'5 kg'),(292,2,1,'5 kg'),(293,1,1,'12,5 kg'),(294,2,1,'12,5 kg'),(295,1,1,'1,5 x 200 cm'),(296,2,1,'1,5 x 200 cm'),(297,1,1,'2 x 200 cm'),(298,2,1,'2 x 200 cm'),(299,1,1,'2,5 x 200 cm'),(300,2,1,'2,5 x 200 cm'),(301,1,1,'500 g'),(302,2,1,'500 g'),(303,1,1,'9 kg'),(304,2,1,'9 kg'),(305,1,1,'7,5 cm'),(306,2,1,'7,5 cm'),(307,1,1,'15 cm'),(308,2,1,'15 cm'),(309,1,1,'355 ml'),(310,2,1,'355 ml'),(311,1,1,'80 cm'),(312,2,1,'80 cm'),(313,1,1,'100 cm'),(314,2,1,'100 cm'),(315,1,1,'120 cm'),(316,2,1,'120 cm'),(317,1,1,'30'),(318,2,1,'30'),(319,1,1,'40'),(320,2,1,'40'),(321,1,1,'50'),(322,2,1,'50'),(323,1,1,'65'),(324,2,1,'65'),(325,1,1,'25M'),(326,2,1,'25M'),(327,1,1,'35'),(328,2,1,'35'),(329,1,1,'45'),(330,2,1,'45'),(331,1,1,'55'),(332,2,1,'55'),(333,1,1,'60'),(334,2,1,'60'),(335,1,1,'800 g'),(336,2,1,'800 g'),(337,1,1,'11 kg'),(338,2,1,'11 kg'),(339,1,1,'1,5 x 20-30 cm'),(340,2,1,'1,5 x 20-30 cm'),(341,1,1,'2 x 30-40 cm'),(342,2,1,'2 x 30-40 cm'),(343,1,1,'2,5 x 30-50 cm'),(344,2,1,'2,5 x 30-50 cm'),(345,1,1,'3 x 45-70 cm'),(346,2,1,'3 x 45-70 cm'),(347,1,1,'1,5 x 180 cm'),(348,2,1,'1,5 x 180 cm'),(349,1,1,'2 x 180 cm'),(350,2,1,'2 x 180 cm'),(351,1,1,'1,5'),(352,2,1,'1,5'),(353,1,1,'2,5'),(354,2,1,'2,5'),(355,1,1,'XXS'),(356,2,1,'XXS'),(357,1,1,'Oranssi'),(358,2,1,'Oranssi'),(359,1,1,'70 x 50 cm'),(360,2,1,'70 x 50 cm'),(361,1,1,'100 x 70 cm'),(362,2,1,'100 x 70 cm'),(363,1,1,'70'),(364,2,1,'70'),(365,1,1,'80'),(366,2,1,'80'),(367,1,1,'100'),(368,2,1,'100'),(369,1,1,'90'),(370,2,1,'90'),(371,1,1,'100 ml'),(372,2,1,'100 ml'),(373,1,1,'1 l'),(374,2,1,'1 l'),(375,1,1,'2,5 x 30-45 cm'),(376,2,1,'2,5 x 30-45 cm'),(377,1,1,'3 x 35-55 cm'),(378,2,1,'3 x 35-55 cm'),(379,1,1,'3,5 x 45-65 cm'),(380,2,1,'3,5 x 45-65 cm'),(381,1,1,'375 g'),(382,2,1,'375 g'),(383,1,1,'0,8 x 120 cm'),(384,2,1,'0,8 x 120 cm'),(385,1,1,'1,1 x 120 cm'),(386,2,1,'1,1 x 120 cm'),(387,1,1,'85 cm'),(388,2,1,'85 cm'),(389,1,1,'80 g'),(390,2,1,'80 g'),(391,1,1,'10 m'),(392,2,1,'10 m'),(393,1,1,'15 m'),(394,2,1,'15 m'),(395,1,1,'20-30 cm'),(396,2,1,'20-30 cm'),(397,1,1,'30-50 cm'),(398,2,1,'30-50 cm'),(399,1,1,'45-70 cm'),(400,2,1,'45-70 cm'),(401,1,1,'25-40 cm'),(402,2,1,'25-40 cm'),(403,1,1,'35-50 cm'),(404,2,1,'35-50 cm'),(405,1,1,'Lila'),(406,2,1,'Lila'),(407,1,1,'15 mm'),(408,2,1,'15 mm'),(409,1,1,'25 mm'),(410,2,1,'25 mm'),(411,1,1,'750 ml'),(412,2,1,'750 ml'),(413,1,1,'240 ml'),(414,2,1,'240 ml'),(415,1,1,'470 ml'),(416,2,1,'470 ml'),(417,1,1,'950 ml'),(418,2,1,'950 ml'),(419,1,1,'1,9 l'),(420,2,1,'1,9 l'),(421,1,1,'2,8 l'),(422,2,1,'2,8 l'),(423,1,1,'4,7 l'),(424,2,1,'4,7 l'),(425,1,1,'9,4 l'),(426,2,1,'9,4 l'),(427,1,1,'Beige'),(428,2,1,'Beige'),(429,1,1,'Valkoinen'),(430,2,1,'Valkoinen'),(431,1,1,'70 g'),(432,2,1,'70 g'),(433,1,1,'156 g'),(434,2,1,'156 g'),(435,1,1,'1 x 91 cm'),(436,2,1,'1 x 91 cm'),(437,1,1,'0,5 x 122 cm'),(438,2,1,'0,5 x 122 cm'),(439,1,1,'Vaaleanruskea'),(440,2,1,'Vaaleanruskea'),(441,1,1,'5 l'),(442,2,1,'5 l'),(443,1,1,'750 g'),(444,2,1,'750 g'),(445,1,1,'Keltainen'),(446,2,1,'Keltainen'),(447,1,1,'20-35 cm'),(448,2,1,'20-35 cm'),(449,1,1,'30-45 cm'),(450,2,1,'30-45 cm'),(451,1,1,'40-55 cm'),(452,2,1,'40-55 cm'),(453,1,1,'50-65 cm'),(454,2,1,'50-65 cm'),(455,1,1,'55-70 cm'),(456,2,1,'55-70 cm'),(457,1,1,'28 cm'),(458,2,1,'28 cm'),(459,1,1,'31 cm'),(460,2,1,'31 cm'),(461,1,1,'34 cm'),(462,2,1,'34 cm'),(463,1,1,'37 cm'),(464,2,1,'37 cm'),(465,1,1,'41 cm'),(466,2,1,'41 cm'),(467,1,1,'14'),(468,2,1,'14'),(469,1,1,'56'),(470,2,1,'56'),(471,1,1,'XXXS'),(472,2,1,'XXXS'),(473,1,1,'17 cm'),(474,2,1,'17 cm'),(475,1,1,'200 ml'),(476,2,1,'200 ml'),(477,1,1,'900 ml'),(478,2,1,'900 ml'),(479,1,1,'8'),(480,2,1,'8'),(481,1,1,'11'),(482,2,1,'11'),(483,1,1,'4 x 55 cm'),(484,2,1,'4 x 55 cm'),(485,1,1,'4 x 60 cm'),(486,2,1,'4 x 60 cm'),(487,1,1,'S/M'),(488,2,1,'S/M'),(489,1,1,'3 x 40-55 cm'),(490,2,1,'3 x 40-55 cm'),(491,1,1,'4 x 45-60 cm'),(492,2,1,'4 x 45-60 cm'),(493,1,1,'4 x 50-65 cm'),(494,2,1,'4 x 50-65 cm'),(495,1,1,'4 x 55-70 cm'),(496,2,1,'4 x 55-70 cm'),(497,1,1,'11,5 cm'),(498,2,1,'11,5 cm'),(499,1,1,'14 cm'),(500,2,1,'14 cm'),(501,1,1,'16 cm'),(502,2,1,'16 cm'),(503,1,1,'190 g'),(504,2,1,'190 g'),(505,1,1,'370 g'),(506,2,1,'370 g'),(507,1,1,'Limen vihreä'),(508,2,1,'Limen vihreä'),(509,1,1,'275 ml'),(510,2,1,'275 ml'),(511,1,1,'3 x 35 cm'),(512,2,1,'3 x 35 cm'),(513,1,1,'3,5 x 55 cm'),(514,2,1,'3,5 x 55 cm'),(515,1,1,'3,5 x 60 cm'),(516,2,1,'3,5 x 60 cm'),(517,1,1,'3,5 x 65 cm'),(518,2,1,'3,5 x 65 cm'),(519,1,1,'15'),(520,2,1,'15'),(521,1,1,'3 x 30 cm'),(522,2,1,'3 x 30 cm'),(523,1,1,'50 g'),(524,2,1,'50 g'),(525,1,1,'80 x 55 cm'),(526,2,1,'80 x 55 cm'),(527,1,1,'90 x 65 cm'),(528,2,1,'90 x 65 cm'),(529,1,1,'120 x 75 cm'),(530,2,1,'120 x 75 cm'),(531,1,1,'0,8 x 150 cm'),(532,2,1,'0,8 x 150 cm'),(533,1,1,'1,1 x 150 cm'),(534,2,1,'1,1 x 150 cm'),(535,1,1,'2,5 x 45 cm'),(536,2,1,'2,5 x 45 cm'),(537,1,1,'3 x 50 cm'),(538,2,1,'3 x 50 cm'),(539,1,1,'3 x 55 cm'),(540,2,1,'3 x 55 cm'),(541,1,1,'3 x 60 cm'),(542,2,1,'3 x 60 cm'),(543,1,1,'10 l'),(544,2,1,'10 l'),(545,1,1,'20 l'),(546,2,1,'20 l'),(547,1,1,'40 l'),(548,2,1,'40 l'),(549,1,1,'35-40 cm'),(550,2,1,'35-40 cm'),(551,1,1,'1 x 100-200 cm'),(552,2,1,'1 x 100-200 cm'),(553,1,1,'2 x 100-200 cm'),(554,2,1,'2 x 100-200 cm'),(555,1,1,'2,5 x 100-200 cm'),(556,2,1,'2,5 x 100-200 cm'),(557,1,1,'L/XL'),(558,2,1,'L/XL'),(559,1,1,'28'),(560,2,1,'28'),(561,1,1,'95 x 57 x 46 cm'),(562,2,1,'95 x 57 x 46 cm'),(563,1,1,'118 cm'),(564,2,1,'118 cm'),(565,1,1,'90 x 70 cm'),(566,2,1,'90 x 70 cm'),(567,1,1,'5 m'),(568,2,1,'5 m'),(569,1,1,'175 g'),(570,2,1,'175 g'),(571,1,1,'1,6 x 20-35 cm'),(572,2,1,'1,6 x 20-35 cm'),(573,1,1,'1,6 x 25-40 cm'),(574,2,1,'1,6 x 25-40 cm'),(575,1,1,'1,6 x 30-45 cm'),(576,2,1,'1,6 x 30-45 cm'),(577,1,1,'2 x 35-50 cm'),(578,2,1,'2 x 35-50 cm'),(579,1,1,'2 x 40-55 cm'),(580,2,1,'2 x 40-55 cm'),(581,1,1,'2 x 45-60 cm'),(582,2,1,'2 x 45-60 cm'),(583,1,1,'2,5 x 50-65 cm'),(584,2,1,'2,5 x 50-65 cm'),(585,1,1,'2,5 x 30-40 cm'),(586,2,1,'2,5 x 30-40 cm'),(587,1,1,'2,5 x 35-45 cm'),(588,2,1,'2,5 x 35-45 cm'),(589,1,1,'2,5 x 40-50 cm'),(590,2,1,'2,5 x 40-50 cm'),(591,1,1,'3 x 45-60 cm'),(592,2,1,'3 x 45-60 cm'),(593,1,1,'XS/S'),(594,2,1,'XS/S'),(595,1,1,'49 x 34 cm'),(596,2,1,'49 x 34 cm'),(597,1,1,'60 x 42 cm'),(598,2,1,'60 x 42 cm'),(599,1,1,'70 x 52 cm'),(600,2,1,'70 x 52 cm'),(601,1,1,'81 x 58 cm'),(602,2,1,'81 x 58 cm'),(603,1,1,'91 x 63 cm'),(604,2,1,'91 x 63 cm'),(605,1,1,'102 x 69 cm'),(606,2,1,'102 x 69 cm'),(607,1,1,'74 cm'),(608,2,1,'74 cm'),(609,1,1,'50 ml'),(610,2,1,'50 ml'),(611,1,1,'500 ml'),(612,2,1,'500 ml'),(613,1,1,'380 g'),(614,2,1,'380 g'),(615,1,1,'90 g'),(616,2,1,'90 g'),(617,1,1,'3 x 180 cm'),(618,2,1,'3 x 180 cm'),(619,1,1,'8 cm'),(620,2,1,'8 cm'),(621,1,1,'11 cm'),(622,2,1,'11 cm'),(623,1,1,'100-120 cm'),(624,2,1,'100-120 cm'),(625,1,1,'28 x 4 cm'),(626,2,1,'28 x 4 cm'),(627,1,1,'28 x 6 cm'),(628,2,1,'28 x 6 cm'),(629,1,1,'300 ml'),(630,2,1,'300 ml'),(631,1,1,'1 x 180 cm'),(632,2,1,'1 x 180 cm'),(633,1,1,'23 cm'),(634,2,1,'23 cm'),(635,1,1,'350 ml'),(636,2,1,'350 ml'),(637,1,1,'60 g'),(638,2,1,'60 g'),(639,1,1,'120 g'),(640,2,1,'120 g'),(641,1,1,'18 cm'),(642,2,1,'18 cm'),(643,1,1,'200 g'),(644,2,1,'200 g'),(645,1,1,'XXXXL'),(646,2,1,'XXXXL'),(647,1,1,'Oikea'),(648,2,1,'Oikea'),(649,1,1,'110 cm'),(650,2,1,'110 cm'),(651,1,1,'50-60 cm'),(652,2,1,'50-60 cm'),(653,1,1,'26 cm'),(654,2,1,'26 cm'),(655,1,1,'10'),(656,2,1,'10'),(657,1,1,'4 l'),(658,2,1,'4 l'),(659,1,1,'1,5 x 150 cm'),(660,2,1,'1,5 x 150 cm'),(661,1,1,'2 x 150 cm'),(662,2,1,'2 x 150 cm'),(663,1,1,'2,5 x 150 cm'),(664,2,1,'2,5 x 150 cm'),(665,1,1,'30 tbl'),(666,2,1,'30 tbl'),(667,1,1,'Vanha rosa'),(668,2,1,'Vanha rosa'),(669,1,1,'Mintunvihreä'),(670,2,1,'Mintunvihreä'),(671,1,1,'Violetti'),(672,2,1,'Violetti'),(673,1,1,'2 x 65 cm'),(674,2,1,'2 x 65 cm'),(675,1,1,'400 ml'),(676,2,1,'400 ml'),(677,1,1,'1,5 l'),(678,2,1,'1,5 l'),(679,1,1,'700 ml'),(680,2,1,'700 ml'),(681,1,1,'15 x 6 cm'),(682,2,1,'15 x 6 cm'),(683,1,1,'15 x 8 cm'),(684,2,1,'15 x 8 cm'),(685,1,1,'27 x 6 cm'),(686,2,1,'27 x 6 cm'),(687,1,1,'27 x 8 cm'),(688,2,1,'27 x 8 cm'),(689,1,1,'180 g'),(690,2,1,'180 g'),(691,1,1,'XXXL'),(692,2,1,'XXXL'),(693,1,1,'2 x 25-35 cm'),(694,2,1,'2 x 25-35 cm'),(695,1,1,'2 x 35-45 cm'),(696,2,1,'2 x 35-45 cm'),(697,1,1,'3 x 30-45 cm'),(698,2,1,'3 x 30-45 cm'),(699,1,1,'4 x 35-50 cm'),(700,2,1,'4 x 35-50 cm'),(701,1,1,'4 x 40-55 cm'),(702,2,1,'4 x 40-55 cm'),(703,1,1,'5 x 45-60 cm'),(704,2,1,'5 x 45-60 cm'),(705,1,1,'5 x 50-65 cm'),(706,2,1,'5 x 50-65 cm'),(707,1,1,'3 x 25-40 cm'),(708,2,1,'3 x 25-40 cm'),(709,1,1,'5 x 55-70 cm'),(710,2,1,'5 x 55-70 cm'),(711,1,1,'5 x 60-75 cm'),(712,2,1,'5 x 60-75 cm'),(713,1,1,'5 x 65-80 cm'),(714,2,1,'5 x 65-80 cm'),(715,1,1,'150 ml'),(716,2,1,'150 ml'),(717,1,1,'600 ml'),(718,2,1,'600 ml'),(719,1,1,'2 x 3 m'),(720,2,1,'2 x 3 m'),(721,1,1,'3 x 4 m'),(722,2,1,'3 x 4 m'),(723,1,1,'2,5 x 25-40 cm'),(724,2,1,'2,5 x 25-40 cm'),(725,1,1,'4 x 45-65 cm'),(726,2,1,'4 x 45-65 cm'),(727,1,1,'40M'),(728,2,1,'40M'),(729,1,1,'45M'),(730,2,1,'45M'),(731,1,1,'3,5 cm'),(732,2,1,'3,5 cm'),(733,1,1,'20S'),(734,2,1,'20S'),(735,1,1,'25S'),(736,2,1,'25S'),(737,1,1,'30XS'),(738,2,1,'30XS'),(739,1,1,'30S'),(740,2,1,'30S'),(741,1,1,'30L'),(742,2,1,'30L'),(743,1,1,'45XS'),(744,2,1,'45XS'),(745,1,1,'50M'),(746,2,1,'50M'),(747,1,1,'55M'),(748,2,1,'55M'),(749,1,1,'55L'),(750,2,1,'55L'),(751,1,1,'70M'),(752,2,1,'70M'),(753,1,1,'70L'),(754,2,1,'70L'),(755,1,1,'80M'),(756,2,1,'80M'),(757,1,1,'180 ml'),(758,2,1,'180 ml'),(759,1,1,'21 cm'),(760,2,1,'21 cm'),(761,1,1,'32 cm'),(762,2,1,'32 cm'),(763,1,1,'850 g'),(764,2,1,'850 g'),(765,1,1,'0,6 x 120 cm'),(766,2,1,'0,6 x 120 cm'),(767,1,1,'1 x 120 cm'),(768,2,1,'1 x 120 cm'),(769,1,1,'3,5 kg'),(770,2,1,'3,5 kg'),(771,1,1,'2,5 x 180 cm'),(772,2,1,'2,5 x 180 cm'),(773,1,1,'75 x 50 cm'),(774,2,1,'75 x 50 cm'),(775,1,1,'0,6 x 60 cm'),(776,2,1,'0,6 x 60 cm'),(777,1,1,'1 x 60 cm'),(778,2,1,'1 x 60 cm'),(779,1,1,'95 cm'),(780,2,1,'95 cm'),(781,1,1,'50 tbl'),(782,2,1,'50 tbl'),(783,1,1,'120 tbl'),(784,2,1,'120 tbl'),(785,1,1,'480 tbl'),(786,2,1,'480 tbl'),(787,1,1,'1,8 x 300 cm'),(788,2,1,'1,8 x 300 cm'),(789,1,1,'2,2 x 300 cm'),(790,2,1,'2,2 x 300 cm'),(791,1,1,'40 x 60 cm'),(792,2,1,'40 x 60 cm'),(793,1,1,'60 x 75 cm'),(794,2,1,'60 x 75 cm'),(795,1,1,'60 x 90 cm'),(796,2,1,'60 x 90 cm'),(797,1,1,'1,5 x 30 cm'),(798,2,1,'1,5 x 30 cm'),(799,1,1,'1,5 x 35 cm'),(800,2,1,'1,5 x 35 cm'),(801,1,1,'Vaaleansininen'),(802,2,1,'Vaaleansininen'),(803,1,1,'450 ml'),(804,2,1,'450 ml'),(805,1,1,'140 g'),(806,2,1,'140 g'),(807,1,1,'1,8 x 200 cm'),(808,2,1,'1,8 x 200 cm'),(809,1,1,'1,8 x 250 cm'),(810,2,1,'1,8 x 250 cm'),(811,1,1,'2 x 250 cm'),(812,2,1,'2 x 250 cm'),(813,1,1,'3 m'),(814,2,1,'3 m'),(815,1,1,'61 x 46 x 53 cm'),(816,2,1,'61 x 46 x 53 cm'),(817,1,1,'76 x 53 x 61 cm'),(818,2,1,'76 x 53 x 61 cm'),(819,1,1,'91 x 61 x 71 cm'),(820,2,1,'91 x 61 x 71 cm'),(821,1,1,'107 x 71 x 81 cm'),(822,2,1,'107 x 71 x 81 cm'),(823,1,1,'118 x 76 x 88 cm'),(824,2,1,'118 x 76 x 88 cm'),(825,1,1,'2 x 35 cm'),(826,2,1,'2 x 35 cm'),(827,1,1,'2 x 45 cm'),(828,2,1,'2 x 45 cm'),(829,1,1,'600 g '),(830,2,1,'600 g '),(831,1,1,'Monivärinen'),(832,2,1,'Monivärinen'),(833,1,1,'60 x 45 cm'),(834,2,1,'60 x 45 cm'),(835,1,1,'81 cm'),(836,2,1,'81 cm'),(837,1,1,'30M'),(838,2,1,'30M'),(839,1,1,'35S'),(840,2,1,'35S'),(841,1,1,'35M'),(842,2,1,'35M'),(843,1,1,'40XS'),(844,2,1,'40XS'),(845,1,1,'60M'),(846,2,1,'60M'),(847,1,1,'44 cm'),(848,2,1,'44 cm'),(849,1,1,'125 ml'),(850,2,1,'125 ml'),(851,1,1,'60-70 cm'),(852,2,1,'60-70 cm'),(853,1,1,'3 x 40 cm'),(854,2,1,'3 x 40 cm'),(855,1,1,'3 x 45 cm'),(856,2,1,'3 x 45 cm'),(857,1,1,'Spaniel'),(858,2,1,'Spaniel'),(859,1,1,'13 cm'),(860,2,1,'13 cm'),(861,1,1,'2 m'),(862,2,1,'2 m'),(863,1,1,'4 m'),(864,2,1,'4 m'),(865,1,1,'150 cm'),(866,2,1,'150 cm'),(867,1,1,'61 x 76 cm'),(868,2,1,'61 x 76 cm'),(869,1,1,'61 x 97 cm'),(870,2,1,'61 x 97 cm'),(871,1,1,'55-60 cm'),(872,2,1,'55-60 cm'),(873,1,1,'6,5 kg'),(874,2,1,'6,5 kg'),(875,1,1,'1 x 40 cm'),(876,2,1,'1 x 40 cm'),(877,1,1,'1 x 45 cm'),(878,2,1,'1 x 45 cm'),(879,1,1,'1 x 50 cm'),(880,2,1,'1 x 50 cm'),(881,1,1,'1,5 x 55 cm'),(882,2,1,'1,5 x 55 cm'),(883,1,1,'1,5 x 60 cm'),(884,2,1,'1,5 x 60 cm'),(885,1,1,'1,5 x 65 cm'),(886,2,1,'1,5 x 65 cm'),(887,1,1,'1,5 x 70 cm'),(888,2,1,'1,5 x 70 cm'),(889,1,1,'1,5 x 75 cm'),(890,2,1,'1,5 x 75 cm'),(891,1,1,'4,25 kg'),(892,2,1,'4,25 kg'),(893,1,1,'15 x 76 cm'),(894,2,1,'15 x 76 cm'),(895,1,1,'15 x 104 cm'),(896,2,1,'15 x 104 cm'),(897,1,1,'1,8 x 180 cm'),(898,2,1,'1,8 x 180 cm'),(899,1,1,'2,2 x 180 cm'),(900,2,1,'2,2 x 180 cm'),(901,1,1,'38 cm'),(902,2,1,'38 cm'),(903,1,1,'63 cm'),(904,2,1,'63 cm'),(905,1,1,'1,3 x 180 cm'),(906,2,1,'1,3 x 180 cm'),(907,1,1,'1 x 200 cm'),(908,2,1,'1 x 200 cm'),(909,1,1,'420 g'),(910,2,1,'420 g'),(911,1,1,'Normaali'),(912,2,1,'Normaali'),(913,1,1,'Tiheä'),(914,2,1,'Tiheä'),(915,1,1,'Harva'),(916,2,1,'Harva'),(917,1,1,'Varreton'),(918,2,1,'Varreton'),(919,1,1,'Kaksipuoleinen'),(920,2,1,'Kaksipuoleinen'),(921,1,1,'12 x 85 g'),(922,2,1,'12 x 85 g'),(923,1,1,'50 x 40 cm'),(924,2,1,'50 x 40 cm'),(925,1,1,'195 g'),(926,2,1,'195 g'),(927,1,1,'12 x 195 g'),(928,2,1,'12 x 195 g'),(929,1,1,'1 m'),(930,2,1,'1 m'),(931,1,1,'7 m'),(932,2,1,'7 m'),(933,1,1,'150 g'),(934,2,1,'150 g'),(935,1,1,'650 g'),(936,2,1,'650 g'),(937,1,1,'950 g'),(938,2,1,'950 g'),(939,1,1,'3 x 50-80 cm'),(940,2,1,'3 x 50-80 cm'),(941,1,1,'12,5 cm'),(942,2,1,'12,5 cm'),(943,1,1,'280 ml'),(944,2,1,'280 ml'),(945,1,1,'75 ml'),(946,2,1,'75 ml'),(947,1,1,'320 ml'),(948,2,1,'320 ml'),(949,1,1,'3,2 kg'),(950,2,1,'3,2 kg'),(951,1,1,'11,5 kg'),(952,2,1,'11,5 kg'),(953,1,1,'945 ml'),(954,2,1,'945 ml'),(955,1,1,'45 g'),(956,2,1,'45 g'),(957,1,1,'1 x 300 cm'),(958,2,1,'1 x 300 cm'),(959,1,1,'2 x 300 cm'),(960,2,1,'2 x 300 cm'),(961,1,1,'72 x 41 x 51 cm'),(962,2,1,'72 x 41 x 51 cm'),(963,1,1,'82 x 51 x 61 cm'),(964,2,1,'82 x 51 x 61 cm'),(965,1,1,'100 x 60 x 66 cm'),(966,2,1,'100 x 60 x 66 cm'),(967,1,1,'100 x 80 x 70 cm'),(968,2,1,'100 x 80 x 70 cm'),(969,1,1,'2 mm'),(970,2,1,'2 mm'),(971,1,1,'4 mm'),(972,2,1,'4 mm'),(973,1,1,'8 mm'),(974,2,1,'8 mm'),(975,1,1,'14 mm'),(976,2,1,'14 mm'),(977,1,1,'18 mm'),(978,2,1,'18 mm'),(979,1,1,'32 mm'),(980,2,1,'32 mm'),(981,1,1,'72 tbl'),(982,2,1,'72 tbl'),(983,1,1,'360 tbl'),(984,2,1,'360 tbl'),(985,1,1,'22 cm'),(986,2,1,'22 cm'),(987,1,1,'46 cm'),(988,2,1,'46 cm'),(989,1,1,'7,6 l'),(990,2,1,'7,6 l'),(991,1,1,'Vasen'),(992,2,1,'Vasen'),(993,1,1,'10 mm'),(994,2,1,'10 mm'),(995,1,1,'9'),(996,2,1,'9'),(31,3,1,'Малый_2'),(45,3,2,'Checkbox 4'),(44,3,2,'Checkbox 3'),(42,3,5,'Yellow'),(41,3,5,'Green'),(39,3,5,'Red'),(40,3,5,'Blue'),(23,3,2,'Checkbox 1'),(24,3,2,'Checkbox 2'),(48,3,11,'Large'),(47,3,11,'Medium'),(46,3,11,'Small'),(32,3,1,'Малый_1'),(43,3,1,'Малый_3'),(49,3,1,'1,5 kg'),(51,3,1,'3 kg'),(53,3,1,'8 kg'),(55,3,1,'2 kg'),(57,3,1,'10 kg'),(59,3,1,'11,4 kg'),(61,3,1,'17 kg'),(63,3,1,'5 cm'),(65,3,1,'6 cm'),(67,3,1,'7 cm'),(69,3,1,'0-5 kg'),(71,3,1,'5-10 kg'),(73,3,1,'10-20kg'),(75,3,1,'20-40 kg'),(77,3,1,'40-80kg'),(79,3,1,'7,5 kg'),(81,3,1,'S'),(83,3,1,'M'),(85,3,1,'L'),(87,3,1,'XL'),(89,3,1,'Sininen'),(91,3,1,'Vihreä'),(93,3,1,'Pinkki'),(95,3,1,'2,5 kg'),(97,3,1,'13 kg'),(99,3,1,'M/L'),(101,3,1,'12 kg'),(103,3,1,'60 cm'),(105,3,1,'90 cm'),(107,3,1,'4 kg'),(109,3,1,'15 kg'),(111,3,1,'250 g'),(113,3,1,'1 kg'),(115,3,1,'20 cm'),(117,3,1,'25 cm'),(119,3,1,'30 cm'),(121,3,1,'35 cm'),(123,3,1,'40 cm'),(125,3,1,'90 x 60 cm'),(127,3,1,'105 x 70 cm'),(129,3,1,'1,25 kg'),(131,3,1,'3,25 kg'),(133,3,1,'14 kg'),(135,3,1,'1,75 kg'),(137,3,1,'2,2 x 30 cm'),(139,3,1,'2,2 x 35 cm'),(141,3,1,'2,5 x 40 cm'),(143,3,1,'7 kg'),(145,3,1,'33 cm'),(147,3,1,'66 cm'),(149,3,1,'25-35 cm'),(151,3,1,'35-45 cm'),(153,3,1,'40-50 cm'),(155,3,1,'45-55 cm'),(157,3,1,'400 g'),(159,3,1,'300 g'),(161,3,1,'6 kg'),(163,3,1,'100 g'),(165,3,1,'Musta'),(167,3,1,'Ruskea'),(169,3,1,'Punainen'),(171,3,1,'Turkoosi'),(173,3,1,'24 cm'),(175,3,1,'27 cm'),(177,3,1,'36 cm'),(179,3,1,'42 cm'),(181,3,1,'45 cm'),(183,3,1,'50 cm'),(185,3,1,'55 cm'),(187,3,1,'65 cm'),(189,3,1,'70 cm'),(191,3,1,'75 cm'),(193,3,1,'XS'),(195,3,1,'340 g'),(197,3,1,'1,8 kg'),(199,3,1,'5,4 kg'),(201,3,1,'8,5 kg'),(203,3,1,'30-40 cm'),(205,3,1,'55-65 cm'),(207,3,1,'1,5 x 40 cm'),(209,3,1,'1,5 x 45 cm'),(211,3,1,'1,8 x 50 cm'),(213,3,1,'1,8 x 55cm'),(215,3,1,'2,4 x 60 cm'),(217,3,1,'2,4 x 65 cm'),(219,3,1,'5 x 30 cm'),(221,3,1,'5 x 35 cm'),(223,3,1,'5 x 40 cm'),(225,3,1,'5 x 45 cm'),(227,3,1,'0,6  x 180 cm'),(229,3,1,'0,8 x 180 cm'),(231,3,1,'1,1 x 180 cm'),(233,3,1,'1'),(235,3,1,'2'),(237,3,1,'3'),(239,3,1,'4'),(241,3,1,'5'),(243,3,1,'6'),(245,3,1,'7'),(247,3,1,'10 cm'),(249,3,1,'12 cm'),(251,3,1,'2,3 kg'),(253,3,1,'250 ml'),(255,3,1,'3,8 l'),(257,3,1,'60 x 40 cm'),(259,3,1,'80 x 50 cm'),(261,3,1,'3,5 x 40 cm'),(263,3,1,'3,5 x 45 cm'),(265,3,1,'3,5 x 50 cm'),(267,3,1,'5 x 70 cm'),(269,3,1,'58 cm'),(271,3,1,'XXL'),(273,3,1,'40-45 cm'),(275,3,1,'45-60 cm'),(277,3,1,'60-80 cm'),(279,3,1,'80-100 cm'),(281,3,1,'350 g'),(283,3,1,'60 x 50 cm'),(285,3,1,'75 x 60 cm'),(287,3,1,'Vaaleanpunainen'),(289,3,1,'Harmaa'),(291,3,1,'5 kg'),(293,3,1,'12,5 kg'),(295,3,1,'1,5 x 200 cm'),(297,3,1,'2 x 200 cm'),(299,3,1,'2,5 x 200 cm'),(301,3,1,'500 g'),(303,3,1,'9 kg'),(305,3,1,'7,5 cm'),(307,3,1,'15 cm'),(309,3,1,'355 ml'),(311,3,1,'80 cm'),(313,3,1,'100 cm'),(315,3,1,'120 cm'),(317,3,1,'30'),(319,3,1,'40'),(321,3,1,'50'),(323,3,1,'65'),(325,3,1,'25M'),(327,3,1,'35'),(329,3,1,'45'),(331,3,1,'55'),(333,3,1,'60'),(335,3,1,'800 g'),(337,3,1,'11 kg'),(339,3,1,'1,5 x 20-30 cm'),(341,3,1,'2 x 30-40 cm'),(343,3,1,'2,5 x 30-50 cm'),(345,3,1,'3 x 45-70 cm'),(347,3,1,'1,5 x 180 cm'),(349,3,1,'2 x 180 cm'),(351,3,1,'1,5'),(353,3,1,'2,5'),(355,3,1,'XXS'),(357,3,1,'Oranssi'),(359,3,1,'70 x 50 cm'),(361,3,1,'100 x 70 cm'),(363,3,1,'70'),(365,3,1,'80'),(367,3,1,'100'),(369,3,1,'90'),(371,3,1,'100 ml'),(373,3,1,'1 l'),(375,3,1,'2,5 x 30-45 cm'),(377,3,1,'3 x 35-55 cm'),(379,3,1,'3,5 x 45-65 cm'),(381,3,1,'375 g'),(383,3,1,'0,8 x 120 cm'),(385,3,1,'1,1 x 120 cm'),(387,3,1,'85 cm'),(389,3,1,'80 g'),(391,3,1,'10 m'),(393,3,1,'15 m'),(395,3,1,'20-30 cm'),(397,3,1,'30-50 cm'),(399,3,1,'45-70 cm'),(401,3,1,'25-40 cm'),(403,3,1,'35-50 cm'),(405,3,1,'Lila'),(407,3,1,'15 mm'),(409,3,1,'25 mm'),(411,3,1,'750 ml'),(413,3,1,'240 ml'),(415,3,1,'470 ml'),(417,3,1,'950 ml'),(419,3,1,'1,9 l'),(421,3,1,'2,8 l'),(423,3,1,'4,7 l'),(425,3,1,'9,4 l'),(427,3,1,'Beige'),(429,3,1,'Valkoinen'),(431,3,1,'70 g'),(433,3,1,'156 g'),(435,3,1,'1 x 91 cm'),(437,3,1,'0,5 x 122 cm'),(439,3,1,'Vaaleanruskea'),(441,3,1,'5 l'),(443,3,1,'750 g'),(445,3,1,'Keltainen'),(447,3,1,'20-35 cm'),(449,3,1,'30-45 cm'),(451,3,1,'40-55 cm'),(453,3,1,'50-65 cm'),(455,3,1,'55-70 cm'),(457,3,1,'28 cm'),(459,3,1,'31 cm'),(461,3,1,'34 cm'),(463,3,1,'37 cm'),(465,3,1,'41 cm'),(467,3,1,'14'),(469,3,1,'56'),(471,3,1,'XXXS'),(473,3,1,'17 cm'),(475,3,1,'200 ml'),(477,3,1,'900 ml'),(479,3,1,'8'),(481,3,1,'11'),(483,3,1,'4 x 55 cm'),(485,3,1,'4 x 60 cm'),(487,3,1,'S/M'),(489,3,1,'3 x 40-55 cm'),(491,3,1,'4 x 45-60 cm'),(493,3,1,'4 x 50-65 cm'),(495,3,1,'4 x 55-70 cm'),(497,3,1,'11,5 cm'),(499,3,1,'14 cm'),(501,3,1,'16 cm'),(503,3,1,'190 g'),(505,3,1,'370 g'),(507,3,1,'Limen vihreä'),(509,3,1,'275 ml'),(511,3,1,'3 x 35 cm'),(513,3,1,'3,5 x 55 cm'),(515,3,1,'3,5 x 60 cm'),(517,3,1,'3,5 x 65 cm'),(519,3,1,'15'),(521,3,1,'3 x 30 cm'),(523,3,1,'50 g'),(525,3,1,'80 x 55 cm'),(527,3,1,'90 x 65 cm'),(529,3,1,'120 x 75 cm'),(531,3,1,'0,8 x 150 cm'),(533,3,1,'1,1 x 150 cm'),(535,3,1,'2,5 x 45 cm'),(537,3,1,'3 x 50 cm'),(539,3,1,'3 x 55 cm'),(541,3,1,'3 x 60 cm'),(543,3,1,'10 l'),(545,3,1,'20 l'),(547,3,1,'40 l'),(549,3,1,'35-40 cm'),(551,3,1,'1 x 100-200 cm'),(553,3,1,'2 x 100-200 cm'),(555,3,1,'2,5 x 100-200 cm'),(557,3,1,'L/XL'),(559,3,1,'28'),(561,3,1,'95 x 57 x 46 cm'),(563,3,1,'118 cm'),(565,3,1,'90 x 70 cm'),(567,3,1,'5 m'),(569,3,1,'175 g'),(571,3,1,'1,6 x 20-35 cm'),(573,3,1,'1,6 x 25-40 cm'),(575,3,1,'1,6 x 30-45 cm'),(577,3,1,'2 x 35-50 cm'),(579,3,1,'2 x 40-55 cm'),(581,3,1,'2 x 45-60 cm'),(583,3,1,'2,5 x 50-65 cm'),(585,3,1,'2,5 x 30-40 cm'),(587,3,1,'2,5 x 35-45 cm'),(589,3,1,'2,5 x 40-50 cm'),(591,3,1,'3 x 45-60 cm'),(593,3,1,'XS/S'),(595,3,1,'49 x 34 cm'),(597,3,1,'60 x 42 cm'),(599,3,1,'70 x 52 cm'),(601,3,1,'81 x 58 cm'),(603,3,1,'91 x 63 cm'),(605,3,1,'102 x 69 cm'),(607,3,1,'74 cm'),(609,3,1,'50 ml'),(611,3,1,'500 ml'),(613,3,1,'380 g'),(615,3,1,'90 g'),(617,3,1,'3 x 180 cm'),(619,3,1,'8 cm'),(621,3,1,'11 cm'),(623,3,1,'100-120 cm'),(625,3,1,'28 x 4 cm'),(627,3,1,'28 x 6 cm'),(629,3,1,'300 ml'),(631,3,1,'1 x 180 cm'),(633,3,1,'23 cm'),(635,3,1,'350 ml'),(637,3,1,'60 g'),(639,3,1,'120 g'),(641,3,1,'18 cm'),(643,3,1,'200 g'),(645,3,1,'XXXXL'),(647,3,1,'Oikea'),(649,3,1,'110 cm'),(651,3,1,'50-60 cm'),(653,3,1,'26 cm'),(655,3,1,'10'),(657,3,1,'4 l'),(659,3,1,'1,5 x 150 cm'),(661,3,1,'2 x 150 cm'),(663,3,1,'2,5 x 150 cm'),(665,3,1,'30 tbl'),(667,3,1,'Vanha rosa'),(669,3,1,'Mintunvihreä'),(671,3,1,'Violetti'),(673,3,1,'2 x 65 cm'),(675,3,1,'400 ml'),(677,3,1,'1,5 l'),(679,3,1,'700 ml'),(681,3,1,'15 x 6 cm'),(683,3,1,'15 x 8 cm'),(685,3,1,'27 x 6 cm'),(687,3,1,'27 x 8 cm'),(689,3,1,'180 g'),(691,3,1,'XXXL'),(693,3,1,'2 x 25-35 cm'),(695,3,1,'2 x 35-45 cm'),(697,3,1,'3 x 30-45 cm'),(699,3,1,'4 x 35-50 cm'),(701,3,1,'4 x 40-55 cm'),(703,3,1,'5 x 45-60 cm'),(705,3,1,'5 x 50-65 cm'),(707,3,1,'3 x 25-40 cm'),(709,3,1,'5 x 55-70 cm'),(711,3,1,'5 x 60-75 cm'),(713,3,1,'5 x 65-80 cm'),(715,3,1,'150 ml'),(717,3,1,'600 ml'),(719,3,1,'2 x 3 m'),(721,3,1,'3 x 4 m'),(723,3,1,'2,5 x 25-40 cm'),(725,3,1,'4 x 45-65 cm'),(727,3,1,'40M'),(729,3,1,'45M'),(731,3,1,'3,5 cm'),(733,3,1,'20S'),(735,3,1,'25S'),(737,3,1,'30XS'),(739,3,1,'30S'),(741,3,1,'30L'),(743,3,1,'45XS'),(745,3,1,'50M'),(747,3,1,'55M'),(749,3,1,'55L'),(751,3,1,'70M'),(753,3,1,'70L'),(755,3,1,'80M'),(757,3,1,'180 ml'),(759,3,1,'21 cm'),(761,3,1,'32 cm'),(763,3,1,'850 g'),(765,3,1,'0,6 x 120 cm'),(767,3,1,'1 x 120 cm'),(769,3,1,'3,5 kg'),(771,3,1,'2,5 x 180 cm'),(773,3,1,'75 x 50 cm'),(775,3,1,'0,6 x 60 cm'),(777,3,1,'1 x 60 cm'),(779,3,1,'95 cm'),(781,3,1,'50 tbl'),(783,3,1,'120 tbl'),(785,3,1,'480 tbl'),(787,3,1,'1,8 x 300 cm'),(789,3,1,'2,2 x 300 cm'),(791,3,1,'40 x 60 cm'),(793,3,1,'60 x 75 cm'),(795,3,1,'60 x 90 cm'),(797,3,1,'1,5 x 30 cm'),(799,3,1,'1,5 x 35 cm'),(801,3,1,'Vaaleansininen'),(803,3,1,'450 ml'),(805,3,1,'140 g'),(807,3,1,'1,8 x 200 cm'),(809,3,1,'1,8 x 250 cm'),(811,3,1,'2 x 250 cm'),(813,3,1,'3 m'),(815,3,1,'61 x 46 x 53 cm'),(817,3,1,'76 x 53 x 61 cm'),(819,3,1,'91 x 61 x 71 cm'),(821,3,1,'107 x 71 x 81 cm'),(823,3,1,'118 x 76 x 88 cm'),(825,3,1,'2 x 35 cm'),(827,3,1,'2 x 45 cm'),(829,3,1,'600 g '),(831,3,1,'Monivärinen'),(833,3,1,'60 x 45 cm'),(835,3,1,'81 cm'),(837,3,1,'30M'),(839,3,1,'35S'),(841,3,1,'35M'),(843,3,1,'40XS'),(845,3,1,'60M'),(847,3,1,'44 cm'),(849,3,1,'125 ml'),(851,3,1,'60-70 cm'),(853,3,1,'3 x 40 cm'),(855,3,1,'3 x 45 cm'),(857,3,1,'Spaniel'),(859,3,1,'13 cm'),(861,3,1,'2 m'),(863,3,1,'4 m'),(865,3,1,'150 cm'),(867,3,1,'61 x 76 cm'),(869,3,1,'61 x 97 cm'),(871,3,1,'55-60 cm'),(873,3,1,'6,5 kg'),(875,3,1,'1 x 40 cm'),(877,3,1,'1 x 45 cm'),(879,3,1,'1 x 50 cm'),(881,3,1,'1,5 x 55 cm'),(883,3,1,'1,5 x 60 cm'),(885,3,1,'1,5 x 65 cm'),(887,3,1,'1,5 x 70 cm'),(889,3,1,'1,5 x 75 cm'),(891,3,1,'4,25 kg'),(893,3,1,'15 x 76 cm'),(895,3,1,'15 x 104 cm'),(897,3,1,'1,8 x 180 cm'),(899,3,1,'2,2 x 180 cm'),(901,3,1,'38 cm'),(903,3,1,'63 cm'),(905,3,1,'1,3 x 180 cm'),(907,3,1,'1 x 200 cm'),(909,3,1,'420 g'),(911,3,1,'Normaali'),(913,3,1,'Tiheä'),(915,3,1,'Harva'),(917,3,1,'Varreton'),(919,3,1,'Kaksipuoleinen'),(921,3,1,'12 x 85 g'),(923,3,1,'50 x 40 cm'),(925,3,1,'195 g'),(927,3,1,'12 x 195 g'),(929,3,1,'1 m'),(931,3,1,'7 m'),(933,3,1,'150 g'),(935,3,1,'650 g'),(937,3,1,'950 g'),(939,3,1,'3 x 50-80 cm'),(941,3,1,'12,5 cm'),(943,3,1,'280 ml'),(945,3,1,'75 ml'),(947,3,1,'320 ml'),(949,3,1,'3,2 kg'),(951,3,1,'11,5 kg'),(953,3,1,'945 ml'),(955,3,1,'45 g'),(957,3,1,'1 x 300 cm'),(959,3,1,'2 x 300 cm'),(961,3,1,'72 x 41 x 51 cm'),(963,3,1,'82 x 51 x 61 cm'),(965,3,1,'100 x 60 x 66 cm'),(967,3,1,'100 x 80 x 70 cm'),(969,3,1,'2 mm'),(971,3,1,'4 mm'),(973,3,1,'8 mm'),(975,3,1,'14 mm'),(977,3,1,'18 mm'),(979,3,1,'32 mm'),(981,3,1,'72 tbl'),(983,3,1,'360 tbl'),(985,3,1,'22 cm'),(987,3,1,'46 cm'),(989,3,1,'7,6 l'),(991,3,1,'Vasen'),(993,3,1,'10 mm'),(995,3,1,'9'),(31,4,1,'Малый_2'),(45,4,2,'Checkbox 4'),(44,4,2,'Checkbox 3'),(42,4,5,'Yellow'),(41,4,5,'Green'),(39,4,5,'Red'),(40,4,5,'Blue'),(23,4,2,'Checkbox 1'),(24,4,2,'Checkbox 2'),(48,4,11,'Large'),(47,4,11,'Medium'),(46,4,11,'Small'),(32,4,1,'Малый_1'),(43,4,1,'Малый_3'),(49,4,1,'1,5 kg'),(51,4,1,'3 kg'),(53,4,1,'8 kg'),(55,4,1,'2 kg'),(57,4,1,'10 kg'),(59,4,1,'11,4 kg'),(61,4,1,'17 kg'),(63,4,1,'5 cm'),(65,4,1,'6 cm'),(67,4,1,'7 cm'),(69,4,1,'0-5 kg'),(71,4,1,'5-10 kg'),(73,4,1,'10-20kg'),(75,4,1,'20-40 kg'),(77,4,1,'40-80kg'),(79,4,1,'7,5 kg'),(81,4,1,'S'),(83,4,1,'M'),(85,4,1,'L'),(87,4,1,'XL'),(89,4,1,'Sininen'),(91,4,1,'Vihreä'),(93,4,1,'Pinkki'),(95,4,1,'2,5 kg'),(97,4,1,'13 kg'),(99,4,1,'M/L'),(101,4,1,'12 kg'),(103,4,1,'60 cm'),(105,4,1,'90 cm'),(107,4,1,'4 kg'),(109,4,1,'15 kg'),(111,4,1,'250 g'),(113,4,1,'1 kg'),(115,4,1,'20 cm'),(117,4,1,'25 cm'),(119,4,1,'30 cm'),(121,4,1,'35 cm'),(123,4,1,'40 cm'),(125,4,1,'90 x 60 cm'),(127,4,1,'105 x 70 cm'),(129,4,1,'1,25 kg'),(131,4,1,'3,25 kg'),(133,4,1,'14 kg'),(135,4,1,'1,75 kg'),(137,4,1,'2,2 x 30 cm'),(139,4,1,'2,2 x 35 cm'),(141,4,1,'2,5 x 40 cm'),(143,4,1,'7 kg'),(145,4,1,'33 cm'),(147,4,1,'66 cm'),(149,4,1,'25-35 cm'),(151,4,1,'35-45 cm'),(153,4,1,'40-50 cm'),(155,4,1,'45-55 cm'),(157,4,1,'400 g'),(159,4,1,'300 g'),(161,4,1,'6 kg'),(163,4,1,'100 g'),(165,4,1,'Musta'),(167,4,1,'Ruskea'),(169,4,1,'Punainen'),(171,4,1,'Turkoosi'),(173,4,1,'24 cm'),(175,4,1,'27 cm'),(177,4,1,'36 cm'),(179,4,1,'42 cm'),(181,4,1,'45 cm'),(183,4,1,'50 cm'),(185,4,1,'55 cm'),(187,4,1,'65 cm'),(189,4,1,'70 cm'),(191,4,1,'75 cm'),(193,4,1,'XS'),(195,4,1,'340 g'),(197,4,1,'1,8 kg'),(199,4,1,'5,4 kg'),(201,4,1,'8,5 kg'),(203,4,1,'30-40 cm'),(205,4,1,'55-65 cm'),(207,4,1,'1,5 x 40 cm'),(209,4,1,'1,5 x 45 cm'),(211,4,1,'1,8 x 50 cm'),(213,4,1,'1,8 x 55cm'),(215,4,1,'2,4 x 60 cm'),(217,4,1,'2,4 x 65 cm'),(219,4,1,'5 x 30 cm'),(221,4,1,'5 x 35 cm'),(223,4,1,'5 x 40 cm'),(225,4,1,'5 x 45 cm'),(227,4,1,'0,6  x 180 cm'),(229,4,1,'0,8 x 180 cm'),(231,4,1,'1,1 x 180 cm'),(233,4,1,'1'),(235,4,1,'2'),(237,4,1,'3'),(239,4,1,'4'),(241,4,1,'5'),(243,4,1,'6'),(245,4,1,'7'),(247,4,1,'10 cm'),(249,4,1,'12 cm'),(251,4,1,'2,3 kg'),(253,4,1,'250 ml'),(255,4,1,'3,8 l'),(257,4,1,'60 x 40 cm'),(259,4,1,'80 x 50 cm'),(261,4,1,'3,5 x 40 cm'),(263,4,1,'3,5 x 45 cm'),(265,4,1,'3,5 x 50 cm'),(267,4,1,'5 x 70 cm'),(269,4,1,'58 cm'),(271,4,1,'XXL'),(273,4,1,'40-45 cm'),(275,4,1,'45-60 cm'),(277,4,1,'60-80 cm'),(279,4,1,'80-100 cm'),(281,4,1,'350 g'),(283,4,1,'60 x 50 cm'),(285,4,1,'75 x 60 cm'),(287,4,1,'Vaaleanpunainen'),(289,4,1,'Harmaa'),(291,4,1,'5 kg'),(293,4,1,'12,5 kg'),(295,4,1,'1,5 x 200 cm'),(297,4,1,'2 x 200 cm'),(299,4,1,'2,5 x 200 cm'),(301,4,1,'500 g'),(303,4,1,'9 kg'),(305,4,1,'7,5 cm'),(307,4,1,'15 cm'),(309,4,1,'355 ml'),(311,4,1,'80 cm'),(313,4,1,'100 cm'),(315,4,1,'120 cm'),(317,4,1,'30'),(319,4,1,'40'),(321,4,1,'50'),(323,4,1,'65'),(325,4,1,'25M'),(327,4,1,'35'),(329,4,1,'45'),(331,4,1,'55'),(333,4,1,'60'),(335,4,1,'800 g'),(337,4,1,'11 kg'),(339,4,1,'1,5 x 20-30 cm'),(341,4,1,'2 x 30-40 cm'),(343,4,1,'2,5 x 30-50 cm'),(345,4,1,'3 x 45-70 cm'),(347,4,1,'1,5 x 180 cm'),(349,4,1,'2 x 180 cm'),(351,4,1,'1,5'),(353,4,1,'2,5'),(355,4,1,'XXS'),(357,4,1,'Oranssi'),(359,4,1,'70 x 50 cm'),(361,4,1,'100 x 70 cm'),(363,4,1,'70'),(365,4,1,'80'),(367,4,1,'100'),(369,4,1,'90'),(371,4,1,'100 ml'),(373,4,1,'1 l'),(375,4,1,'2,5 x 30-45 cm'),(377,4,1,'3 x 35-55 cm'),(379,4,1,'3,5 x 45-65 cm'),(381,4,1,'375 g'),(383,4,1,'0,8 x 120 cm'),(385,4,1,'1,1 x 120 cm'),(387,4,1,'85 cm'),(389,4,1,'80 g'),(391,4,1,'10 m'),(393,4,1,'15 m'),(395,4,1,'20-30 cm'),(397,4,1,'30-50 cm'),(399,4,1,'45-70 cm'),(401,4,1,'25-40 cm'),(403,4,1,'35-50 cm'),(405,4,1,'Lila'),(407,4,1,'15 mm'),(409,4,1,'25 mm'),(411,4,1,'750 ml'),(413,4,1,'240 ml'),(415,4,1,'470 ml'),(417,4,1,'950 ml'),(419,4,1,'1,9 l'),(421,4,1,'2,8 l'),(423,4,1,'4,7 l'),(425,4,1,'9,4 l'),(427,4,1,'Beige'),(429,4,1,'Valkoinen'),(431,4,1,'70 g'),(433,4,1,'156 g'),(435,4,1,'1 x 91 cm'),(437,4,1,'0,5 x 122 cm'),(439,4,1,'Vaaleanruskea'),(441,4,1,'5 l'),(443,4,1,'750 g'),(445,4,1,'Keltainen'),(447,4,1,'20-35 cm'),(449,4,1,'30-45 cm'),(451,4,1,'40-55 cm'),(453,4,1,'50-65 cm'),(455,4,1,'55-70 cm'),(457,4,1,'28 cm'),(459,4,1,'31 cm'),(461,4,1,'34 cm'),(463,4,1,'37 cm'),(465,4,1,'41 cm'),(467,4,1,'14'),(469,4,1,'56'),(471,4,1,'XXXS'),(473,4,1,'17 cm'),(475,4,1,'200 ml'),(477,4,1,'900 ml'),(479,4,1,'8'),(481,4,1,'11'),(483,4,1,'4 x 55 cm'),(485,4,1,'4 x 60 cm'),(487,4,1,'S/M'),(489,4,1,'3 x 40-55 cm'),(491,4,1,'4 x 45-60 cm'),(493,4,1,'4 x 50-65 cm'),(495,4,1,'4 x 55-70 cm'),(497,4,1,'11,5 cm'),(499,4,1,'14 cm'),(501,4,1,'16 cm'),(503,4,1,'190 g'),(505,4,1,'370 g'),(507,4,1,'Limen vihreä'),(509,4,1,'275 ml'),(511,4,1,'3 x 35 cm'),(513,4,1,'3,5 x 55 cm'),(515,4,1,'3,5 x 60 cm'),(517,4,1,'3,5 x 65 cm'),(519,4,1,'15'),(521,4,1,'3 x 30 cm'),(523,4,1,'50 g'),(525,4,1,'80 x 55 cm'),(527,4,1,'90 x 65 cm'),(529,4,1,'120 x 75 cm'),(531,4,1,'0,8 x 150 cm'),(533,4,1,'1,1 x 150 cm'),(535,4,1,'2,5 x 45 cm'),(537,4,1,'3 x 50 cm'),(539,4,1,'3 x 55 cm'),(541,4,1,'3 x 60 cm'),(543,4,1,'10 l'),(545,4,1,'20 l'),(547,4,1,'40 l'),(549,4,1,'35-40 cm'),(551,4,1,'1 x 100-200 cm'),(553,4,1,'2 x 100-200 cm'),(555,4,1,'2,5 x 100-200 cm'),(557,4,1,'L/XL'),(559,4,1,'28'),(561,4,1,'95 x 57 x 46 cm'),(563,4,1,'118 cm'),(565,4,1,'90 x 70 cm'),(567,4,1,'5 m'),(569,4,1,'175 g'),(571,4,1,'1,6 x 20-35 cm'),(573,4,1,'1,6 x 25-40 cm'),(575,4,1,'1,6 x 30-45 cm'),(577,4,1,'2 x 35-50 cm'),(579,4,1,'2 x 40-55 cm'),(581,4,1,'2 x 45-60 cm'),(583,4,1,'2,5 x 50-65 cm'),(585,4,1,'2,5 x 30-40 cm'),(587,4,1,'2,5 x 35-45 cm'),(589,4,1,'2,5 x 40-50 cm'),(591,4,1,'3 x 45-60 cm'),(593,4,1,'XS/S'),(595,4,1,'49 x 34 cm'),(597,4,1,'60 x 42 cm'),(599,4,1,'70 x 52 cm'),(601,4,1,'81 x 58 cm'),(603,4,1,'91 x 63 cm'),(605,4,1,'102 x 69 cm'),(607,4,1,'74 cm'),(609,4,1,'50 ml'),(611,4,1,'500 ml'),(613,4,1,'380 g'),(615,4,1,'90 g'),(617,4,1,'3 x 180 cm'),(619,4,1,'8 cm'),(621,4,1,'11 cm'),(623,4,1,'100-120 cm'),(625,4,1,'28 x 4 cm'),(627,4,1,'28 x 6 cm'),(629,4,1,'300 ml'),(631,4,1,'1 x 180 cm'),(633,4,1,'23 cm'),(635,4,1,'350 ml'),(637,4,1,'60 g'),(639,4,1,'120 g'),(641,4,1,'18 cm'),(643,4,1,'200 g'),(645,4,1,'XXXXL'),(647,4,1,'Oikea'),(649,4,1,'110 cm'),(651,4,1,'50-60 cm'),(653,4,1,'26 cm'),(655,4,1,'10'),(657,4,1,'4 l'),(659,4,1,'1,5 x 150 cm'),(661,4,1,'2 x 150 cm'),(663,4,1,'2,5 x 150 cm'),(665,4,1,'30 tbl'),(667,4,1,'Vanha rosa'),(669,4,1,'Mintunvihreä'),(671,4,1,'Violetti'),(673,4,1,'2 x 65 cm'),(675,4,1,'400 ml'),(677,4,1,'1,5 l'),(679,4,1,'700 ml'),(681,4,1,'15 x 6 cm'),(683,4,1,'15 x 8 cm'),(685,4,1,'27 x 6 cm'),(687,4,1,'27 x 8 cm'),(689,4,1,'180 g'),(691,4,1,'XXXL'),(693,4,1,'2 x 25-35 cm'),(695,4,1,'2 x 35-45 cm'),(697,4,1,'3 x 30-45 cm'),(699,4,1,'4 x 35-50 cm'),(701,4,1,'4 x 40-55 cm'),(703,4,1,'5 x 45-60 cm'),(705,4,1,'5 x 50-65 cm'),(707,4,1,'3 x 25-40 cm'),(709,4,1,'5 x 55-70 cm'),(711,4,1,'5 x 60-75 cm'),(713,4,1,'5 x 65-80 cm'),(715,4,1,'150 ml'),(717,4,1,'600 ml'),(719,4,1,'2 x 3 m'),(721,4,1,'3 x 4 m'),(723,4,1,'2,5 x 25-40 cm'),(725,4,1,'4 x 45-65 cm'),(727,4,1,'40M'),(729,4,1,'45M'),(731,4,1,'3,5 cm'),(733,4,1,'20S'),(735,4,1,'25S'),(737,4,1,'30XS'),(739,4,1,'30S'),(741,4,1,'30L'),(743,4,1,'45XS'),(745,4,1,'50M'),(747,4,1,'55M'),(749,4,1,'55L'),(751,4,1,'70M'),(753,4,1,'70L'),(755,4,1,'80M'),(757,4,1,'180 ml'),(759,4,1,'21 cm'),(761,4,1,'32 cm'),(763,4,1,'850 g'),(765,4,1,'0,6 x 120 cm'),(767,4,1,'1 x 120 cm'),(769,4,1,'3,5 kg'),(771,4,1,'2,5 x 180 cm'),(773,4,1,'75 x 50 cm'),(775,4,1,'0,6 x 60 cm'),(777,4,1,'1 x 60 cm'),(779,4,1,'95 cm'),(781,4,1,'50 tbl'),(783,4,1,'120 tbl'),(785,4,1,'480 tbl'),(787,4,1,'1,8 x 300 cm'),(789,4,1,'2,2 x 300 cm'),(791,4,1,'40 x 60 cm'),(793,4,1,'60 x 75 cm'),(795,4,1,'60 x 90 cm'),(797,4,1,'1,5 x 30 cm'),(799,4,1,'1,5 x 35 cm'),(801,4,1,'Vaaleansininen'),(803,4,1,'450 ml'),(805,4,1,'140 g'),(807,4,1,'1,8 x 200 cm'),(809,4,1,'1,8 x 250 cm'),(811,4,1,'2 x 250 cm'),(813,4,1,'3 m'),(815,4,1,'61 x 46 x 53 cm'),(817,4,1,'76 x 53 x 61 cm'),(819,4,1,'91 x 61 x 71 cm'),(821,4,1,'107 x 71 x 81 cm'),(823,4,1,'118 x 76 x 88 cm'),(825,4,1,'2 x 35 cm'),(827,4,1,'2 x 45 cm'),(829,4,1,'600 g '),(831,4,1,'Monivärinen'),(833,4,1,'60 x 45 cm'),(835,4,1,'81 cm'),(837,4,1,'30M'),(839,4,1,'35S'),(841,4,1,'35M'),(843,4,1,'40XS'),(845,4,1,'60M'),(847,4,1,'44 cm'),(849,4,1,'125 ml'),(851,4,1,'60-70 cm'),(853,4,1,'3 x 40 cm'),(855,4,1,'3 x 45 cm'),(857,4,1,'Spaniel'),(859,4,1,'13 cm'),(861,4,1,'2 m'),(863,4,1,'4 m'),(865,4,1,'150 cm'),(867,4,1,'61 x 76 cm'),(869,4,1,'61 x 97 cm'),(871,4,1,'55-60 cm'),(873,4,1,'6,5 kg'),(875,4,1,'1 x 40 cm'),(877,4,1,'1 x 45 cm'),(879,4,1,'1 x 50 cm'),(881,4,1,'1,5 x 55 cm'),(883,4,1,'1,5 x 60 cm'),(885,4,1,'1,5 x 65 cm'),(887,4,1,'1,5 x 70 cm'),(889,4,1,'1,5 x 75 cm'),(891,4,1,'4,25 kg'),(893,4,1,'15 x 76 cm'),(895,4,1,'15 x 104 cm'),(897,4,1,'1,8 x 180 cm'),(899,4,1,'2,2 x 180 cm'),(901,4,1,'38 cm'),(903,4,1,'63 cm'),(905,4,1,'1,3 x 180 cm'),(907,4,1,'1 x 200 cm'),(909,4,1,'420 g'),(911,4,1,'Normaali'),(913,4,1,'Tiheä'),(915,4,1,'Harva'),(917,4,1,'Varreton'),(919,4,1,'Kaksipuoleinen'),(921,4,1,'12 x 85 g'),(923,4,1,'50 x 40 cm'),(925,4,1,'195 g'),(927,4,1,'12 x 195 g'),(929,4,1,'1 m'),(931,4,1,'7 m'),(933,4,1,'150 g'),(935,4,1,'650 g'),(937,4,1,'950 g'),(939,4,1,'3 x 50-80 cm'),(941,4,1,'12,5 cm'),(943,4,1,'280 ml'),(945,4,1,'75 ml'),(947,4,1,'320 ml'),(949,4,1,'3,2 kg'),(951,4,1,'11,5 kg'),(953,4,1,'945 ml'),(955,4,1,'45 g'),(957,4,1,'1 x 300 cm'),(959,4,1,'2 x 300 cm'),(961,4,1,'72 x 41 x 51 cm'),(963,4,1,'82 x 51 x 61 cm'),(965,4,1,'100 x 60 x 66 cm'),(967,4,1,'100 x 80 x 70 cm'),(969,4,1,'2 mm'),(971,4,1,'4 mm'),(973,4,1,'8 mm'),(975,4,1,'14 mm'),(977,4,1,'18 mm'),(979,4,1,'32 mm'),(981,4,1,'72 tbl'),(983,4,1,'360 tbl'),(985,4,1,'22 cm'),(987,4,1,'46 cm'),(989,4,1,'7,6 l'),(991,4,1,'Vasen'),(993,4,1,'10 mm'),(995,4,1,'9');
/*!40000 ALTER TABLE `oc_option_value_description` ENABLE KEYS */;
UNLOCK TABLES;

--
-- Table structure for table `oc_order`
--

DROP TABLE IF EXISTS `oc_order`;
/*!40101 SET @saved_cs_client     = @@character_set_client */;
/*!40101 SET character_set_client = utf8 */;
CREATE TABLE `oc_order` (
  `order_id` int(11) NOT NULL AUTO_INCREMENT,
  `invoice_no` int(11) NOT NULL DEFAULT '0',
  `invoice_prefix` varchar(26) NOT NULL,
  `store_id` int(11) NOT NULL DEFAULT '0',
  `store_name` varchar(64) NOT NULL,
  `store_url` varchar(255) NOT NULL,
  `customer_id` int(11) NOT NULL DEFAULT '0',
  `customer_group_id` int(11) NOT NULL DEFAULT '0',
  `firstname` varchar(32) NOT NULL,
  `lastname` varchar(32) NOT NULL,
  `email` varchar(96) NOT NULL,
  `telephone` varchar(32) NOT NULL,
  `fax` varchar(32) NOT NULL,
  `custom_field` text NOT NULL,
  `payment_firstname` varchar(32) NOT NULL,
  `payment_lastname` varchar(32) NOT NULL,
  `payment_company` varchar(60) NOT NULL,
  `payment_address_1` varchar(128) NOT NULL,
  `payment_address_2` varchar(128) NOT NULL,
  `payment_city` varchar(128) NOT NULL,
  `payment_postcode` varchar(10) NOT NULL,
  `payment_country` varchar(128) NOT NULL,
  `payment_country_id` int(11) NOT NULL,
  `payment_zone` varchar(128) NOT NULL,
  `payment_zone_id` int(11) NOT NULL,
  `payment_address_format` text NOT NULL,
  `payment_custom_field` text NOT NULL,
  `payment_method` varchar(128) NOT NULL,
  `payment_code` varchar(128) NOT NULL,
  `shipping_firstname` varchar(32) NOT NULL,
  `shipping_lastname` varchar(32) NOT NULL,
  `shipping_company` varchar(40) NOT NULL,
  `shipping_address_1` varchar(128) NOT NULL,
  `shipping_address_2` varchar(128) NOT NULL,
  `shipping_city` varchar(128) NOT NULL,
  `shipping_postcode` varchar(10) NOT NULL,
  `shipping_country` varchar(128) NOT NULL,
  `shipping_country_id` int(11) NOT NULL,
  `shipping_zone` varchar(128) NOT NULL,
  `shipping_zone_id` int(11) NOT NULL,
  `shipping_address_format` text NOT NULL,
  `shipping_custom_field` text NOT NULL,
  `shipping_method` varchar(128) NOT NULL,
  `shipping_code` varchar(128) NOT NULL,
  `comment` text NOT NULL,
  `total` decimal(15,4) NOT NULL DEFAULT '0.0000',
  `order_status_id` int(11) NOT NULL DEFAULT '0',
  `affiliate_id` int(11) NOT NULL,
  `commission` decimal(15,4) NOT NULL,
  `marketing_id` int(11) NOT NULL,
  `tracking` varchar(64) NOT NULL,
  `language_id` int(11) NOT NULL,
  `currency_id` int(11) NOT NULL,
  `currency_code` varchar(3) NOT NULL,
  `currency_value` decimal(15,8) NOT NULL DEFAULT '1.00000000',
  `ip` varchar(40) NOT NULL,
  `forwarded_ip` varchar(40) NOT NULL,
  `user_agent` varchar(255) NOT NULL,
  `accept_language` varchar(255) NOT NULL,
  `date_added` datetime NOT NULL,
  `date_modified` datetime NOT NULL,
  PRIMARY KEY (`order_id`)
) ENGINE=MyISAM AUTO_INCREMENT=7 DEFAULT CHARSET=utf8;
/*!40101 SET character_set_client = @saved_cs_client */;

--
-- Dumping data for table `oc_order`
--

LOCK TABLES `oc_order` WRITE;
/*!40000 ALTER TABLE `oc_order` DISABLE KEYS */;
/*!40000 ALTER TABLE `oc_order` ENABLE KEYS */;
UNLOCK TABLES;

--
-- Table structure for table `oc_order_custom_field`
--

DROP TABLE IF EXISTS `oc_order_custom_field`;
/*!40101 SET @saved_cs_client     = @@character_set_client */;
/*!40101 SET character_set_client = utf8 */;
CREATE TABLE `oc_order_custom_field` (
  `order_custom_field_id` int(11) NOT NULL AUTO_INCREMENT,
  `order_id` int(11) NOT NULL,
  `custom_field_id` int(11) NOT NULL,
  `custom_field_value_id` int(11) NOT NULL,
  `name` varchar(255) NOT NULL,
  `value` text NOT NULL,
  `type` varchar(32) NOT NULL,
  `location` varchar(16) NOT NULL,
  PRIMARY KEY (`order_custom_field_id`)
) ENGINE=MyISAM DEFAULT CHARSET=utf8;
/*!40101 SET character_set_client = @saved_cs_client */;

--
-- Dumping data for table `oc_order_custom_field`
--

LOCK TABLES `oc_order_custom_field` WRITE;
/*!40000 ALTER TABLE `oc_order_custom_field` DISABLE KEYS */;
/*!40000 ALTER TABLE `oc_order_custom_field` ENABLE KEYS */;
UNLOCK TABLES;

--
-- Table structure for table `oc_order_history`
--

DROP TABLE IF EXISTS `oc_order_history`;
/*!40101 SET @saved_cs_client     = @@character_set_client */;
/*!40101 SET character_set_client = utf8 */;
CREATE TABLE `oc_order_history` (
  `order_history_id` int(11) NOT NULL AUTO_INCREMENT,
  `order_id` int(11) NOT NULL,
  `order_status_id` int(11) NOT NULL,
  `notify` tinyint(1) NOT NULL DEFAULT '0',
  `comment` text NOT NULL,
  `date_added` datetime NOT NULL,
  PRIMARY KEY (`order_history_id`)
) ENGINE=MyISAM AUTO_INCREMENT=7 DEFAULT CHARSET=utf8;
/*!40101 SET character_set_client = @saved_cs_client */;

--
-- Dumping data for table `oc_order_history`
--

LOCK TABLES `oc_order_history` WRITE;
/*!40000 ALTER TABLE `oc_order_history` DISABLE KEYS */;
/*!40000 ALTER TABLE `oc_order_history` ENABLE KEYS */;
UNLOCK TABLES;

--
-- Table structure for table `oc_order_option`
--

DROP TABLE IF EXISTS `oc_order_option`;
/*!40101 SET @saved_cs_client     = @@character_set_client */;
/*!40101 SET character_set_client = utf8 */;
CREATE TABLE `oc_order_option` (
  `order_option_id` int(11) NOT NULL AUTO_INCREMENT,
  `order_id` int(11) NOT NULL,
  `order_product_id` int(11) NOT NULL,
  `product_option_id` int(11) NOT NULL,
  `product_option_value_id` int(11) NOT NULL DEFAULT '0',
  `name` varchar(255) NOT NULL,
  `value` text NOT NULL,
  `type` varchar(32) NOT NULL,
  PRIMARY KEY (`order_option_id`)
) ENGINE=MyISAM AUTO_INCREMENT=7 DEFAULT CHARSET=utf8;
/*!40101 SET character_set_client = @saved_cs_client */;

--
-- Dumping data for table `oc_order_option`
--

LOCK TABLES `oc_order_option` WRITE;
/*!40000 ALTER TABLE `oc_order_option` DISABLE KEYS */;
/*!40000 ALTER TABLE `oc_order_option` ENABLE KEYS */;
UNLOCK TABLES;

--
-- Table structure for table `oc_order_product`
--

DROP TABLE IF EXISTS `oc_order_product`;
/*!40101 SET @saved_cs_client     = @@character_set_client */;
/*!40101 SET character_set_client = utf8 */;
CREATE TABLE `oc_order_product` (
  `order_product_id` int(11) NOT NULL AUTO_INCREMENT,
  `order_id` int(11) NOT NULL,
  `product_id` int(11) NOT NULL,
  `name` varchar(255) NOT NULL,
  `model` varchar(64) NOT NULL,
  `quantity` int(4) NOT NULL,
  `price` decimal(15,4) NOT NULL DEFAULT '0.0000',
  `total` decimal(15,4) NOT NULL DEFAULT '0.0000',
  `tax` decimal(15,4) NOT NULL DEFAULT '0.0000',
  `reward` int(8) NOT NULL,
  PRIMARY KEY (`order_product_id`)
) ENGINE=MyISAM AUTO_INCREMENT=27 DEFAULT CHARSET=utf8;
/*!40101 SET character_set_client = @saved_cs_client */;

--
-- Dumping data for table `oc_order_product`
--

LOCK TABLES `oc_order_product` WRITE;
/*!40000 ALTER TABLE `oc_order_product` DISABLE KEYS */;
/*!40000 ALTER TABLE `oc_order_product` ENABLE KEYS */;
UNLOCK TABLES;

--
-- Table structure for table `oc_order_recurring`
--

DROP TABLE IF EXISTS `oc_order_recurring`;
/*!40101 SET @saved_cs_client     = @@character_set_client */;
/*!40101 SET character_set_client = utf8 */;
CREATE TABLE `oc_order_recurring` (
  `order_recurring_id` int(11) NOT NULL AUTO_INCREMENT,
  `order_id` int(11) NOT NULL,
  `reference` varchar(255) NOT NULL,
  `product_id` int(11) NOT NULL,
  `product_name` varchar(255) NOT NULL,
  `product_quantity` int(11) NOT NULL,
  `recurring_id` int(11) NOT NULL,
  `recurring_name` varchar(255) NOT NULL,
  `recurring_description` varchar(255) NOT NULL,
  `recurring_frequency` varchar(25) NOT NULL,
  `recurring_cycle` smallint(6) NOT NULL,
  `recurring_duration` smallint(6) NOT NULL,
  `recurring_price` decimal(10,4) NOT NULL,
  `trial` tinyint(1) NOT NULL,
  `trial_frequency` varchar(25) NOT NULL,
  `trial_cycle` smallint(6) NOT NULL,
  `trial_duration` smallint(6) NOT NULL,
  `trial_price` decimal(10,4) NOT NULL,
  `status` tinyint(4) NOT NULL,
  `date_added` datetime NOT NULL,
  PRIMARY KEY (`order_recurring_id`)
) ENGINE=MyISAM DEFAULT CHARSET=utf8;
/*!40101 SET character_set_client = @saved_cs_client */;

--
-- Dumping data for table `oc_order_recurring`
--

LOCK TABLES `oc_order_recurring` WRITE;
/*!40000 ALTER TABLE `oc_order_recurring` DISABLE KEYS */;
/*!40000 ALTER TABLE `oc_order_recurring` ENABLE KEYS */;
UNLOCK TABLES;

--
-- Table structure for table `oc_order_recurring_transaction`
--

DROP TABLE IF EXISTS `oc_order_recurring_transaction`;
/*!40101 SET @saved_cs_client     = @@character_set_client */;
/*!40101 SET character_set_client = utf8 */;
CREATE TABLE `oc_order_recurring_transaction` (
  `order_recurring_transaction_id` int(11) NOT NULL AUTO_INCREMENT,
  `order_recurring_id` int(11) NOT NULL,
  `reference` varchar(255) NOT NULL,
  `type` varchar(255) NOT NULL,
  `amount` decimal(10,4) NOT NULL,
  `date_added` datetime NOT NULL,
  PRIMARY KEY (`order_recurring_transaction_id`)
) ENGINE=MyISAM DEFAULT CHARSET=utf8;
/*!40101 SET character_set_client = @saved_cs_client */;

--
-- Dumping data for table `oc_order_recurring_transaction`
--

LOCK TABLES `oc_order_recurring_transaction` WRITE;
/*!40000 ALTER TABLE `oc_order_recurring_transaction` DISABLE KEYS */;
/*!40000 ALTER TABLE `oc_order_recurring_transaction` ENABLE KEYS */;
UNLOCK TABLES;

--
-- Table structure for table `oc_order_status`
--

DROP TABLE IF EXISTS `oc_order_status`;
/*!40101 SET @saved_cs_client     = @@character_set_client */;
/*!40101 SET character_set_client = utf8 */;
CREATE TABLE `oc_order_status` (
  `order_status_id` int(11) NOT NULL AUTO_INCREMENT,
  `language_id` int(11) NOT NULL,
  `name` varchar(32) NOT NULL,
  PRIMARY KEY (`order_status_id`,`language_id`)
) ENGINE=MyISAM AUTO_INCREMENT=17 DEFAULT CHARSET=utf8;
/*!40101 SET character_set_client = @saved_cs_client */;

--
-- Dumping data for table `oc_order_status`
--

LOCK TABLES `oc_order_status` WRITE;
/*!40000 ALTER TABLE `oc_order_status` DISABLE KEYS */;
INSERT INTO `oc_order_status` VALUES (2,1,'Processing'),(3,1,'Shipped'),(7,1,'Canceled'),(5,1,'Complete'),(8,1,'Denied'),(9,1,'Canceled Reversal'),(10,1,'Failed'),(11,1,'Refunded'),(12,1,'Reversed'),(13,1,'Chargeback'),(1,1,'Pending'),(16,1,'Voided'),(15,1,'Processed'),(14,1,'Expired'),(2,2,'Processing'),(3,2,'Shipped'),(7,2,'Canceled'),(5,2,'Complete'),(8,2,'Denied'),(9,2,'Canceled Reversal'),(10,2,'Failed'),(11,2,'Refunded'),(12,2,'Reversed'),(13,2,'Chargeback'),(1,2,'Pending'),(16,2,'Voided'),(15,2,'Processed'),(14,2,'Expired'),(2,3,'Processing'),(3,3,'Shipped'),(7,3,'Canceled'),(5,3,'Complete'),(8,3,'Denied'),(9,3,'Canceled Reversal'),(10,3,'Failed'),(11,3,'Refunded'),(12,3,'Reversed'),(13,3,'Chargeback'),(1,3,'Pending'),(16,3,'Voided'),(15,3,'Processed'),(14,3,'Expired'),(2,4,'Processing'),(3,4,'Shipped'),(7,4,'Canceled'),(5,4,'Complete'),(8,4,'Denied'),(9,4,'Canceled Reversal'),(10,4,'Failed'),(11,4,'Refunded'),(12,4,'Reversed'),(13,4,'Chargeback'),(1,4,'Pending'),(16,4,'Voided'),(15,4,'Processed'),(14,4,'Expired');
/*!40000 ALTER TABLE `oc_order_status` ENABLE KEYS */;
UNLOCK TABLES;

--
-- Table structure for table `oc_order_total`
--

DROP TABLE IF EXISTS `oc_order_total`;
/*!40101 SET @saved_cs_client     = @@character_set_client */;
/*!40101 SET character_set_client = utf8 */;
CREATE TABLE `oc_order_total` (
  `order_total_id` int(10) NOT NULL AUTO_INCREMENT,
  `order_id` int(11) NOT NULL,
  `code` varchar(32) NOT NULL,
  `title` varchar(255) NOT NULL,
  `value` decimal(15,4) NOT NULL DEFAULT '0.0000',
  `sort_order` int(3) NOT NULL,
  PRIMARY KEY (`order_total_id`),
  KEY `order_id` (`order_id`)
) ENGINE=MyISAM AUTO_INCREMENT=31 DEFAULT CHARSET=utf8;
/*!40101 SET character_set_client = @saved_cs_client */;

--
-- Dumping data for table `oc_order_total`
--

LOCK TABLES `oc_order_total` WRITE;
/*!40000 ALTER TABLE `oc_order_total` DISABLE KEYS */;
/*!40000 ALTER TABLE `oc_order_total` ENABLE KEYS */;
UNLOCK TABLES;

--
-- Table structure for table `oc_order_voucher`
--

DROP TABLE IF EXISTS `oc_order_voucher`;
/*!40101 SET @saved_cs_client     = @@character_set_client */;
/*!40101 SET character_set_client = utf8 */;
CREATE TABLE `oc_order_voucher` (
  `order_voucher_id` int(11) NOT NULL AUTO_INCREMENT,
  `order_id` int(11) NOT NULL,
  `voucher_id` int(11) NOT NULL,
  `description` varchar(255) NOT NULL,
  `code` varchar(10) NOT NULL,
  `from_name` varchar(64) NOT NULL,
  `from_email` varchar(96) NOT NULL,
  `to_name` varchar(64) NOT NULL,
  `to_email` varchar(96) NOT NULL,
  `voucher_theme_id` int(11) NOT NULL,
  `message` text NOT NULL,
  `amount` decimal(15,4) NOT NULL,
  PRIMARY KEY (`order_voucher_id`)
) ENGINE=MyISAM DEFAULT CHARSET=utf8;
/*!40101 SET character_set_client = @saved_cs_client */;

--
-- Dumping data for table `oc_order_voucher`
--

LOCK TABLES `oc_order_voucher` WRITE;
/*!40000 ALTER TABLE `oc_order_voucher` DISABLE KEYS */;
/*!40000 ALTER TABLE `oc_order_voucher` ENABLE KEYS */;
UNLOCK TABLES;

--
-- Table structure for table `oc_product`
--

DROP TABLE IF EXISTS `oc_product`;
/*!40101 SET @saved_cs_client     = @@character_set_client */;
/*!40101 SET character_set_client = utf8 */;
CREATE TABLE `oc_product` (
  `product_id` int(11) NOT NULL AUTO_INCREMENT,
  `model` varchar(64) NOT NULL,
  `sku` varchar(64) NOT NULL,
  `upc` varchar(12) NOT NULL,
  `ean` varchar(14) NOT NULL,
  `jan` varchar(13) NOT NULL,
  `isbn` varchar(17) NOT NULL,
  `mpn` varchar(64) NOT NULL,
  `location` varchar(128) NOT NULL,
  `quantity` int(4) NOT NULL DEFAULT '0',
  `stock_status_id` int(11) NOT NULL,
  `image` varchar(255) DEFAULT NULL,
  `manufacturer_id` int(11) NOT NULL,
  `shipping` tinyint(1) NOT NULL DEFAULT '1',
  `price` decimal(15,4) NOT NULL DEFAULT '0.0000',
  `points` int(8) NOT NULL DEFAULT '0',
  `tax_class_id` int(11) NOT NULL,
  `date_available` date NOT NULL DEFAULT '0000-00-00',
  `weight` decimal(15,8) NOT NULL DEFAULT '0.00000000',
  `weight_class_id` int(11) NOT NULL DEFAULT '0',
  `length` decimal(15,8) NOT NULL DEFAULT '0.00000000',
  `width` decimal(15,8) NOT NULL DEFAULT '0.00000000',
  `height` decimal(15,8) NOT NULL DEFAULT '0.00000000',
  `length_class_id` int(11) NOT NULL DEFAULT '0',
  `subtract` tinyint(1) NOT NULL DEFAULT '1',
  `minimum` int(11) NOT NULL DEFAULT '1',
  `sort_order` int(11) NOT NULL DEFAULT '0',
  `status` tinyint(1) NOT NULL DEFAULT '0',
  `viewed` int(5) NOT NULL DEFAULT '0',
  `date_added` datetime NOT NULL,
  `date_modified` datetime NOT NULL,
  PRIMARY KEY (`product_id`)
) ENGINE=MyISAM AUTO_INCREMENT=4945 DEFAULT CHARSET=utf8;
/*!40101 SET character_set_client = @saved_cs_client */;

--
-- Dumping data for table `oc_product`
--

LOCK TABLES `oc_product` WRITE;
/*!40000 ALTER TABLE `oc_product` DISABLE KEYS */;
INSERT INTO `oc_product` VALUES (28,'4','','','','','','','',9999998,7,'catalog/products1/12.jpg',5,1,200.0000,200,0,'2016-12-12',146.40000000,2,0.00000000,0.00000000,0.00000000,1,1,1,0,1,0,'2009-02-03 16:06:50','2017-05-11 14:29:55'),(30,'2','','','','','','','',99999,7,'catalog/products1/10.jpg',8,1,340.0000,0,0,'2016-12-12',0.00000000,1,0.00000000,0.00000000,0.00000000,1,1,1,0,1,0,'2009-02-03 16:59:00','2017-05-11 14:28:49'),(31,'14','','','','','','','',999999,7,'catalog/products1/7.jpg',5,1,310.0000,0,0,'2016-12-12',0.00000000,1,0.00000000,0.00000000,0.00000000,3,1,1,0,1,0,'2009-02-03 17:00:10','2016-12-19 15:14:35'),(32,'10','','','','','','','',999999,7,'catalog/products1/3.jpg',8,1,180.0000,0,0,'2016-12-12',5.00000000,1,0.00000000,0.00000000,0.00000000,1,1,1,0,1,3,'2009-02-03 17:07:26','2017-05-11 14:33:57'),(34,'9','','','','','','','',999998,7,'catalog/products1/2.jpg',8,1,120.0000,0,0,'2016-12-12',5.00000000,1,0.00000000,0.00000000,0.00000000,2,1,1,0,1,0,'2009-02-03 18:07:54','2016-12-19 15:13:39'),(36,'8','','','','','','','',999999,7,'catalog/products1/16.jpg',9,0,230.0000,100,0,'2016-12-12',5.00000000,1,0.00000000,0.00000000,0.00000000,2,1,1,0,1,0,'2009-02-03 18:09:19','2017-05-11 14:32:00'),(40,'6','','','','','','','',999999,7,'catalog/products1/14.jpg',8,1,380.0000,0,0,'2016-12-12',10.00000000,1,0.00000000,0.00000000,0.00000000,1,1,1,0,1,0,'2009-02-03 21:07:12','2016-12-19 15:13:02'),(41,'5','','','','','','','',999998,7,'catalog/products1/13.jpg',8,1,180.0000,0,0,'2016-12-12',5.00000000,1,0.00000000,0.00000000,0.00000000,1,1,1,0,1,0,'2009-02-03 21:07:26','2017-05-11 14:30:31'),(42,'1','','','','','','','',999999,7,'catalog/products1/1.jpg',8,1,400.0000,400,0,'2016-12-12',12.50000000,1,1.00000000,2.00000000,3.00000000,1,1,1,0,1,1,'2009-02-03 21:07:37','2017-05-11 14:28:03'),(43,'11','','','','','','','',999998,7,'catalog/products1/4.jpg',8,0,430.0000,0,0,'2016-12-12',0.00000000,1,0.00000000,0.00000000,0.00000000,2,1,1,0,1,0,'2009-02-03 21:07:49','2017-05-11 14:37:38'),(44,'12','','','','','','','',999999,7,'catalog/products1/5.jpg',8,1,380.0000,0,0,'2016-12-12',0.00000000,1,0.00000000,0.00000000,0.00000000,2,1,1,0,1,0,'2009-02-03 21:08:00','2017-05-11 14:35:36'),(45,'13','','','','','','','',99998,7,'catalog/products1/8.jpg',9,1,360.0000,0,0,'2016-12-12',0.00000000,1,0.00000000,0.00000000,0.00000000,2,1,1,0,1,0,'2009-02-03 21:08:17','2017-05-11 14:36:18'),(47,'3','','','','','','','',999999,7,'catalog/products1/11.jpg',8,1,280.0000,400,0,'2016-12-12',1.00000000,1,0.00000000,0.00000000,0.00000000,1,0,1,0,1,0,'2009-02-03 21:08:40','2017-05-11 14:29:15'),(48,'7','','','','','','','test 2',999999,7,'catalog/products1/15.jpg',8,1,350.0000,0,0,'2016-12-12',1.00000000,1,0.00000000,0.00000000,0.00000000,2,1,1,0,1,0,'2009-02-08 17:21:51','2017-01-06 14:58:51'),(49,'1-1','','','','','','','',999999,7,'catalog/products2/1.jpg',8,1,400.0000,400,0,'2016-12-12',12.50000000,1,1.00000000,2.00000000,3.00000000,1,1,1,0,1,1,'2017-03-27 09:04:21','2017-05-11 14:40:44'),(50,'2-1','','','','','','','',99998,7,'catalog/products2/10.jpg',8,1,340.0000,0,0,'2016-12-12',0.00000000,1,0.00000000,0.00000000,0.00000000,1,1,1,0,1,0,'2017-03-27 09:09:20','2017-05-11 14:39:58'),(51,'3-1','','','','','','','',999999,7,'catalog/products2/11.jpg',8,1,280.0000,400,0,'2016-12-12',1.00000000,1,0.00000000,0.00000000,0.00000000,1,0,1,0,1,0,'2017-03-27 09:12:22','2017-05-11 14:42:21'),(52,'4-1','','','','','','','',9999997,7,'catalog/products2/12.jpg',5,1,200.0000,200,0,'2016-12-12',146.40000000,2,0.00000000,0.00000000,0.00000000,1,1,1,0,1,0,'2017-03-27 09:15:07','2017-05-11 14:41:24'),(53,'5-1','','','','','','','',999997,7,'catalog/products2/13.jpg',8,1,180.0000,0,0,'2016-12-12',5.00000000,1,0.00000000,0.00000000,0.00000000,1,1,1,0,1,1,'2017-03-27 09:19:56','2017-05-11 14:43:13'),(54,'6-1','','','','','','','',999998,7,'catalog/products2/14.jpg',8,1,380.0000,0,0,'2016-12-12',10.00000000,1,0.00000000,0.00000000,0.00000000,1,1,1,0,1,0,'2017-03-27 09:23:15','2017-05-11 14:43:55'),(55,'7-1','','','','','','','',999998,7,'catalog/products2/19.jpg',8,1,350.0000,0,0,'2016-12-12',1.00000000,1,0.00000000,0.00000000,0.00000000,2,1,1,0,1,0,'2017-03-27 09:26:04','2017-05-11 14:44:37'),(56,'8-1','','','','','','','',999998,7,'catalog/products2/2.jpg',9,0,230.0000,100,0,'2016-12-12',5.00000000,1,0.00000000,0.00000000,0.00000000,2,1,1,0,1,0,'2017-03-27 09:27:46','2017-05-11 14:45:20'),(57,'9-1','','','','','','','',999997,7,'catalog/products2/21.jpg',8,1,120.0000,0,0,'2016-12-12',5.00000000,1,0.00000000,0.00000000,0.00000000,2,1,1,0,1,0,'2017-03-27 09:30:19','2017-03-28 10:06:02'),(58,'10-1','','','','','','','',999998,7,'catalog/products2/22.jpg',8,1,180.0000,0,0,'2016-12-12',5.00000000,1,0.00000000,0.00000000,0.00000000,1,1,1,0,1,0,'2017-03-27 09:33:32','2017-05-11 14:46:08'),(59,'12-1','','','','','','','',999999,7,'catalog/products2/23.jpg',8,1,380.0000,0,0,'2016-12-12',0.00000000,1,0.00000000,0.00000000,0.00000000,2,1,1,0,1,0,'2017-03-27 09:35:42','2017-05-11 14:47:36'),(60,'13-1','','','','','','','',99997,7,'catalog/products2/24.jpg',9,1,360.0000,0,0,'2016-12-12',0.00000000,1,0.00000000,0.00000000,0.00000000,2,1,1,0,1,0,'2017-03-27 09:37:11','2017-05-11 14:46:56'),(61,'14-1','','','','','','','',999999,7,'catalog/products2/25.jpg',5,1,310.0000,0,0,'2016-12-12',0.00000000,1,0.00000000,0.00000000,0.00000000,3,1,1,0,1,0,'2017-03-27 09:39:57','2017-05-09 10:10:14'),(62,'11-1','','','','','','','',999998,7,'catalog/products2/26.jpg',8,0,430.0000,0,0,'2016-12-12',0.00000000,1,0.00000000,0.00000000,0.00000000,2,1,1,0,1,0,'2017-03-27 09:42:24','2017-03-27 16:54:01'),(63,'1-2','','','','','','','',999999,7,'catalog/products3/13.jpg',8,1,400.0000,400,0,'2016-12-12',12.50000000,1,1.00000000,2.00000000,3.00000000,1,1,1,0,1,0,'2017-03-31 15:20:46','2017-04-03 10:25:53'),(64,'2-2','','','','','','','',99999,7,'catalog/products3/2.jpg',8,1,340.0000,0,0,'2016-12-12',0.00000000,1,0.00000000,0.00000000,0.00000000,1,1,1,0,1,0,'2017-03-31 15:25:06','2017-04-03 10:26:32'),(65,'3-2','','','','','','','',999999,7,'catalog/products3/3.jpg',8,1,280.0000,400,0,'2016-12-12',1.00000000,1,0.00000000,0.00000000,0.00000000,1,0,1,0,1,0,'2017-03-31 15:27:49','2017-04-03 10:28:03'),(66,'4-2','','','','','','','',9999998,7,'catalog/products3/4.jpg',5,1,200.0000,200,0,'2016-12-12',146.40000000,2,0.00000000,0.00000000,0.00000000,1,1,1,0,1,0,'2017-03-31 15:31:13','2017-04-03 10:27:23'),(67,'5-2','','','','','','','',999998,7,'catalog/products3/5.jpg',8,1,180.0000,0,0,'2016-12-12',5.00000000,1,0.00000000,0.00000000,0.00000000,1,1,1,0,1,0,'2017-03-31 15:33:03','2017-04-03 10:24:10'),(68,'6-2','','','','','','','',999999,7,'catalog/products3/6.jpg',8,1,380.0000,0,0,'2016-12-12',10.00000000,1,0.00000000,0.00000000,0.00000000,1,1,1,0,1,0,'2017-03-31 15:35:48','2017-04-03 10:33:12'),(69,'7-2','','','','','','','test 2',999999,7,'catalog/products3/7.jpg',8,1,350.0000,0,0,'2016-12-12',1.00000000,1,0.00000000,0.00000000,0.00000000,2,1,1,0,1,0,'2017-03-31 15:38:51','2017-04-03 10:33:51'),(70,'8-2','','','','','','','',999999,7,'catalog/products3/8.jpg',9,0,230.0000,100,0,'2016-12-12',5.00000000,1,0.00000000,0.00000000,0.00000000,2,1,1,0,1,0,'2017-03-31 15:41:20','2017-04-03 10:28:44'),(71,'9-2','','','','','','','',999998,7,'catalog/products3/9.jpg',8,1,120.0000,0,0,'2016-12-12',5.00000000,1,0.00000000,0.00000000,0.00000000,2,1,1,0,1,0,'2017-03-31 15:43:55','2017-04-03 10:30:08'),(72,'10-2','','','','','','','',999999,7,'catalog/products3/10.jpg',8,1,180.0000,0,0,'2016-12-12',5.00000000,1,0.00000000,0.00000000,0.00000000,1,1,1,0,1,0,'2017-03-31 15:46:13','2017-04-03 10:34:54'),(73,'11-2','','','','','','','',999998,7,'catalog/products3/11.jpg',8,0,430.0000,0,0,'2016-12-12',0.00000000,1,0.00000000,0.00000000,0.00000000,2,1,1,0,1,1,'2017-03-31 15:48:50','2017-04-08 08:48:04'),(74,'12-2','','','','','','','',999999,7,'catalog/products3/12.jpg',8,1,380.0000,0,0,'2016-12-12',0.00000000,1,0.00000000,0.00000000,0.00000000,2,1,1,0,1,0,'2017-03-31 15:51:44','2017-04-08 09:07:50'),(75,'13-2','','','','','','','',99998,7,'catalog/products3/13.jpg',9,1,360.0000,0,0,'2016-12-12',0.00000000,1,0.00000000,0.00000000,0.00000000,2,1,1,0,1,0,'2017-03-31 15:55:39','2017-04-08 09:07:12'),(76,'14-2','','','','','','','',999999,7,'catalog/products3/14.jpg',5,1,310.0000,0,0,'2016-12-12',0.00000000,1,0.00000000,0.00000000,0.00000000,3,1,1,0,1,0,'2017-03-31 15:57:38','2017-04-03 10:32:35'),(77,'1-3','','','','','','','',999999,7,'catalog/products4/1.jpg',8,1,400.0000,400,0,'2016-12-12',12.50000000,1,1.00000000,2.00000000,3.00000000,1,1,1,0,1,1,'2017-04-04 09:49:54','2017-04-04 10:23:44'),(78,'2-3','','','','','','','',99998,7,'catalog/products4/10.jpg',8,1,340.0000,0,0,'2016-12-12',0.00000000,1,0.00000000,0.00000000,0.00000000,1,1,1,0,1,2,'2017-04-04 10:23:53','2017-04-07 08:47:57'),(79,'3-3','','','','','','','',999999,7,'catalog/products4/11.jpg',8,1,280.0000,400,0,'2016-12-12',1.00000000,1,0.00000000,0.00000000,0.00000000,1,0,1,0,1,0,'2017-04-04 10:28:32','2017-04-04 10:32:47'),(80,'4-3','','','','','','','',9999997,7,'catalog/products4/12.jpg',5,1,200.0000,200,0,'2016-12-12',146.40000000,2,0.00000000,0.00000000,0.00000000,1,1,1,0,1,1,'2017-04-04 10:32:55','2017-04-04 10:36:50'),(81,'5-3','','','','','','','',999997,7,'catalog/products4/13.jpg',8,1,180.0000,0,0,'2016-12-12',5.00000000,1,0.00000000,0.00000000,0.00000000,1,1,1,0,1,2,'2017-04-04 10:37:00','2017-04-07 08:48:34'),(82,'6-3','','','','','','','',999998,7,'catalog/products4/14.jpg',8,1,380.0000,0,0,'2016-12-12',10.00000000,1,0.00000000,0.00000000,0.00000000,1,1,1,0,1,0,'2017-04-04 10:41:35','2017-04-04 10:45:22'),(83,'7-3','','','','','','','test 2',999998,7,'catalog/products4/15.jpg',8,1,350.0000,0,0,'2016-12-12',1.00000000,1,0.00000000,0.00000000,0.00000000,2,1,1,0,1,1,'2017-04-04 10:45:29','2017-04-04 10:49:52'),(84,'8-3','','','','','','','',999999,7,'catalog/products4/16.jpg',9,0,230.0000,100,0,'2016-12-12',5.00000000,1,0.00000000,0.00000000,0.00000000,2,1,1,0,1,0,'2017-04-04 10:50:03','2017-04-07 09:09:06'),(85,'9-3','','','','','','','',999997,7,'catalog/products4/17.jpg',8,1,120.0000,0,0,'2016-12-12',5.00000000,1,0.00000000,0.00000000,0.00000000,2,1,1,0,1,0,'2017-04-07 09:09:14','2017-05-11 14:22:03'),(86,'10-3','','','','','','','',999998,7,'catalog/products4/18.jpg',8,1,180.0000,0,0,'2016-12-12',5.00000000,1,0.00000000,0.00000000,0.00000000,1,1,1,0,1,1,'2017-04-07 09:14:19','2017-04-07 09:20:11'),(87,'11-3','','','','','','','',999997,7,'catalog/products4/21.jpg',8,0,430.0000,0,0,'2016-12-12',0.00000000,1,0.00000000,0.00000000,0.00000000,2,1,1,0,1,0,'2017-04-07 09:20:26','2017-04-07 09:25:05'),(88,'12-3','','','','','','','',999999,7,'catalog/products4/3.jpg',8,1,380.0000,0,0,'2016-12-12',0.00000000,1,0.00000000,0.00000000,0.00000000,2,1,1,0,1,0,'2017-04-07 09:31:06','2017-04-07 09:55:23'),(89,'13-3','','','','','','','',99998,7,'catalog/products4/6.jpg',9,1,360.0000,0,0,'2016-12-12',0.00000000,1,0.00000000,0.00000000,0.00000000,2,1,1,0,1,0,'2017-04-07 09:55:53','2017-04-07 10:01:14'),(90,'14-3','','','','','','','',999999,7,'catalog/products4/7.jpg',5,1,310.0000,0,0,'2016-12-12',0.00000000,1,0.00000000,0.00000000,0.00000000,3,1,1,0,1,0,'2017-04-07 10:01:45','2017-04-07 10:12:26'),(109,'025730','025730','','','','','','Санкт-Петербург',100500,7,'catalog/images/image_koirat_21_1_item_4.jpg',80,1,7.9900,0,0,'0000-00-00',0.00000000,0,0.00000000,0.00000000,0.00000000,0,1,1,0,1,1,'0000-00-00 00:00:00','0000-00-00 00:00:00'),(111,'033711','033711','','','','','','Санкт-Петербург',100500,7,'catalog/images/image_lemmikinomistajille_21_1_item_1.jpg',69,1,7.9000,0,0,'0000-00-00',0.00000000,0,0.00000000,0.00000000,0.00000000,0,1,1,0,1,1,'0000-00-00 00:00:00','0000-00-00 00:00:00'),(114,'002207','002207','','','','','','Санкт-Петербург',100500,7,'catalog/images/image_kissat_21_40_item_20.jpg',84,1,12.9000,0,0,'0000-00-00',0.00000000,0,0.00000000,0.00000000,0.00000000,0,1,1,0,1,6,'0000-00-00 00:00:00','0000-00-00 00:00:00'),(113,'026929','026929','','','','','','Санкт-Петербург',100500,7,'catalog/images/image_pienelaimet_21_4_item_9.jpg',53,1,199.0000,0,0,'0000-00-00',0.00000000,0,0.00000000,0.00000000,0.00000000,0,1,1,0,1,11,'0000-00-00 00:00:00','0000-00-00 00:00:00'),(115,'C68166','001435','','','','','','Санкт-Петербург',100500,7,'catalog/images/image_royal-canin_koirat_medium_21_1_item_0.jpg',13,1,29.9000,0,0,'0000-00-00',0.00000000,1,0.00000000,0.00000000,0.00000000,1,1,1,0,1,2,'0000-00-00 00:00:00','2017-12-06 21:56:32'),(116,'114034','114034','','','','','','Санкт-Петербург',100500,7,'catalog/images/image_koirat_21_79_item_1.jpg',11,1,7.9000,0,0,'0000-00-00',0.00000000,0,0.00000000,0.00000000,0.00000000,0,1,1,0,1,0,'0000-00-00 00:00:00','0000-00-00 00:00:00'),(117,'C133378','053522','','','','','','Санкт-Петербург',100500,7,'catalog/images/image_kissat_21_45_item_12.jpg',0,1,24.9000,0,0,'0000-00-00',0.00000000,0,0.00000000,0.00000000,0.00000000,0,1,1,0,1,0,'0000-00-00 00:00:00','0000-00-00 00:00:00'),(118,'C72361','021902','','','','','','Санкт-Петербург',100500,7,'catalog/images/image_royal-canin_kissat_feline-breed-nutrition-roturuoat_21_1_item_6.jpg',13,1,29.9000,0,0,'0000-00-00',0.00000000,0,0.00000000,0.00000000,0.00000000,0,1,1,0,1,1,'0000-00-00 00:00:00','0000-00-00 00:00:00'),(119,'C170604','113525','','','','','','Санкт-Петербург',100500,7,'catalog/images/image_koirat_21_126_item_3.jpg',14,1,64.9000,0,0,'0000-00-00',0.00000000,0,0.00000000,0.00000000,0.00000000,0,1,1,0,1,1,'0000-00-00 00:00:00','0000-00-00 00:00:00'),(120,'028515','028515','','','','','','Санкт-Петербург',100500,7,'catalog/images/image_lemmikinomistajille_21_4_item_7.jpg',0,1,3.9500,0,0,'0000-00-00',0.00000000,0,0.00000000,0.00000000,0.00000000,0,1,1,0,1,0,'0000-00-00 00:00:00','0000-00-00 00:00:00'),(121,'C69182','008302','','','','','','Санкт-Петербург',100500,7,'catalog/images/image_koirat_21_93_item_1.jpg',16,1,4.9000,0,0,'0000-00-00',0.00000000,0,0.00000000,0.00000000,0.00000000,0,1,1,0,1,1,'0000-00-00 00:00:00','0000-00-00 00:00:00'),(122,'C136117','103147','','','','','','Санкт-Петербург',100500,7,'catalog/images/image_koirat_21_121_item_14.jpg',17,1,49.9000,0,0,'0000-00-00',0.00000000,0,0.00000000,0.00000000,0.00000000,0,1,1,0,1,0,'0000-00-00 00:00:00','0000-00-00 00:00:00'),(123,'C125032','053302','','','','','','Санкт-Петербург',100500,7,'catalog/images/image_royal-canin_koirat_sporting-life-urban-life_21_1_item_11.jpg',13,1,16.9000,0,0,'0000-00-00',0.00000000,0,0.00000000,0.00000000,0.00000000,0,1,1,0,1,0,'0000-00-00 00:00:00','0000-00-00 00:00:00'),(124,'117510','117510','','','','','','Санкт-Петербург',100500,7,'catalog/images/image_koirat_21_35_item_13.jpg',0,1,8.9900,0,0,'0000-00-00',0.00000000,0,0.00000000,0.00000000,0.00000000,0,1,1,0,1,0,'0000-00-00 00:00:00','0000-00-00 00:00:00'),(125,'101603','101603','','','','','','Санкт-Петербург',100500,7,'catalog/images/image_pienelaimet_21_8_item_20.jpg',19,1,5.9000,0,0,'0000-00-00',0.00000000,0,0.00000000,0.00000000,0.00000000,0,1,1,0,1,0,'0000-00-00 00:00:00','0000-00-00 00:00:00'),(126,'034947','034947','','','','','','Санкт-Петербург',100500,7,'catalog/images/image_koirat_21_49_item_19.jpg',20,1,5.9000,0,0,'0000-00-00',0.00000000,0,0.00000000,0.00000000,0.00000000,0,1,1,0,1,0,'0000-00-00 00:00:00','0000-00-00 00:00:00'),(127,'034044','034044','','','','','','Санкт-Петербург',100500,7,'catalog/images/image_koirat_21_7_item_8.jpg',21,1,14.9000,0,0,'0000-00-00',0.00000000,0,0.00000000,0.00000000,0.00000000,0,1,1,0,1,0,'0000-00-00 00:00:00','0000-00-00 00:00:00'),(128,'034914','034914','','','','','','Санкт-Петербург',100500,7,'catalog/images/image_koirat_21_44_item_2.jpg',22,1,7.9000,0,0,'0000-00-00',0.00000000,0,0.00000000,0.00000000,0.00000000,0,1,1,0,1,0,'0000-00-00 00:00:00','0000-00-00 00:00:00'),(129,'108884','108884','','','','','','Санкт-Петербург',100500,7,'catalog/images/image_koirat_21_67_item_9.jpg',23,1,2.9900,0,0,'0000-00-00',0.00000000,0,0.00000000,0.00000000,0.00000000,0,1,1,0,1,0,'0000-00-00 00:00:00','0000-00-00 00:00:00'),(130,'016871','016871','','','','','','Санкт-Петербург',100500,7,'catalog/images/image_koirat_21_94_item_20.jpg',24,1,1.9500,0,0,'0000-00-00',0.00000000,0,0.00000000,0.00000000,0.00000000,0,1,1,0,1,0,'0000-00-00 00:00:00','0000-00-00 00:00:00'),(131,'032490','032490','','','','','','Санкт-Петербург',100500,7,'catalog/images/image_kissat_21_12_item_2.jpg',25,1,16.9000,0,0,'0000-00-00',0.00000000,0,0.00000000,0.00000000,0.00000000,0,1,1,0,1,0,'0000-00-00 00:00:00','0000-00-00 00:00:00'),(132,'117607','117607','','','','','','Санкт-Петербург',100500,7,'catalog/images/image_lemmikinomistajille_21_12_item_14.jpg',0,1,15.9500,0,0,'0000-00-00',0.00000000,0,0.00000000,0.00000000,0.00000000,0,1,1,0,1,0,'0000-00-00 00:00:00','0000-00-00 00:00:00'),(133,'108212','108212','','','','','','Санкт-Петербург',100500,7,'catalog/images/image_koirat_21_125_item_12.jpg',17,1,39.9000,0,0,'0000-00-00',0.00000000,0,0.00000000,0.00000000,0.00000000,0,1,1,0,1,0,'0000-00-00 00:00:00','0000-00-00 00:00:00'),(134,'C154018','106631','','','','','','Санкт-Петербург',100500,7,'catalog/images/image_koirat_21_28_item_18.jpg',0,1,8.9000,0,0,'0000-00-00',0.00000000,0,0.00000000,0.00000000,0.00000000,0,1,1,0,1,0,'0000-00-00 00:00:00','0000-00-00 00:00:00'),(135,'C159042','108617','','','','','','Санкт-Петербург',100500,7,'catalog/images/image_koirat_21_124_item_0.jpg',26,1,21.9000,0,0,'0000-00-00',0.00000000,0,0.00000000,0.00000000,0.00000000,0,1,1,0,1,0,'0000-00-00 00:00:00','0000-00-00 00:00:00'),(136,'C136278','103233','','','','','','Санкт-Петербург',100500,7,'catalog/images/image_koirat_21_83_item_19.jpg',0,1,16.9000,0,0,'0000-00-00',0.00000000,0,0.00000000,0.00000000,0.00000000,0,1,1,0,1,0,'0000-00-00 00:00:00','0000-00-00 00:00:00'),(137,'C171883','114170','','','','','','Санкт-Петербург',100500,7,'catalog/images/image_koirat_21_130_item_12.jpg',28,1,6.9000,0,0,'0000-00-00',0.00000000,0,0.00000000,0.00000000,0.00000000,0,1,1,0,1,0,'0000-00-00 00:00:00','0000-00-00 00:00:00'),(138,'100845','100845','','','','','','Санкт-Петербург',100500,7,'catalog/images/image_koirat_21_17_item_16.jpg',29,1,3.9000,0,0,'0000-00-00',0.00000000,0,0.00000000,0.00000000,0.00000000,0,1,1,0,1,0,'0000-00-00 00:00:00','0000-00-00 00:00:00'),(139,'101045','101045','','','','','','Санкт-Петербург',100500,7,'catalog/images/image_kissat_21_37_item_6.jpg',16,1,9.9000,0,0,'0000-00-00',0.00000000,0,0.00000000,0.00000000,0.00000000,0,1,1,0,1,0,'0000-00-00 00:00:00','0000-00-00 00:00:00'),(140,'106264','106264','','','','','','Санкт-Петербург',100500,7,'catalog/images/image_kissat_21_21_item_18.jpg',30,1,5.9000,0,0,'0000-00-00',0.00000000,0,0.00000000,0.00000000,0.00000000,0,1,1,0,1,0,'0000-00-00 00:00:00','0000-00-00 00:00:00'),(141,'031228','031228','','','','','','Санкт-Петербург',100500,7,'catalog/images/image_koirat_21_139_item_1.jpg',31,1,64.9000,0,0,'0000-00-00',0.00000000,0,0.00000000,0.00000000,0.00000000,0,1,1,0,1,0,'0000-00-00 00:00:00','0000-00-00 00:00:00'),(142,'033679','033679','','','','','','Санкт-Петербург',100500,7,'catalog/images/image_royal-canin_kissat_sailykkeet_21_2_item_10.jpg',13,1,1.5900,0,0,'0000-00-00',0.00000000,0,0.00000000,0.00000000,0.00000000,0,1,1,0,1,0,'0000-00-00 00:00:00','0000-00-00 00:00:00'),(143,'106543','106543','','','','','','Санкт-Петербург',100500,7,'catalog/images/image_kissat_21_46_item_14.jpg',16,1,3.9000,0,0,'0000-00-00',0.00000000,0,0.00000000,0.00000000,0.00000000,0,1,1,0,1,0,'0000-00-00 00:00:00','0000-00-00 00:00:00'),(144,'C146931','103580','','','','','','Санкт-Петербург',100500,7,'catalog/images/image_koirat_21_146_item_12.jpg',13,1,28.9000,0,0,'0000-00-00',0.00000000,0,0.00000000,0.00000000,0.00000000,0,1,1,0,1,0,'0000-00-00 00:00:00','0000-00-00 00:00:00'),(145,'C159613','108741','','','','','','Санкт-Петербург',100500,7,'catalog/images/image_koirat_21_66_item_19.jpg',32,1,8.9000,0,0,'0000-00-00',0.00000000,0,0.00000000,0.00000000,0.00000000,0,1,1,0,1,0,'0000-00-00 00:00:00','0000-00-00 00:00:00'),(146,'031300','031300','','','','','','Санкт-Петербург',100500,7,'catalog/images/image_koirat_21_43_item_11.jpg',33,1,3.9000,0,0,'0000-00-00',0.00000000,0,0.00000000,0.00000000,0.00000000,0,1,1,0,1,0,'0000-00-00 00:00:00','0000-00-00 00:00:00'),(147,'C170824','113665','','','','','','Санкт-Петербург',100500,7,'catalog/images/image_koirat_21_76_item_5.jpg',34,1,59.9000,0,0,'0000-00-00',0.00000000,0,0.00000000,0.00000000,0.00000000,0,1,1,0,1,0,'0000-00-00 00:00:00','0000-00-00 00:00:00'),(148,'C68178','001441','','','','','','Санкт-Петербург',100500,7,'catalog/images/image_koirat_21_140_item_17.jpg',13,1,29.9000,0,0,'0000-00-00',0.00000000,0,0.00000000,0.00000000,0.00000000,0,1,1,0,1,0,'0000-00-00 00:00:00','0000-00-00 00:00:00'),(149,'016911','016911','','','','','','Санкт-Петербург',100500,7,'catalog/images/image_koirat_21_95_item_2.jpg',35,1,27.9000,0,0,'0000-00-00',0.00000000,0,0.00000000,0.00000000,0.00000000,0,1,1,0,1,0,'0000-00-00 00:00:00','0000-00-00 00:00:00'),(150,'C123342','034861','','','','','','Санкт-Петербург',100500,7,'catalog/images/image_koirat_21_83_item_9.jpg',36,1,69.9000,0,0,'0000-00-00',0.00000000,0,0.00000000,0.00000000,0.00000000,0,1,1,0,1,0,'0000-00-00 00:00:00','0000-00-00 00:00:00'),(151,'113204','113204','','','','','','Санкт-Петербург',100500,7,'catalog/images/image_kissat_21_51_item_3.jpg',16,1,48.9000,0,0,'0000-00-00',0.00000000,0,0.00000000,0.00000000,0.00000000,0,1,1,0,1,0,'0000-00-00 00:00:00','0000-00-00 00:00:00'),(152,'C77468','028936','','','','','','Санкт-Петербург',100500,7,'catalog/images/image_koirat_21_111_item_16.jpg',37,1,5.9000,0,0,'0000-00-00',0.00000000,0,0.00000000,0.00000000,0.00000000,0,1,1,0,1,0,'0000-00-00 00:00:00','0000-00-00 00:00:00'),(153,'114133','114133','','','','','','Санкт-Петербург',100500,7,'catalog/images/image_koirat_21_136_item_10.jpg',22,1,9.9000,0,0,'0000-00-00',0.00000000,0,0.00000000,0.00000000,0.00000000,0,1,1,0,1,0,'0000-00-00 00:00:00','0000-00-00 00:00:00'),(154,'031268','031268','','','','','','Санкт-Петербург',100500,7,'catalog/images/image_kissat_21_13_item_17.jpg',23,1,1.3900,0,0,'0000-00-00',0.00000000,0,0.00000000,0.00000000,0.00000000,0,1,1,0,1,0,'0000-00-00 00:00:00','0000-00-00 00:00:00'),(155,'C162176','108955','','','','','','Санкт-Петербург',100500,7,'catalog/images/image_pienelaimet_21_16_item_7.jpg',38,1,3.9000,0,0,'0000-00-00',0.00000000,0,0.00000000,0.00000000,0.00000000,0,1,1,0,1,0,'0000-00-00 00:00:00','0000-00-00 00:00:00'),(156,'C131129','101835','','','','','','Санкт-Петербург',100500,7,'catalog/images/image_koirat_21_53_item_7.jpg',39,1,12.9500,0,0,'0000-00-00',0.00000000,0,0.00000000,0.00000000,0.00000000,0,1,1,0,1,0,'0000-00-00 00:00:00','0000-00-00 00:00:00'),(157,'101309','101309','','','','','','Санкт-Петербург',100500,7,'catalog/images/image_koirat_21_18_item_4.jpg',40,1,6.9000,0,0,'0000-00-00',0.00000000,0,0.00000000,0.00000000,0.00000000,0,1,1,0,1,0,'0000-00-00 00:00:00','0000-00-00 00:00:00'),(158,'113108','113108','','','','','','Санкт-Петербург',100500,7,'catalog/images/image_kissat_21_49_item_0.jpg',16,1,44.9900,0,0,'0000-00-00',0.00000000,0,0.00000000,0.00000000,0.00000000,0,1,1,0,1,0,'0000-00-00 00:00:00','0000-00-00 00:00:00'),(159,'030702','030702','','','','','','Санкт-Петербург',100500,7,'catalog/images/image_koirat_21_50_item_4.jpg',41,1,2.9900,0,0,'0000-00-00',0.00000000,0,0.00000000,0.00000000,0.00000000,0,1,1,0,1,0,'0000-00-00 00:00:00','0000-00-00 00:00:00'),(160,'022072','022072','','','','','','Санкт-Петербург',100500,7,'catalog/images/image_kissat_21_57_item_20.jpg',13,1,1.5900,0,0,'0000-00-00',0.00000000,0,0.00000000,0.00000000,0.00000000,0,1,1,0,1,0,'0000-00-00 00:00:00','0000-00-00 00:00:00'),(161,'C170236','113394','','','','','','Санкт-Петербург',100500,7,'catalog/images/image_pennut_21_3_item_19.jpg',42,1,11.9000,0,0,'0000-00-00',0.00000000,0,0.00000000,0.00000000,0.00000000,0,1,1,0,1,0,'0000-00-00 00:00:00','0000-00-00 00:00:00'),(162,'107592','107592','','','','','','Санкт-Петербург',100500,7,'catalog/images/image_koirat_21_66_item_12.jpg',43,1,24.9000,0,0,'0000-00-00',0.00000000,0,0.00000000,0.00000000,0.00000000,0,1,1,0,1,0,'0000-00-00 00:00:00','0000-00-00 00:00:00'),(163,'C170835','113673','','','','','','Санкт-Петербург',100500,7,'catalog/images/image_koirat_21_34_item_18.jpg',42,1,24.9000,0,0,'0000-00-00',0.00000000,0,0.00000000,0.00000000,0.00000000,0,1,1,0,1,0,'0000-00-00 00:00:00','0000-00-00 00:00:00'),(164,'C163666','109613','','','','','','Санкт-Петербург',100500,7,'catalog/images/image_koirat_21_125_item_6.jpg',44,1,10.9000,0,0,'0000-00-00',0.00000000,0,0.00000000,0.00000000,0.00000000,0,1,1,0,1,0,'0000-00-00 00:00:00','0000-00-00 00:00:00'),(165,'029091','029091','','','','','','Санкт-Петербург',100500,7,'catalog/images/image_koirat_21_48_item_5.jpg',45,1,2.4900,0,0,'0000-00-00',0.00000000,0,0.00000000,0.00000000,0.00000000,0,1,1,0,1,0,'0000-00-00 00:00:00','0000-00-00 00:00:00'),(166,'028518','028518','','','','','','Санкт-Петербург',100500,7,'catalog/images/image_lemmikinomistajille_21_4_item_10.jpg',0,1,3.9500,0,0,'0000-00-00',0.00000000,0,0.00000000,0.00000000,0.00000000,0,1,1,0,1,0,'0000-00-00 00:00:00','0000-00-00 00:00:00'),(167,'025924','025924','','','','','','Санкт-Петербург',100500,7,'catalog/images/image_kissat_21_35_item_4.jpg',16,1,26.9000,0,0,'0000-00-00',0.00000000,0,0.00000000,0.00000000,0.00000000,0,1,1,0,1,0,'0000-00-00 00:00:00','0000-00-00 00:00:00'),(168,'C72088','108963','','','','','','Санкт-Петербург',100500,7,'catalog/images/image_pienelaimet_21_7_item_16.jpg',38,1,16.9000,0,0,'0000-00-00',0.00000000,0,0.00000000,0.00000000,0.00000000,0,1,1,0,1,0,'0000-00-00 00:00:00','0000-00-00 00:00:00'),(169,'033568','033568','','','','','','Санкт-Петербург',100500,7,'catalog/images/image_tarjoukset_21_3_item_13.jpg',46,1,10.9000,0,0,'0000-00-00',0.00000000,0,0.00000000,0.00000000,0.00000000,0,1,1,0,1,0,'0000-00-00 00:00:00','0000-00-00 00:00:00'),(170,'C129682','101143','','','','','','Санкт-Петербург',100500,7,'catalog/images/image_kissat_21_6_item_5.jpg',0,1,18.9000,0,0,'0000-00-00',0.00000000,0,0.00000000,0.00000000,0.00000000,0,1,1,0,1,0,'0000-00-00 00:00:00','0000-00-00 00:00:00'),(171,'C155160','106788','','','','','','Санкт-Петербург',100500,7,'catalog/images/image_koirat_21_24_item_5.jpg',47,1,19.9000,0,0,'0000-00-00',0.00000000,0,0.00000000,0.00000000,0.00000000,0,1,1,0,1,1,'0000-00-00 00:00:00','0000-00-00 00:00:00'),(172,'035015','035015','','','','','','Санкт-Петербург',100500,7,'catalog/images/image_kissat_21_12_item_13.jpg',22,1,2.9900,0,0,'0000-00-00',0.00000000,0,0.00000000,0.00000000,0.00000000,0,1,1,0,1,0,'0000-00-00 00:00:00','0000-00-00 00:00:00'),(173,'C75971','027669','','','','','','Санкт-Петербург',100500,7,'catalog/images/image_koirat_21_144_item_7.jpg',0,1,27.9000,0,0,'0000-00-00',0.00000000,0,0.00000000,0.00000000,0.00000000,0,1,1,0,1,0,'0000-00-00 00:00:00','0000-00-00 00:00:00'),(174,'C157654','108132','','','','','','Санкт-Петербург',100500,7,'catalog/images/image_koirat_21_65_item_15.jpg',0,1,32.9000,0,0,'0000-00-00',0.00000000,0,0.00000000,0.00000000,0.00000000,0,1,1,0,1,0,'0000-00-00 00:00:00','0000-00-00 00:00:00'),(175,'101601','101601','','','','','','Санкт-Петербург',100500,7,'catalog/images/image_pienelaimet_21_8_item_18.jpg',19,1,3.9000,0,0,'0000-00-00',0.00000000,0,0.00000000,0.00000000,0.00000000,0,1,1,0,1,0,'0000-00-00 00:00:00','0000-00-00 00:00:00'),(176,'101052','101052','','','','','','Санкт-Петербург',100500,7,'catalog/images/image_kissat_21_37_item_13.jpg',16,1,7.9000,0,0,'0000-00-00',0.00000000,0,0.00000000,0.00000000,0.00000000,0,1,1,0,1,0,'0000-00-00 00:00:00','0000-00-00 00:00:00'),(177,'117555','117555','','','','','','Санкт-Петербург',100500,7,'catalog/images/image_lemmikinomistajille_21_10_item_4.jpg',0,1,15.9500,0,0,'0000-00-00',0.00000000,0,0.00000000,0.00000000,0.00000000,0,1,1,0,1,0,'0000-00-00 00:00:00','0000-00-00 00:00:00'),(178,'100532','100532','','','','','','Санкт-Петербург',100500,7,'catalog/images/image_koirat_21_124_item_6.jpg',49,1,13.9000,0,0,'0000-00-00',0.00000000,0,0.00000000,0.00000000,0.00000000,0,1,1,0,1,0,'0000-00-00 00:00:00','0000-00-00 00:00:00'),(179,'034657','034657','','','','','','Санкт-Петербург',100500,7,'catalog/images/image_koirat_21_15_item_17.jpg',50,1,3.9900,0,0,'0000-00-00',0.00000000,0,0.00000000,0.00000000,0.00000000,0,1,1,0,1,0,'0000-00-00 00:00:00','0000-00-00 00:00:00'),(180,'108688','108688','','','','','','Санкт-Петербург',100500,7,'catalog/images/image_pienelaimet_21_11_item_4.jpg',30,1,4.9000,0,0,'0000-00-00',0.00000000,0,0.00000000,0.00000000,0.00000000,0,1,1,0,1,0,'0000-00-00 00:00:00','0000-00-00 00:00:00'),(181,'C126260','034817','','','','','','Санкт-Петербург',100500,7,'catalog/images/image_pienelaimet_21_6_item_6.jpg',51,1,13.9000,0,0,'0000-00-00',0.00000000,0,0.00000000,0.00000000,0.00000000,0,1,1,0,1,0,'0000-00-00 00:00:00','0000-00-00 00:00:00'),(182,'C158746','108510','','','','','','Санкт-Петербург',100500,7,'catalog/images/image_pennut_21_3_item_7.jpg',40,1,6.9000,0,0,'0000-00-00',0.00000000,0,0.00000000,0.00000000,0.00000000,0,1,1,0,1,0,'0000-00-00 00:00:00','0000-00-00 00:00:00'),(183,'101986','101986','','','','','','Санкт-Петербург',100500,7,'catalog/images/image_koirat_21_118_item_8.jpg',31,1,4.9000,0,0,'0000-00-00',0.00000000,0,0.00000000,0.00000000,0.00000000,0,1,1,0,1,0,'0000-00-00 00:00:00','0000-00-00 00:00:00'),(184,'117608','117608','','','','','','Санкт-Петербург',100500,7,'catalog/images/image_lemmikinomistajille_21_12_item_15.jpg',0,1,15.9500,0,0,'0000-00-00',0.00000000,0,0.00000000,0.00000000,0.00000000,0,1,1,0,1,0,'0000-00-00 00:00:00','0000-00-00 00:00:00'),(185,'028482','028482','','','','','','Санкт-Петербург',100500,7,'catalog/images/image_pienelaimet_21_7_item_8.jpg',52,1,16.9000,0,0,'0000-00-00',0.00000000,0,0.00000000,0.00000000,0.00000000,0,1,1,0,1,0,'0000-00-00 00:00:00','0000-00-00 00:00:00'),(186,'026231','026231','','','','','','Санкт-Петербург',100500,7,'catalog/images/image_kissat_21_35_item_7.jpg',53,1,8.9000,0,0,'0000-00-00',0.00000000,0,0.00000000,0.00000000,0.00000000,0,1,1,0,1,0,'0000-00-00 00:00:00','0000-00-00 00:00:00'),(187,'117822','117822','','','','','','Санкт-Петербург',100500,7,'catalog/images/image_kissat_21_28_item_0.jpg',23,1,2.4900,0,0,'0000-00-00',0.00000000,0,0.00000000,0.00000000,0.00000000,0,1,1,0,1,0,'0000-00-00 00:00:00','0000-00-00 00:00:00'),(188,'C111772','016590','','','','','','Санкт-Петербург',100500,7,'catalog/images/image_koirat_21_145_item_14.jpg',13,1,67.9000,0,0,'0000-00-00',0.00000000,0,0.00000000,0.00000000,0.00000000,0,1,1,0,1,0,'0000-00-00 00:00:00','0000-00-00 00:00:00'),(189,'002575','002575','','','','','','Санкт-Петербург',100500,7,'catalog/images/image_koirat_21_106_item_10.jpg',54,1,29.9000,0,0,'0000-00-00',0.00000000,0,0.00000000,0.00000000,0.00000000,0,1,1,0,1,0,'0000-00-00 00:00:00','0000-00-00 00:00:00'),(190,'C73538','023612','','','','','','Санкт-Петербург',100500,7,'catalog/images/image_koirat_21_97_item_12.jpg',37,1,8.9000,0,0,'0000-00-00',0.00000000,0,0.00000000,0.00000000,0.00000000,0,1,1,0,1,0,'0000-00-00 00:00:00','0000-00-00 00:00:00'),(191,'028535','028535','','','','','','Санкт-Петербург',100500,7,'catalog/images/image_lemmikinomistajille_21_5_item_5.jpg',0,1,3.9500,0,0,'0000-00-00',0.00000000,0,0.00000000,0.00000000,0.00000000,0,1,1,0,1,0,'0000-00-00 00:00:00','0000-00-00 00:00:00'),(192,'C70712','017342','','','','','','Санкт-Петербург',100500,7,'catalog/images/image_koirat_21_95_item_6.jpg',17,1,21.9000,0,0,'0000-00-00',0.00000000,0,0.00000000,0.00000000,0.00000000,0,1,1,0,1,0,'0000-00-00 00:00:00','0000-00-00 00:00:00'),(193,'018325','018325','','','','','','Санкт-Петербург',100500,7,'catalog/images/image_kissat_21_38_item_0.jpg',13,1,1.5900,0,0,'0000-00-00',0.00000000,0,0.00000000,0.00000000,0.00000000,0,1,1,0,1,0,'0000-00-00 00:00:00','0000-00-00 00:00:00'),(194,'103911','103911','','','','','','Санкт-Петербург',100500,7,'catalog/images/image_koirat_21_148_item_10.jpg',39,1,32.9500,0,0,'0000-00-00',0.00000000,0,0.00000000,0.00000000,0.00000000,0,1,1,0,1,0,'0000-00-00 00:00:00','0000-00-00 00:00:00'),(195,'028303','028303','','','','','','Санкт-Петербург',100500,7,'catalog/images/image_lemmikinomistajille_21_1_item_20.jpg',0,1,3.9500,0,0,'0000-00-00',0.00000000,0,0.00000000,0.00000000,0.00000000,0,1,1,0,1,0,'0000-00-00 00:00:00','0000-00-00 00:00:00'),(196,'C80842','031944','','','','','','Санкт-Петербург',100500,7,'catalog/images/image_kissat_21_43_item_3.jpg',13,1,7.9900,0,0,'0000-00-00',0.00000000,0,0.00000000,0.00000000,0.00000000,0,1,1,0,1,0,'0000-00-00 00:00:00','0000-00-00 00:00:00'),(197,'C149238','104229','','','','','','Санкт-Петербург',100500,7,'catalog/images/image_kissat_21_20_item_15.jpg',41,1,3.9000,0,0,'0000-00-00',0.00000000,0,0.00000000,0.00000000,0.00000000,0,1,1,0,1,0,'0000-00-00 00:00:00','0000-00-00 00:00:00'),(198,'102706','102706','','','','','','Санкт-Петербург',100500,7,'catalog/images/image_pienelaimet_21_2_item_4.jpg',55,1,5.9000,0,0,'0000-00-00',0.00000000,0,0.00000000,0.00000000,0.00000000,0,1,1,0,1,0,'0000-00-00 00:00:00','0000-00-00 00:00:00'),(199,'C72948','022650','','','','','','Санкт-Петербург',100500,7,'catalog/images/image_royal-canin_koirat_maxi_21_1_item_5.jpg',13,1,39.9000,0,0,'0000-00-00',0.00000000,0,0.00000000,0.00000000,0.00000000,0,1,1,0,1,0,'0000-00-00 00:00:00','0000-00-00 00:00:00'),(200,'113671','113671','','','','','','Санкт-Петербург',100500,7,'catalog/images/image_koirat_21_34_item_15.jpg',42,1,44.9000,0,0,'0000-00-00',0.00000000,0,0.00000000,0.00000000,0.00000000,0,1,1,0,1,0,'0000-00-00 00:00:00','0000-00-00 00:00:00'),(201,'100527','100527','','','','','','Санкт-Петербург',100500,7,'catalog/images/image_koirat_21_45_item_17.jpg',56,1,14.9000,0,0,'0000-00-00',0.00000000,0,0.00000000,0.00000000,0.00000000,0,1,1,0,1,0,'0000-00-00 00:00:00','0000-00-00 00:00:00'),(202,'117720','117720','','','','','','Санкт-Петербург',100500,7,'catalog/images/image_koirat_21_135_item_2.jpg',37,1,10.9500,0,0,'0000-00-00',0.00000000,0,0.00000000,0.00000000,0.00000000,0,1,1,0,1,0,'0000-00-00 00:00:00','0000-00-00 00:00:00'),(203,'017542','017542','','','','','','Санкт-Петербург',100500,7,'catalog/images/image_kissat_21_56_item_5.jpg',57,1,1.2900,0,0,'0000-00-00',0.00000000,0,0.00000000,0.00000000,0.00000000,0,1,1,0,1,0,'0000-00-00 00:00:00','0000-00-00 00:00:00'),(204,'107664','107664','','','','','','Санкт-Петербург',100500,7,'catalog/images/image_koirat_21_60_item_19.jpg',58,1,18.9000,0,0,'0000-00-00',0.00000000,0,0.00000000,0.00000000,0.00000000,0,1,1,0,1,0,'0000-00-00 00:00:00','0000-00-00 00:00:00'),(205,'C153512','106468','','','','','','Санкт-Петербург',100500,7,'catalog/images/image_koirat_21_58_item_16.jpg',41,1,3.4900,0,0,'0000-00-00',0.00000000,0,0.00000000,0.00000000,0.00000000,0,1,1,0,1,0,'0000-00-00 00:00:00','0000-00-00 00:00:00'),(206,'051790','051790','','','','','','Санкт-Петербург',100500,7,'catalog/images/image_kissat_21_14_item_14.jpg',59,1,2.1900,0,0,'0000-00-00',0.00000000,0,0.00000000,0.00000000,0.00000000,0,1,1,0,1,0,'0000-00-00 00:00:00','0000-00-00 00:00:00'),(207,'C83525','033615','','','','','','Санкт-Петербург',100500,7,'catalog/images/image_koirat_21_102_item_5.jpg',26,1,26.9000,0,0,'0000-00-00',0.00000000,0,0.00000000,0.00000000,0.00000000,0,1,1,0,1,0,'0000-00-00 00:00:00','0000-00-00 00:00:00'),(208,'C124936','100201','','','','','','Санкт-Петербург',100500,7,'catalog/images/image_koirat_21_117_item_3.jpg',60,1,27.9000,0,0,'0000-00-00',0.00000000,0,0.00000000,0.00000000,0.00000000,0,1,1,0,1,0,'0000-00-00 00:00:00','0000-00-00 00:00:00'),(209,'114400','114400','','','','','','Санкт-Петербург',100500,7,'catalog/images/image_kissat_21_29_item_0.jpg',61,1,9.9000,0,0,'0000-00-00',0.00000000,0,0.00000000,0.00000000,0.00000000,0,1,1,0,1,0,'0000-00-00 00:00:00','0000-00-00 00:00:00'),(210,'C155164','106791','','','','','','Санкт-Петербург',100500,7,'catalog/images/image_koirat_21_24_item_9.jpg',47,1,19.9000,0,0,'0000-00-00',0.00000000,0,0.00000000,0.00000000,0.00000000,0,1,1,0,1,0,'0000-00-00 00:00:00','0000-00-00 00:00:00'),(211,'106829','106829','','','','','','Санкт-Петербург',100500,7,'catalog/images/image_pennut_21_5_item_9.jpg',25,1,9.9000,0,0,'0000-00-00',0.00000000,0,0.00000000,0.00000000,0.00000000,0,1,1,0,1,0,'0000-00-00 00:00:00','0000-00-00 00:00:00'),(212,'C68170','019911','','','','','','Санкт-Петербург',100500,7,'catalog/images/image_koirat_21_130_item_14.jpg',28,1,10.9000,0,0,'0000-00-00',0.00000000,0,0.00000000,0.00000000,0.00000000,0,1,1,0,1,0,'0000-00-00 00:00:00','0000-00-00 00:00:00'),(213,'100195','100195','','','','','','Санкт-Петербург',100500,7,'catalog/images/image_koirat_21_17_item_3.jpg',0,1,4.9900,0,0,'0000-00-00',0.00000000,0,0.00000000,0.00000000,0.00000000,0,1,1,0,1,0,'0000-00-00 00:00:00','0000-00-00 00:00:00'),(214,'114344','114344','','','','','','Санкт-Петербург',100500,7,'catalog/images/image_kissat_21_27_item_11.jpg',22,1,7.9000,0,0,'0000-00-00',0.00000000,0,0.00000000,0.00000000,0.00000000,0,1,1,0,1,0,'0000-00-00 00:00:00','0000-00-00 00:00:00'),(215,'C162587','109092','','','','','','Санкт-Петербург',100500,7,'catalog/images/image_koirat_21_68_item_19.jpg',62,1,17.9000,0,0,'0000-00-00',0.00000000,0,0.00000000,0.00000000,0.00000000,0,1,1,0,1,0,'0000-00-00 00:00:00','0000-00-00 00:00:00'),(216,'112542','112542','','','','','','Санкт-Петербург',100500,7,'catalog/images/image_koirat_21_127_item_7.jpg',16,1,19.9900,0,0,'0000-00-00',0.00000000,0,0.00000000,0.00000000,0.00000000,0,1,1,0,1,0,'0000-00-00 00:00:00','0000-00-00 00:00:00'),(217,'C149347','104275','','','','','','Санкт-Петербург',100500,7,'catalog/images/image_koirat_21_85_item_0.jpg',41,1,12.9000,0,0,'0000-00-00',0.00000000,0,0.00000000,0.00000000,0.00000000,0,1,1,0,1,0,'0000-00-00 00:00:00','0000-00-00 00:00:00'),(218,'025422','025422','','','','','','Санкт-Петербург',100500,7,'catalog/images/image_koirat_21_98_item_1.jpg',63,1,29.9000,0,0,'0000-00-00',0.00000000,0,0.00000000,0.00000000,0.00000000,0,1,1,0,1,0,'0000-00-00 00:00:00','0000-00-00 00:00:00'),(219,'101546','101546','','','','','','Санкт-Петербург',100500,7,'catalog/images/image_kissat_21_44_item_17.jpg',64,1,19.9000,0,0,'0000-00-00',0.00000000,0,0.00000000,0.00000000,0.00000000,0,1,1,0,1,0,'0000-00-00 00:00:00','0000-00-00 00:00:00'),(220,'108989','108989','','','','','','Санкт-Петербург',100500,7,'catalog/images/image_pienelaimet_21_16_item_14.jpg',38,1,5.9000,0,0,'0000-00-00',0.00000000,0,0.00000000,0.00000000,0.00000000,0,1,1,0,1,0,'0000-00-00 00:00:00','0000-00-00 00:00:00'),(221,'C136123','103152','','','','','','Санкт-Петербург',100500,7,'catalog/images/image_koirat_21_121_item_15.jpg',17,1,49.9000,0,0,'0000-00-00',0.00000000,0,0.00000000,0.00000000,0.00000000,0,1,1,0,1,0,'0000-00-00 00:00:00','0000-00-00 00:00:00'),(222,'C76281','028012','','','','','','Санкт-Петербург',100500,7,'catalog/images/image_koirat_21_88_item_17.jpg',39,1,39.9000,0,0,'0000-00-00',0.00000000,0,0.00000000,0.00000000,0.00000000,0,1,1,0,1,0,'0000-00-00 00:00:00','0000-00-00 00:00:00'),(223,'C74150','024613','','','','','','Санкт-Петербург',100500,7,'catalog/images/image_koirat_21_110_item_6.jpg',65,1,24.9000,0,0,'0000-00-00',0.00000000,0,0.00000000,0.00000000,0.00000000,0,1,1,0,1,0,'0000-00-00 00:00:00','0000-00-00 00:00:00'),(224,'C176428','116524','','','','','','Санкт-Петербург',100500,7,'catalog/images/image_kissat_21_52_item_18.jpg',14,1,5.9000,0,0,'0000-00-00',0.00000000,0,0.00000000,0.00000000,0.00000000,0,1,1,0,1,0,'0000-00-00 00:00:00','0000-00-00 00:00:00'),(225,'C72940','022646','','','','','','Санкт-Петербург',100500,7,'catalog/images/image_royal-canin_koirat_mini_21_1_item_4.jpg',13,1,11.9000,0,0,'0000-00-00',0.00000000,0,0.00000000,0.00000000,0.00000000,0,1,1,0,1,0,'0000-00-00 00:00:00','0000-00-00 00:00:00'),(226,'C76372','028088','','','','','','Санкт-Петербург',100500,7,'catalog/images/image_koirat_21_111_item_9.jpg',17,1,21.9000,0,0,'0000-00-00',0.00000000,0,0.00000000,0.00000000,0.00000000,0,1,1,0,1,0,'0000-00-00 00:00:00','0000-00-00 00:00:00'),(227,'034931','034931','','','','','','Санкт-Петербург',100500,7,'catalog/images/image_koirat_21_44_item_5.jpg',22,1,8.9000,0,0,'0000-00-00',0.00000000,0,0.00000000,0.00000000,0.00000000,0,1,1,0,1,0,'0000-00-00 00:00:00','0000-00-00 00:00:00'),(228,'114277','114277','','','','','','Санкт-Петербург',100500,7,'catalog/images/image_koirat_21_132_item_6.jpg',66,1,59.9000,0,0,'0000-00-00',0.00000000,0,0.00000000,0.00000000,0.00000000,0,1,1,0,1,0,'0000-00-00 00:00:00','0000-00-00 00:00:00'),(229,'109005','109005','','','','','','Санкт-Петербург',100500,7,'catalog/images/image_koirat_21_124_item_11.jpg',67,1,9.9900,0,0,'0000-00-00',0.00000000,0,0.00000000,0.00000000,0.00000000,0,1,1,0,1,0,'0000-00-00 00:00:00','0000-00-00 00:00:00'),(230,'106429','106429','','','','','','Санкт-Петербург',100500,7,'catalog/images/image_koirat_21_57_item_8.jpg',68,1,3.2900,0,0,'0000-00-00',0.00000000,0,0.00000000,0.00000000,0.00000000,0,1,1,0,1,0,'0000-00-00 00:00:00','0000-00-00 00:00:00'),(231,'031355','031355','','','','','','Санкт-Петербург',100500,7,'catalog/images/image_koirat_21_139_item_5.jpg',31,1,39.9000,0,0,'0000-00-00',0.00000000,0,0.00000000,0.00000000,0.00000000,0,1,1,0,1,0,'0000-00-00 00:00:00','0000-00-00 00:00:00'),(232,'C74377','025640','','','','','','Санкт-Петербург',100500,7,'catalog/images/image_koirat_21_1_item_11.jpg',47,1,15.9000,0,0,'0000-00-00',0.00000000,0,0.00000000,0.00000000,0.00000000,0,1,1,0,1,0,'0000-00-00 00:00:00','0000-00-00 00:00:00'),(233,'C78622','030233','','','','','','Санкт-Петербург',100500,7,'catalog/images/image_koirat_21_3_item_12.jpg',47,1,24.9000,0,0,'0000-00-00',0.00000000,0,0.00000000,0.00000000,0.00000000,0,1,1,0,1,0,'0000-00-00 00:00:00','0000-00-00 00:00:00'),(234,'113982','113982','','','','','','Санкт-Петербург',100500,7,'catalog/images/image_koirat_21_35_item_0.jpg',29,1,3.5900,0,0,'0000-00-00',0.00000000,0,0.00000000,0.00000000,0.00000000,0,1,1,0,1,0,'0000-00-00 00:00:00','0000-00-00 00:00:00'),(235,'033710','033710','','','','','','Санкт-Петербург',100500,7,'catalog/images/image_lemmikinomistajille_21_1_item_0.jpg',69,1,7.9000,0,0,'0000-00-00',0.00000000,0,0.00000000,0.00000000,0.00000000,0,1,1,0,1,0,'0000-00-00 00:00:00','0000-00-00 00:00:00'),(236,'116549','116549','','','','','','Санкт-Петербург',100500,7,'catalog/images/image_koirat_21_39_item_10.jpg',0,1,8.9000,0,0,'0000-00-00',0.00000000,0,0.00000000,0.00000000,0.00000000,0,1,1,0,1,0,'0000-00-00 00:00:00','0000-00-00 00:00:00'),(237,'C163362','109394','','','','','','Санкт-Петербург',100500,7,'catalog/images/image_koirat_21_73_item_9.jpg',22,1,7.9000,0,0,'0000-00-00',0.00000000,0,0.00000000,0.00000000,0.00000000,0,1,1,0,1,0,'0000-00-00 00:00:00','0000-00-00 00:00:00'),(238,'010900','010900','','','','','','Санкт-Петербург',100500,7,'catalog/images/image_koirat_21_103_item_17.jpg',70,1,12.9000,0,0,'0000-00-00',0.00000000,0,0.00000000,0.00000000,0.00000000,0,1,1,0,1,0,'0000-00-00 00:00:00','0000-00-00 00:00:00'),(239,'103017','103017','','','','','','Санкт-Петербург',100500,7,'catalog/images/image_koirat_21_52_item_10.jpg',71,1,19.9000,0,0,'0000-00-00',0.00000000,0,0.00000000,0.00000000,0.00000000,0,1,1,0,1,0,'0000-00-00 00:00:00','0000-00-00 00:00:00'),(240,'108930','108930','','','','','','Санкт-Петербург',100500,7,'catalog/images/image_pienelaimet_21_15_item_10.jpg',38,1,6.9000,0,0,'0000-00-00',0.00000000,0,0.00000000,0.00000000,0.00000000,0,1,1,0,1,0,'0000-00-00 00:00:00','0000-00-00 00:00:00'),(241,'034074','034074','','','','','','Санкт-Петербург',100500,7,'catalog/images/image_kissat_21_4_item_5.jpg',0,1,69.9000,0,0,'0000-00-00',0.00000000,0,0.00000000,0.00000000,0.00000000,0,1,1,0,1,0,'0000-00-00 00:00:00','0000-00-00 00:00:00'),(242,'113958','113958','','','','','','Санкт-Петербург',100500,7,'catalog/images/image_pienelaimet_21_14_item_15.jpg',16,1,42.9900,0,0,'0000-00-00',0.00000000,0,0.00000000,0.00000000,0.00000000,0,1,1,0,1,0,'0000-00-00 00:00:00','0000-00-00 00:00:00'),(243,'016867','016867','','','','','','Санкт-Петербург',100500,7,'catalog/images/image_koirat_21_94_item_16.jpg',24,1,1.9500,0,0,'0000-00-00',0.00000000,0,0.00000000,0.00000000,0.00000000,0,1,1,0,1,0,'0000-00-00 00:00:00','0000-00-00 00:00:00'),(244,'028506','028506','','','','','','Санкт-Петербург',100500,7,'catalog/images/image_lemmikinomistajille_21_3_item_20.jpg',0,1,3.9500,0,0,'0000-00-00',0.00000000,0,0.00000000,0.00000000,0.00000000,0,1,1,0,1,0,'0000-00-00 00:00:00','0000-00-00 00:00:00'),(245,'032794','032794','','','','','','Санкт-Петербург',100500,7,'catalog/images/image_kissat_21_30_item_18.jpg',72,1,1.3900,0,0,'0000-00-00',0.00000000,0,0.00000000,0.00000000,0.00000000,0,1,1,0,1,0,'0000-00-00 00:00:00','0000-00-00 00:00:00'),(246,'008176','008176','','','','','','Санкт-Петербург',100500,7,'catalog/images/image_koirat_21_92_item_18.jpg',73,1,99.9000,0,0,'0000-00-00',0.00000000,0,0.00000000,0.00000000,0.00000000,0,1,1,0,1,0,'0000-00-00 00:00:00','0000-00-00 00:00:00'),(247,'100720','100720','','','','','','Санкт-Петербург',100500,7,'catalog/images/image_kissat_21_45_item_2.jpg',74,1,10.9000,0,0,'0000-00-00',0.00000000,0,0.00000000,0.00000000,0.00000000,0,1,1,0,1,0,'0000-00-00 00:00:00','0000-00-00 00:00:00'),(248,'C172190','114244','','','','','','Санкт-Петербург',100500,7,'catalog/images/image_koirat_21_33_item_17.jpg',47,1,26.9000,0,0,'0000-00-00',0.00000000,0,0.00000000,0.00000000,0.00000000,0,1,1,0,1,0,'0000-00-00 00:00:00','0000-00-00 00:00:00'),(249,'020435','020435','','','','','','Санкт-Петербург',100500,7,'catalog/images/image_koirat_21_109_item_10.jpg',63,1,21.9000,0,0,'0000-00-00',0.00000000,0,0.00000000,0.00000000,0.00000000,0,1,1,0,1,0,'0000-00-00 00:00:00','0000-00-00 00:00:00'),(250,'C134116','102307','','','','','','Санкт-Петербург',100500,7,'catalog/images/image_tarjoukset_21_2_item_1.jpg',0,1,49.9000,0,0,'0000-00-00',0.00000000,0,0.00000000,0.00000000,0.00000000,0,1,1,0,1,0,'0000-00-00 00:00:00','0000-00-00 00:00:00'),(251,'032805','032805','','','','','','Санкт-Петербург',100500,7,'catalog/images/image_kissat_21_32_item_5.jpg',72,1,1.3900,0,0,'0000-00-00',0.00000000,0,0.00000000,0.00000000,0.00000000,0,1,1,0,1,0,'0000-00-00 00:00:00','0000-00-00 00:00:00'),(252,'108641','108641','','','','','','Санкт-Петербург',100500,7,'catalog/images/image_koirat_21_71_item_5.jpg',75,1,4.9000,0,0,'0000-00-00',0.00000000,0,0.00000000,0.00000000,0.00000000,0,1,1,0,1,0,'0000-00-00 00:00:00','0000-00-00 00:00:00'),(253,'C163479','109455','','','','','','Санкт-Петербург',100500,7,'catalog/images/image_koirat_21_77_item_7.jpg',17,1,29.9000,0,0,'0000-00-00',0.00000000,0,0.00000000,0.00000000,0.00000000,0,1,1,0,1,0,'0000-00-00 00:00:00','0000-00-00 00:00:00'),(254,'C163417','109409','','','','','','Санкт-Петербург',100500,7,'catalog/images/image_koirat_21_147_item_20.jpg',17,1,67.9000,0,0,'0000-00-00',0.00000000,0,0.00000000,0.00000000,0.00000000,0,1,1,0,1,0,'0000-00-00 00:00:00','0000-00-00 00:00:00'),(255,'C78835','030448','','','','','','Санкт-Петербург',100500,7,'catalog/images/image_koirat_21_144_item_13.jpg',13,1,19.9000,0,0,'0000-00-00',0.00000000,0,0.00000000,0.00000000,0.00000000,0,1,1,0,1,0,'0000-00-00 00:00:00','0000-00-00 00:00:00'),(256,'005633','005633','','','','','','Санкт-Петербург',100500,7,'catalog/images/image_koirat_21_92_item_4.jpg',16,1,9.9000,0,0,'0000-00-00',0.00000000,0,0.00000000,0.00000000,0.00000000,0,1,1,0,1,0,'0000-00-00 00:00:00','0000-00-00 00:00:00'),(257,'C131130','101848','','','','','','Санкт-Петербург',100500,7,'catalog/images/image_pennut_21_5_item_13.jpg',39,1,19.9000,0,0,'0000-00-00',0.00000000,0,0.00000000,0.00000000,0.00000000,0,1,1,0,1,0,'0000-00-00 00:00:00','0000-00-00 00:00:00'),(258,'C155539','106959','','','','','','Санкт-Петербург',100500,7,'catalog/images/image_koirat_21_129_item_1.jpg',16,1,11.9000,0,0,'0000-00-00',0.00000000,0,0.00000000,0.00000000,0.00000000,0,1,1,0,1,0,'0000-00-00 00:00:00','0000-00-00 00:00:00'),(259,'C70054','014414','','','','','','Санкт-Петербург',100500,7,'catalog/images/image_royal-canin_koirat_breed-roturuoat_21_1_item_13.jpg',13,1,69.9000,0,0,'0000-00-00',0.00000000,0,0.00000000,0.00000000,0.00000000,0,1,1,0,1,0,'0000-00-00 00:00:00','0000-00-00 00:00:00'),(260,'C177092','116730','','','','','','Санкт-Петербург',100500,7,'catalog/images/image_koirat_21_131_item_20.jpg',31,1,24.9000,0,0,'0000-00-00',0.00000000,0,0.00000000,0.00000000,0.00000000,0,1,1,0,1,0,'0000-00-00 00:00:00','0000-00-00 00:00:00'),(261,'116554','116554','','','','','','Санкт-Петербург',100500,7,'catalog/images/image_kissat_21_11_item_14.jpg',42,1,99.0000,0,0,'0000-00-00',0.00000000,0,0.00000000,0.00000000,0.00000000,0,1,1,0,1,0,'0000-00-00 00:00:00','0000-00-00 00:00:00'),(262,'030173','030173','','','','','','Санкт-Петербург',100500,7,'catalog/images/image_koirat_21_112_item_5.jpg',16,1,4.9900,0,0,'0000-00-00',0.00000000,0,0.00000000,0.00000000,0.00000000,0,1,1,0,1,0,'0000-00-00 00:00:00','0000-00-00 00:00:00'),(263,'C71106','018776','','','','','','Санкт-Петербург',100500,7,'catalog/images/image_koirat_21_105_item_16.jpg',76,1,18.9000,0,0,'0000-00-00',0.00000000,0,0.00000000,0.00000000,0.00000000,0,1,1,0,1,0,'0000-00-00 00:00:00','0000-00-00 00:00:00'),(264,'031851','031851','','','','','','Санкт-Петербург',100500,7,'catalog/images/image_kissat_21_39_item_9.jpg',77,1,7.9000,0,0,'0000-00-00',0.00000000,0,0.00000000,0.00000000,0.00000000,0,1,1,0,1,0,'0000-00-00 00:00:00','0000-00-00 00:00:00'),(265,'114405','114405','','','','','','Санкт-Петербург',100500,7,'catalog/images/image_kissat_21_29_item_5.jpg',61,1,6.9000,0,0,'0000-00-00',0.00000000,0,0.00000000,0.00000000,0.00000000,0,1,1,0,1,0,'0000-00-00 00:00:00','0000-00-00 00:00:00'),(266,'C128701','100808','','','','','','Санкт-Петербург',100500,7,'catalog/images/image_royal-canin_kissat_feline-care-nutrition-erityistarpeisiin_21_1_item_5.jpg',13,1,6.9900,0,0,'0000-00-00',0.00000000,0,0.00000000,0.00000000,0.00000000,0,1,1,0,1,0,'0000-00-00 00:00:00','0000-00-00 00:00:00'),(267,'109003','109003','','','','','','Санкт-Петербург',100500,7,'catalog/images/image_kissat_21_9_item_0.jpg',78,1,1.9000,0,0,'0000-00-00',0.00000000,0,0.00000000,0.00000000,0.00000000,0,1,1,0,1,0,'0000-00-00 00:00:00','0000-00-00 00:00:00'),(268,'C72333','021873','','','','','','Санкт-Петербург',100500,7,'catalog/images/image_royal-canin_koirat_breed-roturuoat_21_2_item_0.jpg',13,1,18.9000,0,0,'0000-00-00',0.00000000,0,0.00000000,0.00000000,0.00000000,0,1,1,0,1,0,'0000-00-00 00:00:00','0000-00-00 00:00:00'),(269,'104029','104029','','','','','','Санкт-Петербург',100500,7,'catalog/images/image_koirat_21_120_item_17.jpg',77,1,179.0000,0,0,'0000-00-00',0.00000000,0,0.00000000,0.00000000,0.00000000,0,1,1,0,1,0,'0000-00-00 00:00:00','0000-00-00 00:00:00'),(270,'C146948','103592','','','','','','Санкт-Петербург',100500,7,'catalog/images/image_royal-canin_koirat_medium_21_1_item_8.jpg',13,1,25.9000,0,0,'0000-00-00',0.00000000,0,0.00000000,0.00000000,0.00000000,0,1,1,0,1,0,'0000-00-00 00:00:00','0000-00-00 00:00:00'),(271,'C157825','106761','','','','','','Санкт-Петербург',100500,7,'catalog/images/image_koirat_21_25_item_15.jpg',79,1,21.9000,0,0,'0000-00-00',0.00000000,0,0.00000000,0.00000000,0.00000000,0,1,1,0,1,0,'0000-00-00 00:00:00','0000-00-00 00:00:00'),(272,'103572','103572','','','','','','Санкт-Петербург',100500,7,'catalog/images/image_koirat_21_11_item_0.jpg',80,1,6.9882,0,0,'0000-00-00',0.00000000,0,0.00000000,0.00000000,0.00000000,0,1,1,0,1,0,'0000-00-00 00:00:00','0000-00-00 00:00:00'),(273,'026806','026806','','','','','','Санкт-Петербург',100500,7,'catalog/images/image_koirat_21_98_item_20.jpg',37,1,19.9000,0,0,'0000-00-00',0.00000000,0,0.00000000,0.00000000,0.00000000,0,1,1,0,1,0,'0000-00-00 00:00:00','0000-00-00 00:00:00'),(274,'114013','114013','','','','','','Санкт-Петербург',100500,7,'catalog/images/image_koirat_21_81_item_2.jpg',81,1,12.9900,0,0,'0000-00-00',0.00000000,0,0.00000000,0.00000000,0.00000000,0,1,1,0,1,0,'0000-00-00 00:00:00','0000-00-00 00:00:00'),(275,'C69610','012193','','','','','','Санкт-Петербург',100500,7,'catalog/images/image_royal-canin_koirat_breed-roturuoat_21_2_item_6.jpg',13,1,64.9000,0,0,'0000-00-00',0.00000000,0,0.00000000,0.00000000,0.00000000,0,1,1,0,1,0,'0000-00-00 00:00:00','0000-00-00 00:00:00'),(276,'C83752','033814','','','','','','Санкт-Петербург',100500,7,'catalog/images/image_kissat_21_18_item_3.jpg',59,1,4.9900,0,0,'0000-00-00',0.00000000,0,0.00000000,0.00000000,0.00000000,0,1,1,0,1,0,'0000-00-00 00:00:00','0000-00-00 00:00:00'),(277,'002297','002297','','','','','','Санкт-Петербург',100500,7,'catalog/images/image_kissat_21_41_item_2.jpg',82,1,15.9000,0,0,'0000-00-00',0.00000000,0,0.00000000,0.00000000,0.00000000,0,1,1,0,1,0,'0000-00-00 00:00:00','0000-00-00 00:00:00'),(278,'107619','107619','','','','','','Санкт-Петербург',100500,7,'catalog/images/image_koirat_21_59_item_6.jpg',58,1,24.9000,0,0,'0000-00-00',0.00000000,0,0.00000000,0.00000000,0.00000000,0,1,1,0,1,0,'0000-00-00 00:00:00','0000-00-00 00:00:00'),(279,'113005','113005','','','','','','Санкт-Петербург',100500,7,'catalog/images/image_koirat_21_74_item_4.jpg',83,1,14.9000,0,0,'0000-00-00',0.00000000,0,0.00000000,0.00000000,0.00000000,0,1,1,0,1,0,'0000-00-00 00:00:00','0000-00-00 00:00:00'),(280,'114153','114153','','','','','','Санкт-Петербург',100500,7,'catalog/images/image_koirat_21_138_item_2.jpg',30,1,2.1900,0,0,'0000-00-00',0.00000000,0,0.00000000,0.00000000,0.00000000,0,1,1,0,1,0,'0000-00-00 00:00:00','0000-00-00 00:00:00'),(281,'C77177','028600','','','','','','Санкт-Петербург',100500,7,'catalog/images/image_lemmikinomistajille_21_6_item_14.jpg',43,1,27.9000,0,0,'0000-00-00',0.00000000,0,0.00000000,0.00000000,0.00000000,0,1,1,0,1,0,'0000-00-00 00:00:00','0000-00-00 00:00:00'),(282,'113790','113790','','','','','','Санкт-Петербург',100500,7,'catalog/images/image_kissat_21_52_item_14.jpg',13,1,18.9000,0,0,'0000-00-00',0.00000000,0,0.00000000,0.00000000,0.00000000,0,1,1,0,1,0,'0000-00-00 00:00:00','0000-00-00 00:00:00'),(283,'C157392','107938','','','','','','Санкт-Петербург',100500,7,'catalog/images/image_koirat_21_24_item_18.jpg',47,1,37.9000,0,0,'0000-00-00',0.00000000,0,0.00000000,0.00000000,0.00000000,0,1,1,0,1,3,'0000-00-00 00:00:00','0000-00-00 00:00:00'),(284,'C150452','104796','','','','','','Санкт-Петербург',100500,7,'catalog/images/image_koirat_21_55_item_19.jpg',68,1,14.9000,0,0,'0000-00-00',0.00000000,0,0.00000000,0.00000000,0.00000000,0,1,1,0,1,0,'0000-00-00 00:00:00','0000-00-00 00:00:00'),(285,'C73688','023744','','','','','','Санкт-Петербург',100500,7,'catalog/images/image_koirat_21_142_item_16.jpg',31,1,26.9000,0,0,'0000-00-00',0.00000000,0,0.00000000,0.00000000,0.00000000,0,1,1,0,1,0,'0000-00-00 00:00:00','0000-00-00 00:00:00'),(286,'109040','109040','','','','','','Санкт-Петербург',100500,7,'catalog/images/image_koirat_21_30_item_5.jpg',78,1,24.9000,0,0,'0000-00-00',0.00000000,0,0.00000000,0.00000000,0.00000000,0,1,1,0,1,0,'0000-00-00 00:00:00','0000-00-00 00:00:00'),(287,'C68388','002210','','','','','','Санкт-Петербург',100500,7,'catalog/images/image_koirat_21_90_item_11.jpg',84,1,9.9000,0,0,'0000-00-00',0.00000000,0,0.00000000,0.00000000,0.00000000,0,1,1,0,1,0,'0000-00-00 00:00:00','0000-00-00 00:00:00'),(288,'002368','002368','','','','','','Санкт-Петербург',100500,7,'catalog/images/image_kissat_21_55_item_13.jpg',57,1,1.2900,0,0,'0000-00-00',0.00000000,0,0.00000000,0.00000000,0.00000000,0,1,1,0,1,0,'0000-00-00 00:00:00','0000-00-00 00:00:00'),(289,'109680','109680','','','','','','Санкт-Петербург',100500,7,'catalog/images/image_kissat_21_25_item_17.jpg',0,1,10.9000,0,0,'0000-00-00',0.00000000,0,0.00000000,0.00000000,0.00000000,0,1,1,0,1,0,'0000-00-00 00:00:00','0000-00-00 00:00:00'),(290,'C73714','023766','','','','','','Санкт-Петербург',100500,7,'catalog/images/image_koirat_21_145_item_2.jpg',31,1,69.9000,0,0,'0000-00-00',0.00000000,0,0.00000000,0.00000000,0.00000000,0,1,1,0,1,0,'0000-00-00 00:00:00','0000-00-00 00:00:00'),(291,'113767','113767','','','','','','Санкт-Петербург',100500,7,'catalog/images/image_koirat_21_129_item_20.jpg',16,1,11.9000,0,0,'0000-00-00',0.00000000,0,0.00000000,0.00000000,0.00000000,0,1,1,0,1,0,'0000-00-00 00:00:00','0000-00-00 00:00:00'),(292,'035017','035017','','','','','','Санкт-Петербург',100500,7,'catalog/images/image_kissat_21_12_item_17.jpg',22,1,4.9900,0,0,'0000-00-00',0.00000000,0,0.00000000,0.00000000,0.00000000,0,1,1,0,1,0,'0000-00-00 00:00:00','0000-00-00 00:00:00'),(293,'006028','006028','','','','','','Санкт-Петербург',100500,7,'catalog/images/image_pienelaimet_21_2_item_19.jpg',16,1,3.9900,0,0,'0000-00-00',0.00000000,0,0.00000000,0.00000000,0.00000000,0,1,1,0,1,0,'0000-00-00 00:00:00','0000-00-00 00:00:00'),(294,'107482','107482','','','','','','Санкт-Петербург',100500,7,'catalog/images/image_pienelaimet_21_1_item_9.jpg',0,1,2.9900,0,0,'0000-00-00',0.00000000,0,0.00000000,0.00000000,0.00000000,0,1,1,0,1,0,'0000-00-00 00:00:00','0000-00-00 00:00:00'),(295,'028540','028540','','','','','','Санкт-Петербург',100500,7,'catalog/images/image_lemmikinomistajille_21_5_item_8.jpg',0,1,3.9500,0,0,'0000-00-00',0.00000000,0,0.00000000,0.00000000,0.00000000,0,1,1,0,1,0,'0000-00-00 00:00:00','0000-00-00 00:00:00'),(296,'C130011','101308','','','','','','Санкт-Петербург',100500,7,'catalog/images/image_pennut_21_1_item_17.jpg',40,1,6.9000,0,0,'0000-00-00',0.00000000,0,0.00000000,0.00000000,0.00000000,0,1,1,0,1,0,'0000-00-00 00:00:00','0000-00-00 00:00:00'),(297,'C135815','103076','','','','','','Санкт-Петербург',100500,7,'catalog/images/image_kissat_21_19_item_14.jpg',0,1,5.4900,0,0,'0000-00-00',0.00000000,0,0.00000000,0.00000000,0.00000000,0,1,1,0,1,0,'0000-00-00 00:00:00','0000-00-00 00:00:00'),(298,'C164094','109762','','','','','','Санкт-Петербург',100500,7,'catalog/images/image_koirat_21_76_item_13.jpg',17,1,21.9000,0,0,'0000-00-00',0.00000000,0,0.00000000,0.00000000,0.00000000,0,1,1,0,1,0,'0000-00-00 00:00:00','0000-00-00 00:00:00'),(299,'106270','106270','','','','','','Санкт-Петербург',100500,7,'catalog/images/image_kissat_21_22_item_1.jpg',30,1,4.9000,0,0,'0000-00-00',0.00000000,0,0.00000000,0.00000000,0.00000000,0,1,1,0,1,0,'0000-00-00 00:00:00','0000-00-00 00:00:00'),(300,'C123346','034892','','','','','','Санкт-Петербург',100500,7,'catalog/images/image_koirat_21_83_item_5.jpg',36,1,23.9000,0,0,'0000-00-00',0.00000000,0,0.00000000,0.00000000,0.00000000,0,1,1,0,1,0,'0000-00-00 00:00:00','0000-00-00 00:00:00'),(301,'105898','105898','','','','','','Санкт-Петербург',100500,7,'catalog/images/image_pennut_21_2_item_20.jpg',86,1,1.8900,0,0,'0000-00-00',0.00000000,0,0.00000000,0.00000000,0.00000000,0,1,1,0,1,0,'0000-00-00 00:00:00','0000-00-00 00:00:00'),(302,'113467','113467','','','','','','Санкт-Петербург',100500,7,'catalog/images/image_koirat_21_32_item_0.jpg',80,1,0.9900,0,0,'0000-00-00',0.00000000,0,0.00000000,0.00000000,0.00000000,0,1,1,0,1,0,'0000-00-00 00:00:00','0000-00-00 00:00:00'),(303,'103902','103902','','','','','','Санкт-Петербург',100500,7,'catalog/images/image_kissat_21_21_item_17.jpg',41,1,1.8900,0,0,'0000-00-00',0.00000000,0,0.00000000,0.00000000,0.00000000,0,1,1,0,1,0,'0000-00-00 00:00:00','0000-00-00 00:00:00'),(304,'033660','033660','','','','','','Санкт-Петербург',100500,7,'catalog/images/image_koirat_21_102_item_10.jpg',26,1,8.9000,0,0,'0000-00-00',0.00000000,0,0.00000000,0.00000000,0.00000000,0,1,1,0,1,0,'0000-00-00 00:00:00','0000-00-00 00:00:00'),(305,'023604','023604','','','','','','Санкт-Петербург',100500,7,'catalog/images/image_kissat_21_34_item_16.jpg',53,1,7.9000,0,0,'0000-00-00',0.00000000,0,0.00000000,0.00000000,0.00000000,0,1,1,0,1,0,'0000-00-00 00:00:00','0000-00-00 00:00:00'),(306,'C73878','023978','','','','','','Санкт-Петербург',100500,7,'catalog/images/image_kissat_21_43_item_18.jpg',87,1,27.9000,0,0,'0000-00-00',0.00000000,0,0.00000000,0.00000000,0.00000000,0,1,1,0,1,0,'0000-00-00 00:00:00','0000-00-00 00:00:00'),(307,'026580','026580','','','','','','Санкт-Петербург',100500,7,'catalog/images/image_koirat_21_110_item_11.jpg',88,1,109.0000,0,0,'0000-00-00',0.00000000,0,0.00000000,0.00000000,0.00000000,0,1,1,0,1,0,'0000-00-00 00:00:00','0000-00-00 00:00:00'),(308,'C150528','104864','','','','','','Санкт-Петербург',100500,7,'catalog/images/image_koirat_21_58_item_8.jpg',39,1,24.9500,0,0,'0000-00-00',0.00000000,0,0.00000000,0.00000000,0.00000000,0,1,1,0,1,0,'0000-00-00 00:00:00','0000-00-00 00:00:00'),(309,'002227','002227','','','','','','Санкт-Петербург',100500,7,'catalog/images/image_koirat_21_90_item_5.jpg',89,1,17.9000,0,0,'0000-00-00',0.00000000,0,0.00000000,0.00000000,0.00000000,0,1,1,0,1,0,'0000-00-00 00:00:00','0000-00-00 00:00:00'),(310,'C150702','104979','','','','','','Санкт-Петербург',100500,7,'catalog/images/image_tarjoukset_21_5_item_10.jpg',17,1,29.9000,0,0,'0000-00-00',0.00000000,0,0.00000000,0.00000000,0.00000000,0,1,1,0,1,0,'0000-00-00 00:00:00','0000-00-00 00:00:00'),(311,'028475','028475','','','','','','Санкт-Петербург',100500,7,'catalog/images/image_lemmikinomistajille_21_3_item_17.jpg',0,1,3.9500,0,0,'0000-00-00',0.00000000,0,0.00000000,0.00000000,0.00000000,0,1,1,0,1,0,'0000-00-00 00:00:00','0000-00-00 00:00:00'),(312,'032230','032230','','','','','','Санкт-Петербург',100500,7,'catalog/images/image_koirat_21_101_item_14.jpg',90,1,1.5500,0,0,'0000-00-00',0.00000000,0,0.00000000,0.00000000,0.00000000,0,1,1,0,1,0,'0000-00-00 00:00:00','0000-00-00 00:00:00'),(313,'108728','108728','','','','','','Санкт-Петербург',100500,7,'catalog/images/image_pienelaimet_21_12_item_15.jpg',30,1,19.9000,0,0,'0000-00-00',0.00000000,0,0.00000000,0.00000000,0.00000000,0,1,1,0,1,0,'0000-00-00 00:00:00','0000-00-00 00:00:00'),(314,'108710','108710','','','','','','Санкт-Петербург',100500,7,'catalog/images/image_pienelaimet_21_12_item_8.jpg',30,1,4.9000,0,0,'0000-00-00',0.00000000,0,0.00000000,0.00000000,0.00000000,0,1,1,0,1,0,'0000-00-00 00:00:00','0000-00-00 00:00:00'),(315,'C84403','034176','','','','','','Санкт-Петербург',100500,7,'catalog/images/image_koirat_21_89_item_0.jpg',39,1,41.9000,0,0,'0000-00-00',0.00000000,0,0.00000000,0.00000000,0.00000000,0,1,1,0,1,0,'0000-00-00 00:00:00','0000-00-00 00:00:00'),(316,'108644','108644','','','','','','Санкт-Петербург',100500,7,'catalog/images/image_koirat_21_71_item_8.jpg',75,1,7.9000,0,0,'0000-00-00',0.00000000,0,0.00000000,0.00000000,0.00000000,0,1,1,0,1,0,'0000-00-00 00:00:00','0000-00-00 00:00:00'),(317,'021581','021581','','','','','','Санкт-Петербург',100500,7,'catalog/images/image_koirat_21_89_item_10.jpg',16,1,2.1000,0,0,'0000-00-00',0.00000000,0,0.00000000,0.00000000,0.00000000,0,1,1,0,1,0,'0000-00-00 00:00:00','0000-00-00 00:00:00'),(318,'002264','002264','','','','','','Санкт-Петербург',100500,7,'catalog/images/image_koirat_21_91_item_1.jpg',91,1,20.5000,0,0,'0000-00-00',0.00000000,0,0.00000000,0.00000000,0.00000000,0,1,1,0,1,0,'0000-00-00 00:00:00','0000-00-00 00:00:00'),(319,'101391','101391','','','','','','Санкт-Петербург',100500,7,'catalog/images/image_koirat_21_57_item_14.jpg',45,1,6.4900,0,0,'0000-00-00',0.00000000,0,0.00000000,0.00000000,0.00000000,0,1,1,0,1,0,'0000-00-00 00:00:00','0000-00-00 00:00:00'),(320,'C130637','101594','','','','','','Санкт-Петербург',100500,7,'catalog/images/image_pienelaimet_21_8_item_13.jpg',92,1,4.9000,0,0,'0000-00-00',0.00000000,0,0.00000000,0.00000000,0.00000000,0,1,1,0,1,0,'0000-00-00 00:00:00','0000-00-00 00:00:00'),(321,'C153941','106580','','','','','','Санкт-Петербург',100500,7,'catalog/images/image_pennut_21_3_item_3.jpg',40,1,5.9000,0,0,'0000-00-00',0.00000000,0,0.00000000,0.00000000,0.00000000,0,1,1,0,1,0,'0000-00-00 00:00:00','0000-00-00 00:00:00'),(322,'114066','114066','','','','','','Санкт-Петербург',100500,7,'catalog/images/image_koirat_21_87_item_18.jpg',81,1,12.9900,0,0,'0000-00-00',0.00000000,0,0.00000000,0.00000000,0.00000000,0,1,1,0,1,0,'0000-00-00 00:00:00','0000-00-00 00:00:00'),(323,'019993','019993','','','','','','Санкт-Петербург',100500,7,'catalog/images/image_koirat_21_139_item_0.jpg',13,1,54.9000,0,0,'0000-00-00',0.00000000,0,0.00000000,0.00000000,0.00000000,0,1,1,0,1,0,'0000-00-00 00:00:00','0000-00-00 00:00:00'),(324,'C171687','114051','','','','','','Санкт-Петербург',100500,7,'catalog/images/image_koirat_21_39_item_7.jpg',42,1,39.9000,0,0,'0000-00-00',0.00000000,0,0.00000000,0.00000000,0.00000000,0,1,1,0,1,0,'0000-00-00 00:00:00','0000-00-00 00:00:00'),(325,'C157522','108038','','','','','','Санкт-Петербург',100500,7,'catalog/images/image_koirat_21_74_item_10.jpg',39,1,6.9000,0,0,'0000-00-00',0.00000000,0,0.00000000,0.00000000,0.00000000,0,1,1,0,1,0,'0000-00-00 00:00:00','0000-00-00 00:00:00'),(326,'C73646','023726','','','','','','Санкт-Петербург',100500,7,'catalog/images/image_koirat_21_42_item_7.jpg',93,1,22.9000,0,0,'0000-00-00',0.00000000,0,0.00000000,0.00000000,0.00000000,0,1,1,0,1,0,'0000-00-00 00:00:00','0000-00-00 00:00:00'),(327,'109798','109798','','','','','','Санкт-Петербург',100500,7,'catalog/images/image_kissat_21_48_item_8.jpg',94,1,13.9000,0,0,'0000-00-00',0.00000000,0,0.00000000,0.00000000,0.00000000,0,1,1,0,1,0,'0000-00-00 00:00:00','0000-00-00 00:00:00'),(328,'113658','113658','','','','','','Санкт-Петербург',100500,7,'catalog/images/image_koirat_21_38_item_16.jpg',29,1,0.5900,0,0,'0000-00-00',0.00000000,0,0.00000000,0.00000000,0.00000000,0,1,1,0,1,0,'0000-00-00 00:00:00','0000-00-00 00:00:00'),(329,'C71427','019589','','','','','','Санкт-Петербург',100500,7,'catalog/images/image_koirat_21_142_item_4.jpg',44,1,16.9000,0,0,'0000-00-00',0.00000000,0,0.00000000,0.00000000,0.00000000,0,1,1,0,1,0,'0000-00-00 00:00:00','0000-00-00 00:00:00'),(330,'C154008','106623','','','','','','Санкт-Петербург',100500,7,'catalog/images/image_koirat_21_28_item_16.jpg',0,1,8.9000,0,0,'0000-00-00',0.00000000,0,0.00000000,0.00000000,0.00000000,0,1,1,0,1,0,'0000-00-00 00:00:00','0000-00-00 00:00:00'),(331,'108888','108888','','','','','','Санкт-Петербург',100500,7,'catalog/images/image_koirat_21_67_item_15.jpg',23,1,2.9900,0,0,'0000-00-00',0.00000000,0,0.00000000,0.00000000,0.00000000,0,1,1,0,1,0,'0000-00-00 00:00:00','0000-00-00 00:00:00'),(332,'C77378','030823','','','','','','Санкт-Петербург',100500,7,'catalog/images/image_koirat_21_47_item_10.jpg',39,1,19.9500,0,0,'0000-00-00',0.00000000,0,0.00000000,0.00000000,0.00000000,0,1,1,0,1,0,'0000-00-00 00:00:00','0000-00-00 00:00:00'),(333,'C154013','106627','','','','','','Санкт-Петербург',100500,7,'catalog/images/image_koirat_21_28_item_17.jpg',0,1,8.9000,0,0,'0000-00-00',0.00000000,0,0.00000000,0.00000000,0.00000000,0,1,1,0,1,0,'0000-00-00 00:00:00','0000-00-00 00:00:00'),(334,'029928','029928','','','','','','Санкт-Петербург',100500,7,'catalog/images/image_royal-canin_koirat_mini_21_1_item_11.jpg',13,1,2.9900,0,0,'0000-00-00',0.00000000,0,0.00000000,0.00000000,0.00000000,0,1,1,0,1,0,'0000-00-00 00:00:00','0000-00-00 00:00:00'),(335,'032835','032835','','','','','','Санкт-Петербург',100500,7,'catalog/images/image_koirat_21_10_item_13.jpg',80,1,2.2900,0,0,'0000-00-00',0.00000000,0,0.00000000,0.00000000,0.00000000,0,1,1,0,1,0,'0000-00-00 00:00:00','0000-00-00 00:00:00'),(336,'C147878','108965','','','','','','Санкт-Петербург',100500,7,'catalog/images/image_pienelaimet_21_9_item_17.jpg',38,1,5.9000,0,0,'0000-00-00',0.00000000,0,0.00000000,0.00000000,0.00000000,0,1,1,0,1,0,'0000-00-00 00:00:00','0000-00-00 00:00:00'),(337,'109739','109739','','','','','','Санкт-Петербург',100500,7,'catalog/images/image_koirat_21_32_item_7.jpg',0,1,8.9000,0,0,'0000-00-00',0.00000000,0,0.00000000,0.00000000,0.00000000,0,1,1,0,1,0,'0000-00-00 00:00:00','0000-00-00 00:00:00'),(338,'026591','026591','','','','','','Санкт-Петербург',100500,7,'catalog/images/image_koirat_21_110_item_20.jpg',88,1,79.0000,0,0,'0000-00-00',0.00000000,0,0.00000000,0.00000000,0.00000000,0,1,1,0,1,0,'0000-00-00 00:00:00','0000-00-00 00:00:00'),(339,'029098','029098','','','','','','Санкт-Петербург',100500,7,'catalog/images/image_kissat_21_31_item_4.jpg',45,1,13.9000,0,0,'0000-00-00',0.00000000,0,0.00000000,0.00000000,0.00000000,0,1,1,0,1,0,'0000-00-00 00:00:00','0000-00-00 00:00:00'),(340,'113655','113655','','','','','','Санкт-Петербург',100500,7,'catalog/images/image_kissat_21_11_item_12.jpg',29,1,1.1900,0,0,'0000-00-00',0.00000000,0,0.00000000,0.00000000,0.00000000,0,1,1,0,1,0,'0000-00-00 00:00:00','0000-00-00 00:00:00'),(341,'C163240','109328','','','','','','Санкт-Петербург',100500,7,'catalog/images/image_koirat_21_87_item_8.jpg',39,1,39.9000,0,0,'0000-00-00',0.00000000,0,0.00000000,0.00000000,0.00000000,0,1,1,0,1,0,'0000-00-00 00:00:00','0000-00-00 00:00:00'),(342,'C73857','023926','','','','','','Санкт-Петербург',100500,7,'catalog/images/image_koirat_21_143_item_14.jpg',95,1,15.9000,0,0,'0000-00-00',0.00000000,0,0.00000000,0.00000000,0.00000000,0,1,1,0,1,0,'0000-00-00 00:00:00','0000-00-00 00:00:00'),(343,'C71290','028642','','','','','','Санкт-Петербург',100500,7,'catalog/images/image_kissat_21_41_item_17.jpg',13,1,6.9900,0,0,'0000-00-00',0.00000000,0,0.00000000,0.00000000,0.00000000,0,1,1,0,1,0,'0000-00-00 00:00:00','0000-00-00 00:00:00'),(344,'032859','032859','','','','','','Санкт-Петербург',100500,7,'catalog/images/image_kissat_21_57_item_7.jpg',13,1,17.9000,0,0,'0000-00-00',0.00000000,0,0.00000000,0.00000000,0.00000000,0,1,1,0,1,0,'0000-00-00 00:00:00','0000-00-00 00:00:00'),(345,'107076','107076','','','','','','Санкт-Петербург',100500,7,'catalog/images/image_koirat_21_125_item_17.jpg',16,1,5.9900,0,0,'0000-00-00',0.00000000,0,0.00000000,0.00000000,0.00000000,0,1,1,0,1,0,'0000-00-00 00:00:00','0000-00-00 00:00:00'),(346,'C127308','100595','','','','','','Санкт-Петербург',100500,7,'catalog/images/image_koirat_21_117_item_10.jpg',26,1,22.9000,0,0,'0000-00-00',0.00000000,0,0.00000000,0.00000000,0.00000000,0,1,1,0,1,0,'0000-00-00 00:00:00','0000-00-00 00:00:00'),(347,'C107900','031860','','','','','','Санкт-Петербург',100500,7,'catalog/images/image_kissat_21_33_item_2.jpg',77,1,87.9000,0,0,'0000-00-00',0.00000000,0,0.00000000,0.00000000,0.00000000,0,1,1,0,1,0,'0000-00-00 00:00:00','0000-00-00 00:00:00'),(348,'033476','033476','','','','','','Санкт-Петербург',100500,7,'catalog/images/image_tarjoukset_21_8_item_1.jpg',96,1,3.8700,0,0,'0000-00-00',0.00000000,0,0.00000000,0.00000000,0.00000000,0,1,1,0,1,0,'0000-00-00 00:00:00','0000-00-00 00:00:00'),(349,'029610','029610','','','','','','Санкт-Петербург',100500,7,'catalog/images/image_koirat_21_3_item_5.jpg',0,1,31.9000,0,0,'0000-00-00',0.00000000,0,0.00000000,0.00000000,0.00000000,0,1,1,0,1,0,'0000-00-00 00:00:00','0000-00-00 00:00:00'),(350,'C109631','035185','','','','','','Санкт-Петербург',100500,7,'catalog/images/image_koirat_21_44_item_17.jpg',93,1,5.9000,0,0,'0000-00-00',0.00000000,0,0.00000000,0.00000000,0.00000000,0,1,1,0,1,0,'0000-00-00 00:00:00','0000-00-00 00:00:00'),(351,'C178723','117672','','','','','','Санкт-Петербург',100500,7,'catalog/images/image_kissat_21_52_item_6.jpg',97,1,6.9000,0,0,'0000-00-00',0.00000000,0,0.00000000,0.00000000,0.00000000,0,1,1,0,1,0,'0000-00-00 00:00:00','0000-00-00 00:00:00'),(352,'C156975','107670','','','','','','Санкт-Петербург',100500,7,'catalog/images/image_pennut_21_5_item_10.jpg',58,1,16.9000,0,0,'0000-00-00',0.00000000,0,0.00000000,0.00000000,0.00000000,0,1,1,0,1,0,'0000-00-00 00:00:00','0000-00-00 00:00:00'),(353,'C68320','002086','','','','','','Санкт-Петербург',100500,7,'catalog/images/image_koirat_21_124_item_13.jpg',98,1,12.9000,0,0,'0000-00-00',0.00000000,0,0.00000000,0.00000000,0.00000000,0,1,1,0,1,0,'0000-00-00 00:00:00','0000-00-00 00:00:00'),(354,'114146','114146','','','','','','Санкт-Петербург',100500,7,'catalog/images/image_kissat_21_53_item_11.jpg',30,1,3.9900,0,0,'0000-00-00',0.00000000,0,0.00000000,0.00000000,0.00000000,0,1,1,0,1,0,'0000-00-00 00:00:00','0000-00-00 00:00:00'),(355,'102138','102138','','','','','','Санкт-Петербург',100500,7,'catalog/images/image_lemmikinomistajille_21_6_item_20.jpg',0,1,16.9500,0,0,'0000-00-00',0.00000000,0,0.00000000,0.00000000,0.00000000,0,1,1,0,1,0,'0000-00-00 00:00:00','0000-00-00 00:00:00'),(356,'113792','113792','','','','','','Санкт-Петербург',100500,7,'catalog/images/image_kissat_21_52_item_15.jpg',13,1,18.9000,0,0,'0000-00-00',0.00000000,0,0.00000000,0.00000000,0.00000000,0,1,1,0,1,0,'0000-00-00 00:00:00','0000-00-00 00:00:00'),(357,'C154128','106676','','','','','','Санкт-Петербург',100500,7,'catalog/images/image_kissat_21_21_item_10.jpg',68,1,5.9900,0,0,'0000-00-00',0.00000000,0,0.00000000,0.00000000,0.00000000,0,1,1,0,1,0,'0000-00-00 00:00:00','0000-00-00 00:00:00'),(358,'C130065','101346','','','','','','Санкт-Петербург',100500,7,'catalog/images/image_koirat_21_118_item_4.jpg',26,1,29.9000,0,0,'0000-00-00',0.00000000,0,0.00000000,0.00000000,0.00000000,0,1,1,0,1,0,'0000-00-00 00:00:00','0000-00-00 00:00:00'),(359,'C68328','002090','','','','','','Санкт-Петербург',100500,7,'catalog/images/image_koirat_21_138_item_13.jpg',98,1,12.9000,0,0,'0000-00-00',0.00000000,0,0.00000000,0.00000000,0.00000000,0,1,1,0,1,0,'0000-00-00 00:00:00','0000-00-00 00:00:00'),(360,'C70648','017221','','','','','','Санкт-Петербург',100500,7,'catalog/images/image_koirat_21_108_item_17.jpg',17,1,24.9000,0,0,'0000-00-00',0.00000000,0,0.00000000,0.00000000,0.00000000,0,1,1,0,1,0,'0000-00-00 00:00:00','0000-00-00 00:00:00'),(361,'117083','117083','','','','','','Санкт-Петербург',100500,7,'catalog/images/image_kissat_21_26_item_7.jpg',99,1,8.9000,0,0,'0000-00-00',0.00000000,0,0.00000000,0.00000000,0.00000000,0,1,1,0,1,0,'0000-00-00 00:00:00','0000-00-00 00:00:00'),(362,'008073','008073','','','','','','Санкт-Петербург',100500,7,'catalog/images/image_pienelaimet_21_3_item_0.jpg',100,1,6.9000,0,0,'0000-00-00',0.00000000,0,0.00000000,0.00000000,0.00000000,0,1,1,0,1,0,'0000-00-00 00:00:00','0000-00-00 00:00:00'),(363,'C130303','101390','','','','','','Санкт-Петербург',100500,7,'catalog/images/image_royal-canin_koirat_sporting-life-urban-life_21_1_item_3.jpg',13,1,27.9000,0,0,'0000-00-00',0.00000000,0,0.00000000,0.00000000,0.00000000,0,1,1,0,1,0,'0000-00-00 00:00:00','0000-00-00 00:00:00'),(364,'C178859','117757','','','','','','Санкт-Петербург',100500,7,'catalog/images/image_koirat_21_137_item_3.jpg',101,1,9.9000,0,0,'0000-00-00',0.00000000,0,0.00000000,0.00000000,0.00000000,0,1,1,0,1,0,'0000-00-00 00:00:00','0000-00-00 00:00:00'),(365,'C163250','109336','','','','','','Санкт-Петербург',100500,7,'catalog/images/image_koirat_21_87_item_9.jpg',39,1,49.9000,0,0,'0000-00-00',0.00000000,0,0.00000000,0.00000000,0.00000000,0,1,1,0,1,0,'0000-00-00 00:00:00','0000-00-00 00:00:00'),(366,'032802','032802','','','','','','Санкт-Петербург',100500,7,'catalog/images/image_kissat_21_31_item_1.jpg',72,1,1.3900,0,0,'0000-00-00',0.00000000,0,0.00000000,0.00000000,0.00000000,0,1,1,0,1,0,'0000-00-00 00:00:00','0000-00-00 00:00:00'),(367,'C162964','109182','','','','','','Санкт-Петербург',100500,7,'catalog/images/image_pennut_21_3_item_14.jpg',0,1,19.9000,0,0,'0000-00-00',0.00000000,0,0.00000000,0.00000000,0.00000000,0,1,1,0,1,0,'0000-00-00 00:00:00','0000-00-00 00:00:00'),(368,'C170172','113360','','','','','','Санкт-Петербург',100500,7,'catalog/images/image_kissat_21_24_item_18.jpg',0,1,4.5000,0,0,'0000-00-00',0.00000000,0,0.00000000,0.00000000,0.00000000,0,1,1,0,1,0,'0000-00-00 00:00:00','0000-00-00 00:00:00'),(369,'019879','019879','','','','','','Санкт-Петербург',100500,7,'catalog/images/image_koirat_21_96_item_3.jpg',16,1,5.9000,0,0,'0000-00-00',0.00000000,0,0.00000000,0.00000000,0.00000000,0,1,1,0,1,0,'0000-00-00 00:00:00','0000-00-00 00:00:00'),(370,'102039','102039','','','','','','Санкт-Петербург',100500,7,'catalog/images/image_koirat_21_52_item_3.jpg',62,1,2.9000,0,0,'0000-00-00',0.00000000,0,0.00000000,0.00000000,0.00000000,0,1,1,0,1,0,'0000-00-00 00:00:00','0000-00-00 00:00:00'),(371,'C158969','108593','','','','','','Санкт-Петербург',100500,7,'catalog/images/image_kissat_21_23_item_2.jpg',99,1,2.4900,0,0,'0000-00-00',0.00000000,0,0.00000000,0.00000000,0.00000000,0,1,1,0,1,0,'0000-00-00 00:00:00','0000-00-00 00:00:00'),(372,'114070','114070','','','','','','Санкт-Петербург',100500,7,'catalog/images/image_koirat_21_79_item_20.jpg',81,1,39.9900,0,0,'0000-00-00',0.00000000,0,0.00000000,0.00000000,0.00000000,0,1,1,0,1,0,'0000-00-00 00:00:00','0000-00-00 00:00:00'),(373,'103986','103986','','','','','','Санкт-Петербург',100500,7,'catalog/images/image_royal-canin_koirat_breed-roturuoat_21_2_item_19.jpg',13,1,1.7900,0,0,'0000-00-00',0.00000000,0,0.00000000,0.00000000,0.00000000,0,1,1,0,1,0,'0000-00-00 00:00:00','0000-00-00 00:00:00'),(374,'C130525','101539','','','','','','Санкт-Петербург',100500,7,'catalog/images/image_kissat_21_4_item_16.jpg',42,1,15.9000,0,0,'0000-00-00',0.00000000,0,0.00000000,0.00000000,0.00000000,0,1,1,0,1,0,'0000-00-00 00:00:00','0000-00-00 00:00:00'),(375,'034579','034579','','','','','','Санкт-Петербург',100500,7,'catalog/images/image_pienelaimet_21_1_item_2.jpg',0,1,2.9900,0,0,'0000-00-00',0.00000000,0,0.00000000,0.00000000,0.00000000,0,1,1,0,1,0,'0000-00-00 00:00:00','0000-00-00 00:00:00'),(376,'109151','109151','','','','','','Санкт-Петербург',100500,7,'catalog/images/image_kissat_21_24_item_10.jpg',102,1,1.9900,0,0,'0000-00-00',0.00000000,0,0.00000000,0.00000000,0.00000000,0,1,1,0,1,0,'0000-00-00 00:00:00','0000-00-00 00:00:00'),(377,'107685','107685','','','','','','Санкт-Петербург',100500,7,'catalog/images/image_koirat_21_61_item_10.jpg',58,1,19.9000,0,0,'0000-00-00',0.00000000,0,0.00000000,0.00000000,0.00000000,0,1,1,0,1,0,'0000-00-00 00:00:00','0000-00-00 00:00:00'),(378,'C162536','109065','','','','','','Санкт-Петербург',100500,7,'catalog/images/image_kissat_21_24_item_1.jpg',62,1,4.5000,0,0,'0000-00-00',0.00000000,0,0.00000000,0.00000000,0.00000000,0,1,1,0,1,0,'0000-00-00 00:00:00','0000-00-00 00:00:00'),(379,'C136034','103126','','','','','','Санкт-Петербург',100500,7,'catalog/images/image_koirat_21_147_item_5.jpg',103,1,12.9000,0,0,'0000-00-00',0.00000000,0,0.00000000,0.00000000,0.00000000,0,1,1,0,1,0,'0000-00-00 00:00:00','0000-00-00 00:00:00'),(380,'C157502','108026','','','','','','Санкт-Петербург',100500,7,'catalog/images/image_koirat_21_89_item_4.jpg',39,1,19.9000,0,0,'0000-00-00',0.00000000,0,0.00000000,0.00000000,0.00000000,0,1,1,0,1,0,'0000-00-00 00:00:00','0000-00-00 00:00:00'),(381,'C74969','026575','','','','','','Санкт-Петербург',100500,7,'catalog/images/image_koirat_21_144_item_4.jpg',13,1,9.9000,0,0,'0000-00-00',0.00000000,0,0.00000000,0.00000000,0.00000000,0,1,1,0,1,0,'0000-00-00 00:00:00','0000-00-00 00:00:00'),(382,'034840','034840','','','','','','Санкт-Петербург',100500,7,'catalog/images/image_pienelaimet_21_2_item_0.jpg',51,1,5.9000,0,0,'0000-00-00',0.00000000,0,0.00000000,0.00000000,0.00000000,0,1,1,0,1,0,'0000-00-00 00:00:00','0000-00-00 00:00:00'),(383,'C70774','030289','','','','','','Санкт-Петербург',100500,7,'catalog/images/image_koirat_21_142_item_3.jpg',0,1,64.9000,0,0,'0000-00-00',0.00000000,0,0.00000000,0.00000000,0.00000000,0,1,1,0,1,0,'0000-00-00 00:00:00','0000-00-00 00:00:00'),(384,'104620','104620','','','','','','Санкт-Петербург',100500,7,'catalog/images/image_kissat_21_57_item_8.jpg',87,1,1.4900,0,0,'0000-00-00',0.00000000,0,0.00000000,0.00000000,0.00000000,0,1,1,0,1,0,'0000-00-00 00:00:00','0000-00-00 00:00:00'),(385,'032994','032994','','','','','','Санкт-Петербург',100500,7,'catalog/images/image_koirat_21_9_item_19.jpg',80,1,6.9882,0,0,'0000-00-00',0.00000000,0,0.00000000,0.00000000,0.00000000,0,1,1,0,1,0,'0000-00-00 00:00:00','0000-00-00 00:00:00'),(386,'109013','109013','','','','','','Санкт-Петербург',100500,7,'catalog/images/image_koirat_21_72_item_20.jpg',104,1,7.9500,0,0,'0000-00-00',0.00000000,0,0.00000000,0.00000000,0.00000000,0,1,1,0,1,0,'0000-00-00 00:00:00','0000-00-00 00:00:00'),(387,'113960','113960','','','','','','Санкт-Петербург',100500,7,'catalog/images/image_pienelaimet_21_14_item_5.jpg',16,1,3.9900,0,0,'0000-00-00',0.00000000,0,0.00000000,0.00000000,0.00000000,0,1,1,0,1,0,'0000-00-00 00:00:00','0000-00-00 00:00:00'),(388,'C68318','002085','','','','','','Санкт-Петербург',100500,7,'catalog/images/image_koirat_21_124_item_12.jpg',98,1,12.9000,0,0,'0000-00-00',0.00000000,0,0.00000000,0.00000000,0.00000000,0,1,1,0,1,0,'0000-00-00 00:00:00','0000-00-00 00:00:00'),(389,'C74613','025905','','','','','','Санкт-Петербург',100500,7,'catalog/images/image_koirat_21_98_item_13.jpg',16,1,31.9000,0,0,'0000-00-00',0.00000000,0,0.00000000,0.00000000,0.00000000,0,1,1,0,1,0,'0000-00-00 00:00:00','0000-00-00 00:00:00'),(390,'C70432','025524','','','','','','Санкт-Петербург',100500,7,'catalog/images/image_koirat_21_141_item_19.jpg',95,1,15.9000,0,0,'0000-00-00',0.00000000,0,0.00000000,0.00000000,0.00000000,0,1,1,0,1,0,'0000-00-00 00:00:00','0000-00-00 00:00:00'),(391,'C130938','101693','','','','','','Санкт-Петербург',100500,7,'catalog/images/image_koirat_21_52_item_12.jpg',39,1,9.9500,0,0,'0000-00-00',0.00000000,0,0.00000000,0.00000000,0.00000000,0,1,1,0,1,0,'0000-00-00 00:00:00','0000-00-00 00:00:00'),(392,'C74949','026565','','','','','','Санкт-Петербург',100500,7,'catalog/images/image_royal-canin_koirat_x-small_21_1_item_6.jpg',13,1,7.9000,0,0,'0000-00-00',0.00000000,0,0.00000000,0.00000000,0.00000000,0,1,1,0,1,0,'0000-00-00 00:00:00','0000-00-00 00:00:00'),(393,'113959','113959','','','','','','Санкт-Петербург',100500,7,'catalog/images/image_pienelaimet_21_14_item_18.jpg',16,1,2.9900,0,0,'0000-00-00',0.00000000,0,0.00000000,0.00000000,0.00000000,0,1,1,0,1,0,'0000-00-00 00:00:00','0000-00-00 00:00:00'),(394,'103241','103241','','','','','','Санкт-Петербург',100500,7,'catalog/images/image_koirat_21_53_item_13.jpg',0,1,2.9000,0,0,'0000-00-00',0.00000000,0,0.00000000,0.00000000,0.00000000,0,1,1,0,1,0,'0000-00-00 00:00:00','0000-00-00 00:00:00'),(395,'C136032','103125','','','','','','Санкт-Петербург',100500,7,'catalog/images/image_koirat_21_147_item_4.jpg',103,1,15.9000,0,0,'0000-00-00',0.00000000,0,0.00000000,0.00000000,0.00000000,0,1,1,0,1,0,'0000-00-00 00:00:00','0000-00-00 00:00:00'),(396,'109004','109004','','','','','','Санкт-Петербург',100500,7,'catalog/images/image_koirat_21_124_item_10.jpg',67,1,3.9900,0,0,'0000-00-00',0.00000000,0,0.00000000,0.00000000,0.00000000,0,1,1,0,1,0,'0000-00-00 00:00:00','0000-00-00 00:00:00'),(397,'C161677','108805','','','','','','Санкт-Петербург',100500,7,'catalog/images/image_koirat_21_73_item_17.jpg',105,1,19.9000,0,0,'0000-00-00',0.00000000,0,0.00000000,0.00000000,0.00000000,0,1,1,0,1,0,'0000-00-00 00:00:00','0000-00-00 00:00:00'),(398,'102038','102038','','','','','','Санкт-Петербург',100500,7,'catalog/images/image_koirat_21_52_item_2.jpg',62,1,2.9000,0,0,'0000-00-00',0.00000000,0,0.00000000,0.00000000,0.00000000,0,1,1,0,1,0,'0000-00-00 00:00:00','0000-00-00 00:00:00'),(399,'034813','034813','','','','','','Санкт-Петербург',100500,7,'catalog/images/image_kissat_21_2_item_19.jpg',80,1,3.9900,0,0,'0000-00-00',0.00000000,0,0.00000000,0.00000000,0.00000000,0,1,1,0,1,0,'0000-00-00 00:00:00','0000-00-00 00:00:00'),(400,'C72953','022652','','','','','','Санкт-Петербург',100500,7,'catalog/images/image_royal-canin_koirat_giant_21_1_item_4.jpg',13,1,76.9000,0,0,'0000-00-00',0.00000000,0,0.00000000,0.00000000,0.00000000,0,1,1,0,1,0,'0000-00-00 00:00:00','0000-00-00 00:00:00'),(401,'C157423','107956','','','','','','Санкт-Петербург',100500,7,'catalog/images/image_koirat_21_70_item_16.jpg',39,1,26.9500,0,0,'0000-00-00',0.00000000,0,0.00000000,0.00000000,0.00000000,0,1,1,0,1,0,'0000-00-00 00:00:00','0000-00-00 00:00:00'),(402,'022073','022073','','','','','','Санкт-Петербург',100500,7,'catalog/images/image_royal-canin_kissat_sailykkeet_21_2_item_5.jpg',13,1,1.5900,0,0,'0000-00-00',0.00000000,0,0.00000000,0.00000000,0.00000000,0,1,1,0,1,0,'0000-00-00 00:00:00','0000-00-00 00:00:00'),(403,'109143','109143','','','','','','Санкт-Петербург',100500,7,'catalog/images/image_koirat_21_69_item_6.jpg',49,1,3.9000,0,0,'0000-00-00',0.00000000,0,0.00000000,0.00000000,0.00000000,0,1,1,0,1,0,'0000-00-00 00:00:00','0000-00-00 00:00:00'),(404,'006481','006481','','','','','','Санкт-Петербург',100500,7,'catalog/images/image_koirat_21_92_item_8.jpg',106,1,29.9000,0,0,'0000-00-00',0.00000000,0,0.00000000,0.00000000,0.00000000,0,1,1,0,1,0,'0000-00-00 00:00:00','0000-00-00 00:00:00'),(405,'C108463','034483','','','','','','Санкт-Петербург',100500,7,'catalog/images/image_kissat_21_1_item_0.jpg',47,1,19.9000,0,0,'0000-00-00',0.00000000,0,0.00000000,0.00000000,0.00000000,0,1,1,0,1,0,'0000-00-00 00:00:00','0000-00-00 00:00:00'),(406,'C146944','103590','','','','','','Санкт-Петербург',100500,7,'catalog/images/image_koirat_21_146_item_16.jpg',13,1,9.9000,0,0,'0000-00-00',0.00000000,0,0.00000000,0.00000000,0.00000000,0,1,1,0,1,0,'0000-00-00 00:00:00','0000-00-00 00:00:00'),(407,'030735','030735','','','','','','Санкт-Петербург',100500,7,'catalog/images/image_koirat_21_3_item_18.jpg',0,1,2.9900,0,0,'0000-00-00',0.00000000,0,0.00000000,0.00000000,0.00000000,0,1,1,0,1,0,'0000-00-00 00:00:00','0000-00-00 00:00:00'),(408,'113985','113985','','','','','','Санкт-Петербург',100500,7,'catalog/images/image_koirat_21_35_item_2.jpg',29,1,3.5900,0,0,'0000-00-00',0.00000000,0,0.00000000,0.00000000,0.00000000,0,1,1,0,1,0,'0000-00-00 00:00:00','0000-00-00 00:00:00'),(409,'029082','029082','','','','','','Санкт-Петербург',100500,7,'catalog/images/image_koirat_21_47_item_20.jpg',45,1,2.4900,0,0,'0000-00-00',0.00000000,0,0.00000000,0.00000000,0.00000000,0,1,1,0,1,0,'0000-00-00 00:00:00','0000-00-00 00:00:00'),(410,'028533','028533','','','','','','Санкт-Петербург',100500,7,'catalog/images/image_lemmikinomistajille_21_5_item_3.jpg',0,1,3.9500,0,0,'0000-00-00',0.00000000,0,0.00000000,0.00000000,0.00000000,0,1,1,0,1,0,'0000-00-00 00:00:00','0000-00-00 00:00:00'),(411,'C83534','033651','','','','','','Санкт-Петербург',100500,7,'catalog/images/image_koirat_21_113_item_8.jpg',26,1,39.9000,0,0,'0000-00-00',0.00000000,0,0.00000000,0.00000000,0.00000000,0,1,1,0,1,0,'0000-00-00 00:00:00','0000-00-00 00:00:00'),(412,'053745','053745','','','','','','Санкт-Петербург',100500,7,'catalog/images/image_koirat_21_54_item_14.jpg',0,1,1.7900,0,0,'0000-00-00',0.00000000,0,0.00000000,0.00000000,0.00000000,0,1,1,0,1,0,'0000-00-00 00:00:00','0000-00-00 00:00:00'),(413,'108051','108051','','','','','','Санкт-Петербург',100500,7,'catalog/images/image_koirat_21_133_item_20.jpg',108,1,9.9000,0,0,'0000-00-00',0.00000000,0,0.00000000,0.00000000,0.00000000,0,1,1,0,1,0,'0000-00-00 00:00:00','0000-00-00 00:00:00'),(414,'033770','033770','','','','','','Санкт-Петербург',100500,7,'catalog/images/image_koirat_21_6_item_5.jpg',80,1,20.9300,0,0,'0000-00-00',0.00000000,0,0.00000000,0.00000000,0.00000000,0,1,1,0,1,0,'0000-00-00 00:00:00','0000-00-00 00:00:00'),(415,'032855','032855','','','','','','Санкт-Петербург',100500,7,'catalog/images/image_royal-canin_kissat_sailykkeet_21_1_item_10.jpg',13,1,17.9000,0,0,'0000-00-00',0.00000000,0,0.00000000,0.00000000,0.00000000,0,1,1,0,1,0,'0000-00-00 00:00:00','0000-00-00 00:00:00'),(416,'018569','018569','','','','','','Санкт-Петербург',100500,7,'catalog/images/image_koirat_21_109_item_2.jpg',109,1,31.9000,0,0,'0000-00-00',0.00000000,0,0.00000000,0.00000000,0.00000000,0,1,1,0,1,0,'0000-00-00 00:00:00','0000-00-00 00:00:00'),(417,'035235','035235','','','','','','Санкт-Петербург',100500,7,'catalog/images/image_tarjoukset_21_1_item_17.jpg',0,1,19.9000,0,0,'0000-00-00',0.00000000,0,0.00000000,0.00000000,0.00000000,0,1,1,0,1,0,'0000-00-00 00:00:00','0000-00-00 00:00:00'),(418,'107920','107920','','','','','','Санкт-Петербург',100500,7,'catalog/images/image_kissat_21_22_item_16.jpg',110,1,21.9000,0,0,'0000-00-00',0.00000000,0,0.00000000,0.00000000,0.00000000,0,1,1,0,1,0,'0000-00-00 00:00:00','0000-00-00 00:00:00'),(419,'106666','106666','','','','','','Санкт-Петербург',100500,7,'catalog/images/image_kissat_21_8_item_3.jpg',0,1,35.9000,0,0,'0000-00-00',0.00000000,0,0.00000000,0.00000000,0.00000000,0,1,1,0,1,0,'0000-00-00 00:00:00','0000-00-00 00:00:00'),(420,'C112113','023988','','','','','','Санкт-Петербург',100500,7,'catalog/images/image_kissat_21_44_item_5.jpg',87,1,29.9000,0,0,'0000-00-00',0.00000000,0,0.00000000,0.00000000,0.00000000,0,1,1,0,1,0,'0000-00-00 00:00:00','0000-00-00 00:00:00'),(421,'C176512','116548','','','','','','Санкт-Петербург',100500,7,'catalog/images/image_lemmikinomistajille_21_1_item_9.jpg',0,1,29.9900,0,0,'0000-00-00',0.00000000,0,0.00000000,0.00000000,0.00000000,0,1,1,0,1,0,'0000-00-00 00:00:00','0000-00-00 00:00:00'),(422,'C170498','113455','','','','','','Санкт-Петербург',100500,7,'catalog/images/image_kissat_21_10_item_7.jpg',79,1,6.9900,0,0,'0000-00-00',0.00000000,0,0.00000000,0.00000000,0.00000000,0,1,1,0,1,0,'0000-00-00 00:00:00','0000-00-00 00:00:00'),(423,'C74291','025557','','','','','','Санкт-Петербург',100500,7,'catalog/images/image_koirat_21_42_item_11.jpg',111,1,19.9000,0,0,'0000-00-00',0.00000000,0,0.00000000,0.00000000,0.00000000,0,1,1,0,1,0,'0000-00-00 00:00:00','0000-00-00 00:00:00'),(424,'101554','101554','','','','','','Санкт-Петербург',100500,7,'catalog/images/image_koirat_21_19_item_1.jpg',69,1,14.9000,0,0,'0000-00-00',0.00000000,0,0.00000000,0.00000000,0.00000000,0,1,1,0,1,0,'0000-00-00 00:00:00','0000-00-00 00:00:00'),(425,'C163120','109218','','','','','','Санкт-Петербург',100500,7,'catalog/images/image_koirat_21_31_item_20.jpg',42,1,19.9000,0,0,'0000-00-00',0.00000000,0,0.00000000,0.00000000,0.00000000,0,1,1,0,1,0,'0000-00-00 00:00:00','0000-00-00 00:00:00'),(426,'100257','100257','','','','','','Санкт-Петербург',100500,7,'catalog/images/image_kissat_21_45_item_0.jpg',112,1,36.9000,0,0,'0000-00-00',0.00000000,0,0.00000000,0.00000000,0.00000000,0,1,1,0,1,0,'0000-00-00 00:00:00','0000-00-00 00:00:00'),(427,'026528','026528','','','','','','Санкт-Петербург',100500,7,'catalog/images/image_koirat_21_9_item_6.jpg',80,1,2.6900,0,0,'0000-00-00',0.00000000,0,0.00000000,0.00000000,0.00000000,0,1,1,0,1,0,'0000-00-00 00:00:00','0000-00-00 00:00:00'),(428,'C69281','015861','','','','','','Санкт-Петербург',100500,7,'catalog/images/image_royal-canin_koirat_breed-roturuoat_21_1_item_8.jpg',13,1,7.9000,0,0,'0000-00-00',0.00000000,0,0.00000000,0.00000000,0.00000000,0,1,1,0,1,0,'0000-00-00 00:00:00','0000-00-00 00:00:00'),(429,'C163505','109481','','','','','','Санкт-Петербург',100500,7,'catalog/images/image_koirat_21_133_item_9.jpg',113,1,24.9000,0,0,'0000-00-00',0.00000000,0,0.00000000,0.00000000,0.00000000,0,1,1,0,1,0,'0000-00-00 00:00:00','0000-00-00 00:00:00'),(430,'C157550','108055','','','','','','Санкт-Петербург',100500,7,'catalog/images/image_koirat_21_68_item_6.jpg',11,1,8.9000,0,0,'0000-00-00',0.00000000,0,0.00000000,0.00000000,0.00000000,0,1,1,0,1,0,'0000-00-00 00:00:00','0000-00-00 00:00:00'),(431,'C150272','104707','','','','','','Санкт-Петербург',100500,7,'catalog/images/image_koirat_21_147_item_0.jpg',0,1,20.9000,0,0,'0000-00-00',0.00000000,0,0.00000000,0.00000000,0.00000000,0,1,1,0,1,0,'0000-00-00 00:00:00','0000-00-00 00:00:00'),(432,'C163523','109497','','','','','','Санкт-Петербург',100500,7,'catalog/images/image_koirat_21_133_item_10.jpg',113,1,24.9000,0,0,'0000-00-00',0.00000000,0,0.00000000,0.00000000,0.00000000,0,1,1,0,1,0,'0000-00-00 00:00:00','0000-00-00 00:00:00'),(433,'100185','100185','','','','','','Санкт-Петербург',100500,7,'catalog/images/image_pennut_21_1_item_4.jpg',0,1,3.9900,0,0,'0000-00-00',0.00000000,0,0.00000000,0.00000000,0.00000000,0,1,1,0,1,0,'0000-00-00 00:00:00','0000-00-00 00:00:00'),(434,'102168','102168','','','','','','Санкт-Петербург',100500,7,'catalog/images/image_lemmikinomistajille_21_8_item_18.jpg',0,1,4.9500,0,0,'0000-00-00',0.00000000,0,0.00000000,0.00000000,0.00000000,0,1,1,0,1,0,'0000-00-00 00:00:00','0000-00-00 00:00:00'),(435,'101138','101138','','','','','','Санкт-Петербург',100500,7,'catalog/images/image_royal-canin_koirat_sporting-life-urban-life_21_1_item_14.jpg',13,1,2.1900,0,0,'0000-00-00',0.00000000,0,0.00000000,0.00000000,0.00000000,0,1,1,0,1,0,'0000-00-00 00:00:00','0000-00-00 00:00:00'),(436,'C147287','023109','','','','','','Санкт-Петербург',100500,7,'catalog/images/image_koirat_21_120_item_7.jpg',114,1,21.9000,0,0,'0000-00-00',0.00000000,0,0.00000000,0.00000000,0.00000000,0,1,1,0,1,0,'0000-00-00 00:00:00','0000-00-00 00:00:00'),(437,'100761','100761','','','','','','Санкт-Петербург',100500,7,'catalog/images/image_kissat_21_4_item_13.jpg',0,1,174.0000,0,0,'0000-00-00',0.00000000,0,0.00000000,0.00000000,0.00000000,0,1,1,0,1,0,'0000-00-00 00:00:00','0000-00-00 00:00:00'),(438,'101121','101121','','','','','','Санкт-Петербург',100500,7,'catalog/images/image_kissat_21_57_item_9.jpg',13,1,1.6900,0,0,'0000-00-00',0.00000000,0,0.00000000,0.00000000,0.00000000,0,1,1,0,1,0,'0000-00-00 00:00:00','0000-00-00 00:00:00'),(439,'033823','033823','','','','','','Санкт-Петербург',100500,7,'catalog/images/image_kissat_21_15_item_11.jpg',59,1,1.2900,0,0,'0000-00-00',0.00000000,0,0.00000000,0.00000000,0.00000000,0,1,1,0,1,0,'0000-00-00 00:00:00','0000-00-00 00:00:00'),(440,'C129404','101077','','','','','','Санкт-Петербург',100500,7,'catalog/images/image_koirat_21_104_item_1.jpg',115,1,10.9000,0,0,'0000-00-00',0.00000000,0,0.00000000,0.00000000,0.00000000,0,1,1,0,1,0,'0000-00-00 00:00:00','0000-00-00 00:00:00'),(441,'117627','117627','','','','','','Санкт-Петербург',100500,7,'catalog/images/image_lemmikinomistajille_21_13_item_13.jpg',0,1,15.9500,0,0,'0000-00-00',0.00000000,0,0.00000000,0.00000000,0.00000000,0,1,1,0,1,0,'0000-00-00 00:00:00','0000-00-00 00:00:00'),(442,'034538','034538','','','','','','Санкт-Петербург',100500,7,'catalog/images/image_kissat_21_13_item_13.jpg',116,1,1.5900,0,0,'0000-00-00',0.00000000,0,0.00000000,0.00000000,0.00000000,0,1,1,0,1,0,'0000-00-00 00:00:00','0000-00-00 00:00:00'),(443,'113720','113720','','','','','','Санкт-Петербург',100500,7,'catalog/images/image_koirat_21_36_item_6.jpg',0,1,5.9900,0,0,'0000-00-00',0.00000000,0,0.00000000,0.00000000,0.00000000,0,1,1,0,1,0,'0000-00-00 00:00:00','0000-00-00 00:00:00'),(444,'033977','033977','','','','','','Санкт-Петербург',100500,7,'catalog/images/image_koirat_21_114_item_19.jpg',88,1,5.9000,0,0,'0000-00-00',0.00000000,0,0.00000000,0.00000000,0.00000000,0,1,1,0,1,0,'0000-00-00 00:00:00','0000-00-00 00:00:00'),(445,'006575','006575','','','','','','Санкт-Петербург',100500,7,'catalog/images/image_koirat_21_92_item_10.jpg',0,1,17.9000,0,0,'0000-00-00',0.00000000,0,0.00000000,0.00000000,0.00000000,0,1,1,0,1,0,'0000-00-00 00:00:00','0000-00-00 00:00:00'),(446,'117571','117571','','','','','','Санкт-Петербург',100500,7,'catalog/images/image_lemmikinomistajille_21_10_item_20.jpg',0,1,15.9500,0,0,'0000-00-00',0.00000000,0,0.00000000,0.00000000,0.00000000,0,1,1,0,1,0,'0000-00-00 00:00:00','0000-00-00 00:00:00'),(447,'028551','028551','','','','','','Санкт-Петербург',100500,7,'catalog/images/image_lemmikinomistajille_21_5_item_19.jpg',0,1,3.9500,0,0,'0000-00-00',0.00000000,0,0.00000000,0.00000000,0.00000000,0,1,1,0,1,0,'0000-00-00 00:00:00','0000-00-00 00:00:00'),(448,'102070','102070','','','','','','Санкт-Петербург',100500,7,'catalog/images/image_koirat_21_118_item_12.jpg',118,1,17.9000,0,0,'0000-00-00',0.00000000,0,0.00000000,0.00000000,0.00000000,0,1,1,0,1,0,'0000-00-00 00:00:00','0000-00-00 00:00:00'),(449,'108548','108548','','','','','','Санкт-Петербург',100500,7,'catalog/images/image_koirat_21_31_item_13.jpg',0,1,6.9000,0,0,'0000-00-00',0.00000000,0,0.00000000,0.00000000,0.00000000,0,1,1,0,1,0,'0000-00-00 00:00:00','0000-00-00 00:00:00'),(450,'C150551','104874','','','','','','Санкт-Петербург',100500,7,'catalog/images/image_koirat_21_58_item_10.jpg',39,1,19.9500,0,0,'0000-00-00',0.00000000,0,0.00000000,0.00000000,0.00000000,0,1,1,0,1,0,'0000-00-00 00:00:00','0000-00-00 00:00:00'),(451,'C68153','001423','','','','','','Санкт-Петербург',100500,7,'catalog/images/image_royal-canin_koirat_breed-roturuoat_21_1_item_2.jpg',13,1,7.9000,0,0,'0000-00-00',0.00000000,0,0.00000000,0.00000000,0.00000000,0,1,1,0,1,0,'0000-00-00 00:00:00','0000-00-00 00:00:00'),(452,'C77372','028825','','','','','','Санкт-Петербург',100500,7,'catalog/images/image_koirat_21_47_item_4.jpg',39,1,24.9500,0,0,'0000-00-00',0.00000000,0,0.00000000,0.00000000,0.00000000,0,1,1,0,1,0,'0000-00-00 00:00:00','0000-00-00 00:00:00'),(453,'022656','022656','','','','','','Санкт-Петербург',100500,7,'catalog/images/image_royal-canin_koirat_giant_21_1_item_1.jpg',13,1,69.9000,0,0,'0000-00-00',0.00000000,0,0.00000000,0.00000000,0.00000000,0,1,1,0,1,0,'0000-00-00 00:00:00','0000-00-00 00:00:00'),(454,'030722','030722','','','','','','Санкт-Петербург',100500,7,'catalog/images/image_koirat_21_11_item_17.jpg',0,1,5.9900,0,0,'0000-00-00',0.00000000,0,0.00000000,0.00000000,0.00000000,0,1,1,0,1,0,'0000-00-00 00:00:00','0000-00-00 00:00:00'),(455,'C73719','023768','','','','','','Санкт-Петербург',100500,7,'catalog/images/image_koirat_21_143_item_0.jpg',31,1,73.9000,0,0,'0000-00-00',0.00000000,0,0.00000000,0.00000000,0.00000000,0,1,1,0,1,0,'0000-00-00 00:00:00','0000-00-00 00:00:00'),(456,'C80055','116713','','','','','','Санкт-Петербург',100500,7,'catalog/images/image_kissat_21_17_item_8.jpg',116,1,6.9900,0,0,'0000-00-00',0.00000000,0,0.00000000,0.00000000,0.00000000,0,1,1,0,1,0,'0000-00-00 00:00:00','0000-00-00 00:00:00'),(457,'103016','103016','','','','','','Санкт-Петербург',100500,7,'catalog/images/image_koirat_21_81_item_15.jpg',71,1,19.9000,0,0,'0000-00-00',0.00000000,0,0.00000000,0.00000000,0.00000000,0,1,1,0,1,0,'0000-00-00 00:00:00','0000-00-00 00:00:00'),(458,'C150696','104974','','','','','','Санкт-Петербург',100500,7,'catalog/images/image_koirat_21_123_item_8.jpg',17,1,29.9000,0,0,'0000-00-00',0.00000000,0,0.00000000,0.00000000,0.00000000,0,1,1,0,1,0,'0000-00-00 00:00:00','0000-00-00 00:00:00'),(459,'019935','019935','','','','','','Санкт-Петербург',100500,7,'catalog/images/image_pienelaimet_21_3_item_7.jpg',16,1,1.4900,0,0,'0000-00-00',0.00000000,0,0.00000000,0.00000000,0.00000000,0,1,1,0,1,0,'0000-00-00 00:00:00','0000-00-00 00:00:00'),(460,'C80519','031744','','','','','','Санкт-Петербург',100500,7,'catalog/images/image_koirat_21_4_item_8.jpg',21,1,19.9000,0,0,'0000-00-00',0.00000000,0,0.00000000,0.00000000,0.00000000,0,1,1,0,1,0,'0000-00-00 00:00:00','0000-00-00 00:00:00'),(461,'100189','100189','','','','','','Санкт-Петербург',100500,7,'catalog/images/image_koirat_21_17_item_1.jpg',0,1,2.9900,0,0,'0000-00-00',0.00000000,0,0.00000000,0.00000000,0.00000000,0,1,1,0,1,0,'0000-00-00 00:00:00','0000-00-00 00:00:00'),(462,'C170333','113428','','','','','','Санкт-Петербург',100500,7,'catalog/images/image_koirat_21_32_item_13.jpg',42,1,39.9000,0,0,'0000-00-00',0.00000000,0,0.00000000,0.00000000,0.00000000,0,1,1,0,1,0,'0000-00-00 00:00:00','0000-00-00 00:00:00'),(463,'107612','107612','','','','','','Санкт-Петербург',100500,7,'catalog/images/image_koirat_21_58_item_20.jpg',58,1,24.9000,0,0,'0000-00-00',0.00000000,0,0.00000000,0.00000000,0.00000000,0,1,1,0,1,0,'0000-00-00 00:00:00','0000-00-00 00:00:00'),(464,'109741','109741','','','','','','Санкт-Петербург',100500,7,'catalog/images/image_koirat_21_32_item_9.jpg',0,1,5.9000,0,0,'0000-00-00',0.00000000,0,0.00000000,0.00000000,0.00000000,0,1,1,0,1,0,'0000-00-00 00:00:00','0000-00-00 00:00:00'),(465,'C164023','109743','','','','','','Санкт-Петербург',100500,7,'catalog/images/image_koirat_21_32_item_11.jpg',0,1,5.9000,0,0,'0000-00-00',0.00000000,0,0.00000000,0.00000000,0.00000000,0,1,1,0,1,0,'0000-00-00 00:00:00','0000-00-00 00:00:00'),(466,'033692','033692','','','','','','Санкт-Петербург',100500,7,'catalog/images/image_koirat_21_9_item_20.jpg',80,1,6.9900,0,0,'0000-00-00',0.00000000,0,0.00000000,0.00000000,0.00000000,0,1,1,0,1,0,'0000-00-00 00:00:00','0000-00-00 00:00:00'),(467,'113419','113419','','','','','','Санкт-Петербург',100500,7,'catalog/images/image_koirat_21_76_item_1.jpg',119,1,14.9000,0,0,'0000-00-00',0.00000000,0,0.00000000,0.00000000,0.00000000,0,1,1,0,1,0,'0000-00-00 00:00:00','0000-00-00 00:00:00'),(468,'117579','117579','','','','','','Санкт-Петербург',100500,7,'catalog/images/image_lemmikinomistajille_21_11_item_7.jpg',0,1,15.9500,0,0,'0000-00-00',0.00000000,0,0.00000000,0.00000000,0.00000000,0,1,1,0,1,0,'0000-00-00 00:00:00','0000-00-00 00:00:00'),(469,'033664','033664','','','','','','Санкт-Петербург',100500,7,'catalog/images/image_koirat_21_89_item_8.jpg',26,1,8.9000,0,0,'0000-00-00',0.00000000,0,0.00000000,0.00000000,0.00000000,0,1,1,0,1,0,'0000-00-00 00:00:00','0000-00-00 00:00:00'),(470,'C68164','029811','','','','','','Санкт-Петербург',100500,7,'catalog/images/image_koirat_21_140_item_12.jpg',13,1,16.9000,0,0,'0000-00-00',0.00000000,0,0.00000000,0.00000000,0.00000000,0,1,1,0,1,0,'0000-00-00 00:00:00','0000-00-00 00:00:00'),(471,'002235','002235','','','','','','Санкт-Петербург',100500,7,'catalog/images/image_koirat_21_90_item_0.jpg',120,1,11.9000,0,0,'0000-00-00',0.00000000,0,0.00000000,0.00000000,0.00000000,0,1,1,0,1,0,'0000-00-00 00:00:00','0000-00-00 00:00:00'),(472,'028548','028548','','','','','','Санкт-Петербург',100500,7,'catalog/images/image_lemmikinomistajille_21_5_item_16.jpg',0,1,3.9500,0,0,'0000-00-00',0.00000000,0,0.00000000,0.00000000,0.00000000,0,1,1,0,1,0,'0000-00-00 00:00:00','0000-00-00 00:00:00'),(473,'C163134','109232','','','','','','Санкт-Петербург',100500,7,'catalog/images/image_koirat_21_77_item_0.jpg',39,1,6.9500,0,0,'0000-00-00',0.00000000,0,0.00000000,0.00000000,0.00000000,0,1,1,0,1,0,'0000-00-00 00:00:00','0000-00-00 00:00:00'),(474,'C157055','107720','','','','','','Санкт-Петербург',100500,7,'catalog/images/image_koirat_21_62_item_3.jpg',58,1,6.9000,0,0,'0000-00-00',0.00000000,0,0.00000000,0.00000000,0.00000000,0,1,1,0,1,0,'0000-00-00 00:00:00','0000-00-00 00:00:00'),(475,'033528','033528','','','','','','Санкт-Петербург',100500,7,'catalog/images/image_koirat_21_6_item_15.jpg',86,1,3.4930,0,0,'0000-00-00',0.00000000,0,0.00000000,0.00000000,0.00000000,0,1,1,0,1,0,'0000-00-00 00:00:00','0000-00-00 00:00:00'),(476,'C74286','025554','','','','','','Санкт-Петербург',100500,7,'catalog/images/image_koirat_21_42_item_10.jpg',111,1,16.9000,0,0,'0000-00-00',0.00000000,0,0.00000000,0.00000000,0.00000000,0,1,1,0,1,0,'0000-00-00 00:00:00','0000-00-00 00:00:00'),(477,'C161844','108875','','','','','','Санкт-Петербург',100500,7,'catalog/images/image_koirat_21_68_item_0.jpg',23,1,3.9900,0,0,'0000-00-00',0.00000000,0,0.00000000,0.00000000,0.00000000,0,1,1,0,1,0,'0000-00-00 00:00:00','0000-00-00 00:00:00'),(478,'026578','026578','','','','','','Санкт-Петербург',100500,7,'catalog/images/image_koirat_21_110_item_10.jpg',88,1,174.0000,0,0,'0000-00-00',0.00000000,0,0.00000000,0.00000000,0.00000000,0,1,1,0,1,0,'0000-00-00 00:00:00','0000-00-00 00:00:00'),(479,'114213','114213','','','','','','Санкт-Петербург',100500,7,'catalog/images/image_koirat_21_76_item_6.jpg',41,1,12.9000,0,0,'0000-00-00',0.00000000,0,0.00000000,0.00000000,0.00000000,0,1,1,0,1,0,'0000-00-00 00:00:00','0000-00-00 00:00:00'),(480,'117618','117618','','','','','','Санкт-Петербург',100500,7,'catalog/images/image_lemmikinomistajille_21_13_item_4.jpg',0,1,15.9500,0,0,'0000-00-00',0.00000000,0,0.00000000,0.00000000,0.00000000,0,1,1,0,1,0,'0000-00-00 00:00:00','0000-00-00 00:00:00'),(481,'107740','107740','','','','','','Санкт-Петербург',100500,7,'catalog/images/image_koirat_21_62_item_14.jpg',58,1,6.9000,0,0,'0000-00-00',0.00000000,0,0.00000000,0.00000000,0.00000000,0,1,1,0,1,0,'0000-00-00 00:00:00','0000-00-00 00:00:00'),(482,'C75898','027608','','','','','','Санкт-Петербург',100500,7,'catalog/images/image_koirat_21_111_item_4.jpg',77,1,15.9000,0,0,'0000-00-00',0.00000000,0,0.00000000,0.00000000,0.00000000,0,1,1,0,1,0,'0000-00-00 00:00:00','0000-00-00 00:00:00'),(483,'109142','109142','','','','','','Санкт-Петербург',100500,7,'catalog/images/image_koirat_21_69_item_5.jpg',49,1,3.9000,0,0,'0000-00-00',0.00000000,0,0.00000000,0.00000000,0.00000000,0,1,1,0,1,0,'0000-00-00 00:00:00','0000-00-00 00:00:00'),(484,'104633','104633','','','','','','Санкт-Петербург',100500,7,'catalog/images/image_tarjoukset_21_8_item_13.jpg',87,1,6.4900,0,0,'0000-00-00',0.00000000,0,0.00000000,0.00000000,0.00000000,0,1,1,0,1,0,'0000-00-00 00:00:00','0000-00-00 00:00:00'),(485,'002201','002201','','','','','','Санкт-Петербург',100500,7,'catalog/images/image_koirat_21_103_item_4.jpg',84,1,9.9000,0,0,'0000-00-00',0.00000000,0,0.00000000,0.00000000,0.00000000,0,1,1,0,1,0,'0000-00-00 00:00:00','0000-00-00 00:00:00'),(486,'C84509','034222','','','','','','Санкт-Петербург',100500,7,'catalog/images/image_koirat_21_44_item_11.jpg',39,1,19.9500,0,0,'0000-00-00',0.00000000,0,0.00000000,0.00000000,0.00000000,0,1,1,0,1,0,'0000-00-00 00:00:00','0000-00-00 00:00:00'),(487,'108666','108666','','','','','','Санкт-Петербург',100500,7,'catalog/images/image_pienelaimet_21_11_item_7.jpg',30,1,6.9000,0,0,'0000-00-00',0.00000000,0,0.00000000,0.00000000,0.00000000,0,1,1,0,1,0,'0000-00-00 00:00:00','0000-00-00 00:00:00'),(488,'100719','100719','','','','','','Санкт-Петербург',100500,7,'catalog/images/image_koirat_21_105_item_5.jpg',74,1,13.9000,0,0,'0000-00-00',0.00000000,0,0.00000000,0.00000000,0.00000000,0,1,1,0,1,0,'0000-00-00 00:00:00','0000-00-00 00:00:00'),(489,'113637','113637','','','','','','Санкт-Петербург',100500,7,'catalog/images/image_koirat_21_126_item_11.jpg',77,1,129.0000,0,0,'0000-00-00',0.00000000,0,0.00000000,0.00000000,0.00000000,0,1,1,0,1,0,'0000-00-00 00:00:00','0000-00-00 00:00:00'),(490,'C72092','108971','','','','','','Санкт-Петербург',100500,7,'catalog/images/image_pienelaimet_21_10_item_0.jpg',38,1,19.9000,0,0,'0000-00-00',0.00000000,0,0.00000000,0.00000000,0.00000000,0,1,1,0,1,0,'0000-00-00 00:00:00','0000-00-00 00:00:00'),(491,'021726','021726','','','','','','Санкт-Петербург',100500,7,'catalog/images/image_kissat_21_54_item_19.jpg',57,1,1.6900,0,0,'0000-00-00',0.00000000,0,0.00000000,0.00000000,0.00000000,0,1,1,0,1,0,'0000-00-00 00:00:00','0000-00-00 00:00:00'),(492,'114418','114418','','','','','','Санкт-Петербург',100500,7,'catalog/images/image_koirat_21_37_item_13.jpg',121,1,19.9000,0,0,'0000-00-00',0.00000000,0,0.00000000,0.00000000,0.00000000,0,1,1,0,1,0,'0000-00-00 00:00:00','0000-00-00 00:00:00'),(493,'031311','031311','','','','','','Санкт-Петербург',100500,7,'catalog/images/image_pienelaimet_21_6_item_11.jpg',16,1,4.9000,0,0,'0000-00-00',0.00000000,0,0.00000000,0.00000000,0.00000000,0,1,1,0,1,0,'0000-00-00 00:00:00','0000-00-00 00:00:00'),(494,'C133273','105295','','','','','','Санкт-Петербург',100500,7,'catalog/images/image_pienelaimet_21_9_item_15.jpg',52,1,0.0000,0,0,'0000-00-00',0.00000000,0,0.00000000,0.00000000,0.00000000,0,1,1,0,1,0,'0000-00-00 00:00:00','0000-00-00 00:00:00'),(495,'C152904','106118','','','','','','Санкт-Петербург',100500,7,'catalog/images/image_koirat_21_26_item_2.jpg',0,1,7.9000,0,0,'0000-00-00',0.00000000,0,0.00000000,0.00000000,0.00000000,0,1,1,0,1,0,'0000-00-00 00:00:00','0000-00-00 00:00:00'),(496,'100248','100248','','','','','','Санкт-Петербург',100500,7,'catalog/images/image_royal-canin_koirat_sailykkeet_21_1_item_6.jpg',13,1,18.9000,0,0,'0000-00-00',0.00000000,0,0.00000000,0.00000000,0.00000000,0,1,1,0,1,0,'0000-00-00 00:00:00','0000-00-00 00:00:00'),(497,'025909','025909','','','','','','Санкт-Петербург',100500,7,'catalog/images/image_kissat_21_35_item_0.jpg',16,1,2.9000,0,0,'0000-00-00',0.00000000,0,0.00000000,0.00000000,0.00000000,0,1,1,0,1,0,'0000-00-00 00:00:00','0000-00-00 00:00:00'),(498,'114402','114402','','','','','','Санкт-Петербург',100500,7,'catalog/images/image_kissat_21_29_item_2.jpg',61,1,7.9000,0,0,'0000-00-00',0.00000000,0,0.00000000,0.00000000,0.00000000,0,1,1,0,1,0,'0000-00-00 00:00:00','0000-00-00 00:00:00'),(499,'028846','028846','','','','','','Санкт-Петербург',100500,7,'catalog/images/image_pienelaimet_21_8_item_2.jpg',122,1,3.9900,0,0,'0000-00-00',0.00000000,0,0.00000000,0.00000000,0.00000000,0,1,1,0,1,0,'0000-00-00 00:00:00','0000-00-00 00:00:00'),(500,'C68157','001418','','','','','','Санкт-Петербург',100500,7,'catalog/images/image_koirat_21_140_item_10.jpg',13,1,7.9000,0,0,'0000-00-00',0.00000000,0,0.00000000,0.00000000,0.00000000,0,1,1,0,1,0,'0000-00-00 00:00:00','0000-00-00 00:00:00'),(501,'028557','028557','','','','','','Санкт-Петербург',100500,7,'catalog/images/image_lemmikinomistajille_21_6_item_4.jpg',0,1,3.9500,0,0,'0000-00-00',0.00000000,0,0.00000000,0.00000000,0.00000000,0,1,1,0,1,0,'0000-00-00 00:00:00','0000-00-00 00:00:00'),(502,'C158947','108577','','','','','','Санкт-Петербург',100500,7,'catalog/images/image_kissat_21_23_item_1.jpg',99,1,2.4900,0,0,'0000-00-00',0.00000000,0,0.00000000,0.00000000,0.00000000,0,1,1,0,1,0,'0000-00-00 00:00:00','0000-00-00 00:00:00'),(503,'C108119','018570','','','','','','Санкт-Петербург',100500,7,'catalog/images/image_koirat_21_145_item_13.jpg',13,1,69.9000,0,0,'0000-00-00',0.00000000,0,0.00000000,0.00000000,0.00000000,0,1,1,0,1,0,'0000-00-00 00:00:00','0000-00-00 00:00:00'),(504,'113734','113734','','','','','','Санкт-Петербург',100500,7,'catalog/images/image_koirat_21_128_item_1.jpg',16,1,9.9000,0,0,'0000-00-00',0.00000000,0,0.00000000,0.00000000,0.00000000,0,1,1,0,1,0,'0000-00-00 00:00:00','0000-00-00 00:00:00'),(505,'107683','107683','','','','','','Санкт-Петербург',100500,7,'catalog/images/image_koirat_21_61_item_8.jpg',58,1,19.9000,0,0,'0000-00-00',0.00000000,0,0.00000000,0.00000000,0.00000000,0,1,1,0,1,0,'0000-00-00 00:00:00','0000-00-00 00:00:00'),(506,'032834','032834','','','','','','Санкт-Петербург',100500,7,'catalog/images/image_koirat_21_10_item_12.jpg',80,1,2.2900,0,0,'0000-00-00',0.00000000,0,0.00000000,0.00000000,0.00000000,0,1,1,0,1,0,'0000-00-00 00:00:00','0000-00-00 00:00:00'),(507,'C162540','109068','','','','','','Санкт-Петербург',100500,7,'catalog/images/image_kissat_21_24_item_2.jpg',62,1,4.5000,0,0,'0000-00-00',0.00000000,0,0.00000000,0.00000000,0.00000000,0,1,1,0,1,0,'0000-00-00 00:00:00','0000-00-00 00:00:00'),(508,'028335','028335','','','','','','Санкт-Петербург',100500,7,'catalog/images/image_lemmikinomistajille_21_2_item_18.jpg',0,1,3.9500,0,0,'0000-00-00',0.00000000,0,0.00000000,0.00000000,0.00000000,0,1,1,0,1,0,'0000-00-00 00:00:00','0000-00-00 00:00:00'),(509,'C176500','116540','','','','','','Санкт-Петербург',100500,7,'catalog/images/image_koirat_21_41_item_13.jpg',0,1,12.9900,0,0,'0000-00-00',0.00000000,0,0.00000000,0.00000000,0.00000000,0,1,1,0,1,0,'0000-00-00 00:00:00','0000-00-00 00:00:00'),(510,'100830','100830','','','','','','Санкт-Петербург',100500,7,'catalog/images/image_kissat_21_4_item_20.jpg',29,1,1.0000,0,0,'0000-00-00',0.00000000,0,0.00000000,0.00000000,0.00000000,0,1,1,0,1,0,'0000-00-00 00:00:00','0000-00-00 00:00:00'),(511,'101378','101378','','','','','','Санкт-Петербург',100500,7,'catalog/images/image_pienelaimet_21_8_item_4.jpg',16,1,7.9900,0,0,'0000-00-00',0.00000000,0,0.00000000,0.00000000,0.00000000,0,1,1,0,1,0,'0000-00-00 00:00:00','0000-00-00 00:00:00'),(512,'101822','101822','','','','','','Санкт-Петербург',100500,7,'catalog/images/image_koirat_21_53_item_4.jpg',39,1,11.8300,0,0,'0000-00-00',0.00000000,0,0.00000000,0.00000000,0.00000000,0,1,1,0,1,0,'0000-00-00 00:00:00','0000-00-00 00:00:00'),(513,'032858','032858','','','','','','Санкт-Петербург',100500,7,'catalog/images/image_royal-canin_kissat_sailykkeet_21_1_item_13.jpg',13,1,17.9000,0,0,'0000-00-00',0.00000000,0,0.00000000,0.00000000,0.00000000,0,1,1,0,1,0,'0000-00-00 00:00:00','0000-00-00 00:00:00'),(514,'C171443','113942','','','','','','Санкт-Петербург',100500,7,'catalog/images/image_koirat_21_135_item_20.jpg',16,1,39.9900,0,0,'0000-00-00',0.00000000,0,0.00000000,0.00000000,0.00000000,0,1,1,0,1,0,'0000-00-00 00:00:00','0000-00-00 00:00:00'),(515,'C83703','033775','','','','','','Санкт-Петербург',100500,7,'catalog/images/image_royal-canin_koirat_x-small_21_1_item_17.jpg',13,1,7.9000,0,0,'0000-00-00',0.00000000,0,0.00000000,0.00000000,0.00000000,0,1,1,0,1,0,'0000-00-00 00:00:00','0000-00-00 00:00:00'),(516,'108059','108059','','','','','','Санкт-Петербург',100500,7,'catalog/images/image_koirat_21_68_item_9.jpg',11,1,11.9000,0,0,'0000-00-00',0.00000000,0,0.00000000,0.00000000,0.00000000,0,1,1,0,1,0,'0000-00-00 00:00:00','0000-00-00 00:00:00'),(517,'002042','002042','','','','','','Санкт-Петербург',100500,7,'catalog/images/image_kissat_21_38_item_8.jpg',57,1,1.2900,0,0,'0000-00-00',0.00000000,0,0.00000000,0.00000000,0.00000000,0,1,1,0,1,0,'0000-00-00 00:00:00','0000-00-00 00:00:00'),(518,'101137','101137','','','','','','Санкт-Петербург',100500,7,'catalog/images/image_koirat_21_117_item_12.jpg',13,1,2.0900,0,0,'0000-00-00',0.00000000,0,0.00000000,0.00000000,0.00000000,0,1,1,0,1,0,'0000-00-00 00:00:00','0000-00-00 00:00:00'),(519,'C74281','025551','','','','','','Санкт-Петербург',100500,7,'catalog/images/image_koirat_21_42_item_9.jpg',111,1,19.9000,0,0,'0000-00-00',0.00000000,0,0.00000000,0.00000000,0.00000000,0,1,1,0,1,0,'0000-00-00 00:00:00','0000-00-00 00:00:00'),(520,'C136137','103164','','','','','','Санкт-Петербург',100500,7,'catalog/images/image_koirat_21_121_item_3.jpg',17,1,27.9000,0,0,'0000-00-00',0.00000000,0,0.00000000,0.00000000,0.00000000,0,1,1,0,1,0,'0000-00-00 00:00:00','0000-00-00 00:00:00'),(521,'C79930','031330','','','','','','Санкт-Петербург',100500,7,'catalog/images/image_pienelaimet_21_5_item_15.jpg',16,1,4.9000,0,0,'0000-00-00',0.00000000,0,0.00000000,0.00000000,0.00000000,0,1,1,0,1,0,'0000-00-00 00:00:00','0000-00-00 00:00:00'),(522,'C147970','103908','','','','','','Санкт-Петербург',100500,7,'catalog/images/image_koirat_21_148_item_8.jpg',39,1,9.9500,0,0,'0000-00-00',0.00000000,0,0.00000000,0.00000000,0.00000000,0,1,1,0,1,0,'0000-00-00 00:00:00','0000-00-00 00:00:00'),(523,'031028','031028','','','','','','Санкт-Петербург',100500,7,'catalog/images/image_koirat_21_100_item_6.jpg',16,1,42.9000,0,0,'0000-00-00',0.00000000,0,0.00000000,0.00000000,0.00000000,0,1,1,0,1,0,'0000-00-00 00:00:00','0000-00-00 00:00:00'),(524,'C163216','109310','','','','','','Санкт-Петербург',100500,7,'catalog/images/image_koirat_21_80_item_4.jpg',39,1,49.9000,0,0,'0000-00-00',0.00000000,0,0.00000000,0.00000000,0.00000000,0,1,1,0,1,0,'0000-00-00 00:00:00','0000-00-00 00:00:00'),(525,'031853','031853','','','','','','Санкт-Петербург',100500,7,'catalog/images/image_kissat_21_39_item_11.jpg',77,1,25.9000,0,0,'0000-00-00',0.00000000,0,0.00000000,0.00000000,0.00000000,0,1,1,0,1,0,'0000-00-00 00:00:00','0000-00-00 00:00:00'),(526,'117570','117570','','','','','','Санкт-Петербург',100500,7,'catalog/images/image_lemmikinomistajille_21_10_item_19.jpg',0,1,15.9500,0,0,'0000-00-00',0.00000000,0,0.00000000,0.00000000,0.00000000,0,1,1,0,1,0,'0000-00-00 00:00:00','0000-00-00 00:00:00'),(527,'C178873','117768','','','','','','Санкт-Петербург',100500,7,'catalog/images/image_koirat_21_78_item_6.jpg',0,1,17.9000,0,0,'0000-00-00',0.00000000,0,0.00000000,0.00000000,0.00000000,0,1,1,0,1,0,'0000-00-00 00:00:00','0000-00-00 00:00:00'),(528,'C157418','107953','','','','','','Санкт-Петербург',100500,7,'catalog/images/image_tarjoukset_21_6_item_6.jpg',39,1,6.9500,0,0,'0000-00-00',0.00000000,0,0.00000000,0.00000000,0.00000000,0,1,1,0,1,0,'0000-00-00 00:00:00','0000-00-00 00:00:00'),(529,'026516','026516','','','','','','Санкт-Петербург',100500,7,'catalog/images/image_koirat_21_9_item_0.jpg',80,1,1.5900,0,0,'0000-00-00',0.00000000,0,0.00000000,0.00000000,0.00000000,0,1,1,0,1,0,'0000-00-00 00:00:00','0000-00-00 00:00:00'),(530,'102715','102715','','','','','','Санкт-Петербург',100500,7,'catalog/images/image_pienelaimet_21_2_item_14.jpg',123,1,2.9000,0,0,'0000-00-00',0.00000000,0,0.00000000,0.00000000,0.00000000,0,1,1,0,1,0,'0000-00-00 00:00:00','0000-00-00 00:00:00'),(531,'C153687','106519','','','','','','Санкт-Петербург',100500,7,'catalog/images/image_koirat_21_27_item_14.jpg',0,1,39.9000,0,0,'0000-00-00',0.00000000,0,0.00000000,0.00000000,0.00000000,0,1,1,0,1,0,'0000-00-00 00:00:00','0000-00-00 00:00:00'),(532,'107748','107748','','','','','','Санкт-Петербург',100500,7,'catalog/images/image_koirat_21_63_item_1.jpg',58,1,24.9000,0,0,'0000-00-00',0.00000000,0,0.00000000,0.00000000,0.00000000,0,1,1,0,1,0,'0000-00-00 00:00:00','0000-00-00 00:00:00'),(533,'C153056','106221','','','','','','Санкт-Петербург',100500,7,'catalog/images/image_koirat_21_26_item_14.jpg',42,1,5.9000,0,0,'0000-00-00',0.00000000,0,0.00000000,0.00000000,0.00000000,0,1,1,0,1,0,'0000-00-00 00:00:00','0000-00-00 00:00:00'),(534,'114333','114333','','','','','','Санкт-Петербург',100500,7,'catalog/images/image_koirat_21_39_item_5.jpg',69,1,24.9000,0,0,'0000-00-00',0.00000000,0,0.00000000,0.00000000,0.00000000,0,1,1,0,1,0,'0000-00-00 00:00:00','0000-00-00 00:00:00'),(535,'C157427','107958','','','','','','Санкт-Петербург',100500,7,'catalog/images/image_koirat_21_70_item_17.jpg',39,1,14.9500,0,0,'0000-00-00',0.00000000,0,0.00000000,0.00000000,0.00000000,0,1,1,0,1,0,'0000-00-00 00:00:00','0000-00-00 00:00:00'),(536,'C157495','108020','','','','','','Санкт-Петербург',100500,7,'catalog/images/image_koirat_21_89_item_3.jpg',39,1,19.9000,0,0,'0000-00-00',0.00000000,0,0.00000000,0.00000000,0.00000000,0,1,1,0,1,0,'0000-00-00 00:00:00','0000-00-00 00:00:00'),(537,'030190','030190','','','','','','Санкт-Петербург',100500,7,'catalog/images/image_koirat_21_100_item_2.jpg',35,1,1.2000,0,0,'0000-00-00',0.00000000,0,0.00000000,0.00000000,0.00000000,0,1,1,0,1,0,'0000-00-00 00:00:00','0000-00-00 00:00:00'),(538,'032898','032898','','','','','','Санкт-Петербург',100500,7,'catalog/no_product_image.jpg',0,1,5.9900,0,0,'0000-00-00',0.00000000,0,0.00000000,0.00000000,0.00000000,0,1,1,0,1,0,'0000-00-00 00:00:00','0000-00-00 00:00:00'),(539,'030161','030161','','','','','','Санкт-Петербург',100500,7,'catalog/images/image_pienelaimet_21_7_item_14.jpg',53,1,49.9500,0,0,'0000-00-00',0.00000000,0,0.00000000,0.00000000,0.00000000,0,1,1,0,1,0,'0000-00-00 00:00:00','0000-00-00 00:00:00'),(540,'C130892','101670','','','','','','Санкт-Петербург',100500,7,'catalog/images/image_koirat_21_52_item_19.jpg',39,1,23.9500,0,0,'0000-00-00',0.00000000,0,0.00000000,0.00000000,0.00000000,0,1,1,0,1,0,'0000-00-00 00:00:00','0000-00-00 00:00:00'),(541,'107223','107223','','','','','','Санкт-Петербург',100500,7,'catalog/images/image_kissat_21_48_item_19.jpg',16,1,21.9000,0,0,'0000-00-00',0.00000000,0,0.00000000,0.00000000,0.00000000,0,1,1,0,1,0,'0000-00-00 00:00:00','0000-00-00 00:00:00'),(542,'109768','109768','','','','','','Санкт-Петербург',100500,7,'catalog/images/image_koirat_21_76_item_15.jpg',17,1,24.9000,0,0,'0000-00-00',0.00000000,0,0.00000000,0.00000000,0.00000000,0,1,1,0,1,0,'0000-00-00 00:00:00','0000-00-00 00:00:00'),(543,'002023','002023','','','','','','Санкт-Петербург',100500,7,'catalog/images/image_kissat_21_38_item_3.jpg',57,1,1.2900,0,0,'0000-00-00',0.00000000,0,0.00000000,0.00000000,0.00000000,0,1,1,0,1,0,'0000-00-00 00:00:00','0000-00-00 00:00:00'),(544,'033956','033956','','','','','','Санкт-Петербург',100500,7,'catalog/images/image_koirat_21_123_item_15.jpg',88,1,49.9000,0,0,'0000-00-00',0.00000000,0,0.00000000,0.00000000,0.00000000,0,1,1,0,1,0,'0000-00-00 00:00:00','0000-00-00 00:00:00'),(545,'114126','114126','','','','','','Санкт-Петербург',100500,7,'catalog/images/image_koirat_21_137_item_15.jpg',22,1,6.9000,0,0,'0000-00-00',0.00000000,0,0.00000000,0.00000000,0.00000000,0,1,1,0,1,0,'0000-00-00 00:00:00','0000-00-00 00:00:00'),(546,'106428','106428','','','','','','Санкт-Петербург',100500,7,'catalog/images/image_koirat_21_57_item_7.jpg',68,1,3.2900,0,0,'0000-00-00',0.00000000,0,0.00000000,0.00000000,0.00000000,0,1,1,0,1,0,'0000-00-00 00:00:00','0000-00-00 00:00:00'),(547,'C169435','113030','','','','','','Санкт-Петербург',100500,7,'catalog/images/image_koirat_21_31_item_7.jpg',42,1,14.9000,0,0,'0000-00-00',0.00000000,0,0.00000000,0.00000000,0.00000000,0,1,1,0,1,0,'0000-00-00 00:00:00','0000-00-00 00:00:00'),(548,'109207','109207','','','','','','Санкт-Петербург',100500,7,'catalog/images/image_kissat_21_59_item_19.jpg',61,1,9.9000,0,0,'0000-00-00',0.00000000,0,0.00000000,0.00000000,0.00000000,0,1,1,0,1,0,'0000-00-00 00:00:00','0000-00-00 00:00:00'),(549,'021729','021729','','','','','','Санкт-Петербург',100500,7,'catalog/images/image_kissat_21_56_item_14.jpg',57,1,1.6900,0,0,'0000-00-00',0.00000000,0,0.00000000,0.00000000,0.00000000,0,1,1,0,1,0,'0000-00-00 00:00:00','0000-00-00 00:00:00'),(550,'C161668','108799','','','','','','Санкт-Петербург',100500,7,'catalog/images/image_koirat_21_75_item_0.jpg',105,1,29.9000,0,0,'0000-00-00',0.00000000,0,0.00000000,0.00000000,0.00000000,0,1,1,0,1,0,'0000-00-00 00:00:00','0000-00-00 00:00:00'),(551,'C150639','104960','','','','','','Санкт-Петербург',100500,7,'catalog/images/image_tarjoukset_21_5_item_4.jpg',39,1,54.9000,0,0,'0000-00-00',0.00000000,0,0.00000000,0.00000000,0.00000000,0,1,1,0,1,0,'0000-00-00 00:00:00','0000-00-00 00:00:00'),(552,'102923','102923','','','','','','Санкт-Петербург',100500,7,'catalog/images/image_tarjoukset_21_4_item_10.jpg',99,1,1.9740,0,0,'0000-00-00',0.00000000,0,0.00000000,0.00000000,0.00000000,0,1,1,0,1,0,'0000-00-00 00:00:00','0000-00-00 00:00:00'),(553,'C108473','034506','','','','','','Санкт-Петербург',100500,7,'catalog/images/image_kissat_21_18_item_12.jpg',124,1,14.9000,0,0,'0000-00-00',0.00000000,0,0.00000000,0.00000000,0.00000000,0,1,1,0,1,0,'0000-00-00 00:00:00','0000-00-00 00:00:00'),(554,'C170601','113523','','','','','','Санкт-Петербург',100500,7,'catalog/images/image_koirat_21_126_item_15.jpg',14,1,67.9000,0,0,'0000-00-00',0.00000000,0,0.00000000,0.00000000,0.00000000,0,1,1,0,1,0,'0000-00-00 00:00:00','0000-00-00 00:00:00'),(555,'113728','113728','','','','','','Санкт-Петербург',100500,7,'catalog/images/image_koirat_21_129_item_16.jpg',16,1,11.9000,0,0,'0000-00-00',0.00000000,0,0.00000000,0.00000000,0.00000000,0,1,1,0,1,0,'0000-00-00 00:00:00','0000-00-00 00:00:00'),(556,'C72864','022523','','','','','','Санкт-Петербург',100500,7,'catalog/images/image_royal-canin_koirat_x-small_21_1_item_3.jpg',13,1,9.9000,0,0,'0000-00-00',0.00000000,0,0.00000000,0.00000000,0.00000000,0,1,1,0,1,0,'0000-00-00 00:00:00','0000-00-00 00:00:00'),(557,'107639','107639','','','','','','Санкт-Петербург',100500,7,'catalog/images/image_koirat_21_60_item_4.jpg',58,1,24.9000,0,0,'0000-00-00',0.00000000,0,0.00000000,0.00000000,0.00000000,0,1,1,0,1,0,'0000-00-00 00:00:00','0000-00-00 00:00:00'),(558,'C73975','024279','','','','','','Санкт-Петербург',100500,7,'catalog/images/image_koirat_21_97_item_20.jpg',125,1,19.9000,0,0,'0000-00-00',0.00000000,0,0.00000000,0.00000000,0.00000000,0,1,1,0,1,0,'0000-00-00 00:00:00','0000-00-00 00:00:00'),(559,'100713','100713','','','','','','Санкт-Петербург',100500,7,'catalog/images/image_kissat_21_55_item_15.jpg',57,1,1.2900,0,0,'0000-00-00',0.00000000,0,0.00000000,0.00000000,0.00000000,0,1,1,0,1,0,'0000-00-00 00:00:00','0000-00-00 00:00:00'),(560,'C129111','100930','','','','','','Санкт-Петербург',100500,7,'catalog/images/image_koirat_21_120_item_2.jpg',17,1,24.9000,0,0,'0000-00-00',0.00000000,0,0.00000000,0.00000000,0.00000000,0,1,1,0,1,0,'0000-00-00 00:00:00','0000-00-00 00:00:00'),(561,'C152953','106156','','','','','','Санкт-Петербург',100500,7,'catalog/images/image_pennut_21_3_item_2.jpg',0,1,8.9000,0,0,'0000-00-00',0.00000000,0,0.00000000,0.00000000,0.00000000,0,1,1,0,1,0,'0000-00-00 00:00:00','0000-00-00 00:00:00'),(562,'C169437','113031','','','','','','Санкт-Петербург',100500,7,'catalog/images/image_koirat_21_31_item_8.jpg',42,1,12.9000,0,0,'0000-00-00',0.00000000,0,0.00000000,0.00000000,0.00000000,0,1,1,0,1,0,'0000-00-00 00:00:00','0000-00-00 00:00:00'),(563,'C152982','106181','','','','','','Санкт-Петербург',100500,7,'catalog/images/image_koirat_21_24_item_20.jpg',0,1,1.5900,0,0,'0000-00-00',0.00000000,0,0.00000000,0.00000000,0.00000000,0,1,1,0,1,0,'0000-00-00 00:00:00','0000-00-00 00:00:00'),(564,'026340','026340','','','','','','Санкт-Петербург',100500,7,'catalog/images/image_pienelaimet_21_4_item_2.jpg',16,1,2.9900,0,0,'0000-00-00',0.00000000,0,0.00000000,0.00000000,0.00000000,0,1,1,0,1,0,'0000-00-00 00:00:00','0000-00-00 00:00:00'),(565,'031855','031855','','','','','','Санкт-Петербург',100500,7,'catalog/images/image_kissat_21_39_item_13.jpg',77,1,25.9000,0,0,'0000-00-00',0.00000000,0,0.00000000,0.00000000,0.00000000,0,1,1,0,1,0,'0000-00-00 00:00:00','0000-00-00 00:00:00'),(566,'008064','008064','','','','','','Санкт-Петербург',100500,7,'catalog/images/image_koirat_21_107_item_16.jpg',126,1,49.9000,0,0,'0000-00-00',0.00000000,0,0.00000000,0.00000000,0.00000000,0,1,1,0,1,0,'0000-00-00 00:00:00','0000-00-00 00:00:00'),(567,'101302','101302','','','','','','Санкт-Петербург',100500,7,'catalog/images/image_koirat_21_51_item_2.jpg',45,1,4.9900,0,0,'0000-00-00',0.00000000,0,0.00000000,0.00000000,0.00000000,0,1,1,0,1,0,'0000-00-00 00:00:00','0000-00-00 00:00:00'),(568,'031006','031006','','','','','','Санкт-Петербург',100500,7,'catalog/images/image_koirat_21_3_item_19.jpg',69,1,19.9000,0,0,'0000-00-00',0.00000000,0,0.00000000,0.00000000,0.00000000,0,1,1,0,1,0,'0000-00-00 00:00:00','0000-00-00 00:00:00'),(569,'107760','107760','','','','','','Санкт-Петербург',100500,7,'catalog/images/image_koirat_21_63_item_9.jpg',58,1,24.9000,0,0,'0000-00-00',0.00000000,0,0.00000000,0.00000000,0.00000000,0,1,1,0,1,0,'0000-00-00 00:00:00','0000-00-00 00:00:00'),(570,'C75130','026792','','','','','','Санкт-Петербург',100500,7,'catalog/images/image_koirat_21_98_item_18.jpg',127,1,12.9000,0,0,'0000-00-00',0.00000000,0,0.00000000,0.00000000,0.00000000,0,1,1,0,1,0,'0000-00-00 00:00:00','0000-00-00 00:00:00'),(571,'109799','109799','','','','','','Санкт-Петербург',100500,7,'catalog/images/image_koirat_21_126_item_1.jpg',94,1,19.9000,0,0,'0000-00-00',0.00000000,0,0.00000000,0.00000000,0.00000000,0,1,1,0,1,0,'0000-00-00 00:00:00','0000-00-00 00:00:00'),(572,'106096','106096','','','','','','Санкт-Петербург',100500,7,'catalog/images/image_kissat_21_7_item_7.jpg',16,1,5.9000,0,0,'0000-00-00',0.00000000,0,0.00000000,0.00000000,0.00000000,0,1,1,0,1,0,'0000-00-00 00:00:00','0000-00-00 00:00:00'),(573,'C69045','007070','','','','','','Санкт-Петербург',100500,7,'catalog/images/image_pienelaimet_21_2_item_20.jpg',128,1,11.9000,0,0,'0000-00-00',0.00000000,0,0.00000000,0.00000000,0.00000000,0,1,1,0,1,0,'0000-00-00 00:00:00','0000-00-00 00:00:00'),(574,'114132','114132','','','','','','Санкт-Петербург',100500,7,'catalog/images/image_koirat_21_136_item_9.jpg',22,1,14.9000,0,0,'0000-00-00',0.00000000,0,0.00000000,0.00000000,0.00000000,0,1,1,0,1,0,'0000-00-00 00:00:00','0000-00-00 00:00:00'),(575,'C74167','025439','','','','','','Санкт-Петербург',100500,7,'catalog/images/image_kissat_21_58_item_17.jpg',90,1,1.3000,0,0,'0000-00-00',0.00000000,0,0.00000000,0.00000000,0.00000000,0,1,1,0,1,0,'0000-00-00 00:00:00','0000-00-00 00:00:00'),(576,'106206','106206','','','','','','Санкт-Петербург',100500,7,'catalog/images/image_kissat_21_22_item_9.jpg',20,1,8.9000,0,0,'0000-00-00',0.00000000,0,0.00000000,0.00000000,0.00000000,0,1,1,0,1,0,'0000-00-00 00:00:00','0000-00-00 00:00:00'),(577,'033527','033527','','','','','','Санкт-Петербург',100500,7,'catalog/images/image_koirat_21_6_item_14.jpg',86,1,4.8930,0,0,'0000-00-00',0.00000000,0,0.00000000,0.00000000,0.00000000,0,1,1,0,1,0,'0000-00-00 00:00:00','0000-00-00 00:00:00'),(578,'003937','003937','','','','','','Санкт-Петербург',100500,7,'catalog/images/image_kissat_21_39_item_0.jpg',57,1,1.6900,0,0,'0000-00-00',0.00000000,0,0.00000000,0.00000000,0.00000000,0,1,1,0,1,0,'0000-00-00 00:00:00','0000-00-00 00:00:00'),(579,'100645','100645','','','','','','Санкт-Петербург',100500,7,'catalog/images/image_kissat_21_37_item_5.jpg',129,1,4.0000,0,0,'0000-00-00',0.00000000,0,0.00000000,0.00000000,0.00000000,0,1,1,0,1,0,'0000-00-00 00:00:00','0000-00-00 00:00:00'),(580,'C82801','033109','','','','','','Санкт-Петербург',100500,7,'catalog/images/image_kissat_21_36_item_3.jpg',130,1,11.9000,0,0,'0000-00-00',0.00000000,0,0.00000000,0.00000000,0.00000000,0,1,1,0,1,0,'0000-00-00 00:00:00','0000-00-00 00:00:00'),(581,'005859','005859','','','','','','Санкт-Петербург',100500,7,'catalog/images/image_koirat_21_103_item_1.jpg',16,1,2.9000,0,0,'0000-00-00',0.00000000,0,0.00000000,0.00000000,0.00000000,0,1,1,0,1,0,'0000-00-00 00:00:00','0000-00-00 00:00:00'),(582,'029654','029654','','','','','','Санкт-Петербург',100500,7,'catalog/images/image_kissat_21_16_item_7.jpg',41,1,3.4900,0,0,'0000-00-00',0.00000000,0,0.00000000,0.00000000,0.00000000,0,1,1,0,1,0,'0000-00-00 00:00:00','0000-00-00 00:00:00'),(583,'032788','032788','','','','','','Санкт-Петербург',100500,7,'catalog/images/image_kissat_21_16_item_11.jpg',72,1,1.3900,0,0,'0000-00-00',0.00000000,0,0.00000000,0.00000000,0.00000000,0,1,1,0,1,0,'0000-00-00 00:00:00','0000-00-00 00:00:00'),(584,'C130520','101534','','','','','','Санкт-Петербург',100500,7,'catalog/images/image_kissat_21_5_item_18.jpg',42,1,15.9000,0,0,'0000-00-00',0.00000000,0,0.00000000,0.00000000,0.00000000,0,1,1,0,1,0,'0000-00-00 00:00:00','0000-00-00 00:00:00'),(585,'033550','033550','','','','','','Санкт-Петербург',100500,7,'catalog/images/image_koirat_21_13_item_16.jpg',86,1,4.1930,0,0,'0000-00-00',0.00000000,0,0.00000000,0.00000000,0.00000000,0,1,1,0,1,0,'0000-00-00 00:00:00','0000-00-00 00:00:00'),(586,'002573','002573','','','','','','Санкт-Петербург',100500,7,'catalog/images/image_pennut_21_7_item_12.jpg',54,1,39.9000,0,0,'0000-00-00',0.00000000,0,0.00000000,0.00000000,0.00000000,0,1,1,0,1,0,'0000-00-00 00:00:00','0000-00-00 00:00:00'),(587,'C153072','106233','','','','','','Санкт-Петербург',100500,7,'catalog/images/image_koirat_21_26_item_17.jpg',42,1,4.9000,0,0,'0000-00-00',0.00000000,0,0.00000000,0.00000000,0.00000000,0,1,1,0,1,0,'0000-00-00 00:00:00','0000-00-00 00:00:00'),(588,'C161671','108801','','','','','','Санкт-Петербург',100500,7,'catalog/images/image_koirat_21_75_item_1.jpg',105,1,29.9000,0,0,'0000-00-00',0.00000000,0,0.00000000,0.00000000,0.00000000,0,1,1,0,1,0,'0000-00-00 00:00:00','0000-00-00 00:00:00'),(589,'107690','107690','','','','','','Санкт-Петербург',100500,7,'catalog/images/image_koirat_21_61_item_15.jpg',58,1,19.9000,0,0,'0000-00-00',0.00000000,0,0.00000000,0.00000000,0.00000000,0,1,1,0,1,0,'0000-00-00 00:00:00','0000-00-00 00:00:00'),(590,'C72100','108976','','','','','','Санкт-Петербург',100500,7,'catalog/images/image_pienelaimet_21_3_item_16.jpg',38,1,44.9000,0,0,'0000-00-00',0.00000000,0,0.00000000,0.00000000,0.00000000,0,1,1,0,1,0,'0000-00-00 00:00:00','0000-00-00 00:00:00'),(591,'050563','050563','','','','','','Санкт-Петербург',100500,7,'catalog/images/image_koirat_21_115_item_10.jpg',98,1,15.9000,0,0,'0000-00-00',0.00000000,0,0.00000000,0.00000000,0.00000000,0,1,1,0,1,0,'0000-00-00 00:00:00','0000-00-00 00:00:00'),(592,'006614','006614','','','','','','Санкт-Петербург',100500,7,'catalog/images/image_koirat_21_106_item_20.jpg',131,1,9.9000,0,0,'0000-00-00',0.00000000,0,0.00000000,0.00000000,0.00000000,0,1,1,0,1,0,'0000-00-00 00:00:00','0000-00-00 00:00:00'),(593,'032979','032979','','','','','','Санкт-Петербург',100500,7,'catalog/images/image_koirat_21_13_item_8.jpg',21,1,59.9000,0,0,'0000-00-00',0.00000000,0,0.00000000,0.00000000,0.00000000,0,1,1,0,1,0,'0000-00-00 00:00:00','0000-00-00 00:00:00'),(594,'034916','034916','','','','','','Санкт-Петербург',100500,7,'catalog/images/image_koirat_21_44_item_4.jpg',22,1,29.9000,0,0,'0000-00-00',0.00000000,0,0.00000000,0.00000000,0.00000000,0,1,1,0,1,0,'0000-00-00 00:00:00','0000-00-00 00:00:00'),(595,'032856','032856','','','','','','Санкт-Петербург',100500,7,'catalog/images/image_royal-canin_kissat_sailykkeet_21_1_item_11.jpg',13,1,17.9000,0,0,'0000-00-00',0.00000000,0,0.00000000,0.00000000,0.00000000,0,1,1,0,1,0,'0000-00-00 00:00:00','0000-00-00 00:00:00'),(596,'C170174','113361','','','','','','Санкт-Петербург',100500,7,'catalog/images/image_kissat_21_24_item_19.jpg',0,1,4.5000,0,0,'0000-00-00',0.00000000,0,0.00000000,0.00000000,0.00000000,0,1,1,0,1,0,'0000-00-00 00:00:00','0000-00-00 00:00:00'),(597,'114436','114436','','','','','','Санкт-Петербург',100500,7,'catalog/images/image_koirat_21_37_item_7.jpg',121,1,8.9900,0,0,'0000-00-00',0.00000000,0,0.00000000,0.00000000,0.00000000,0,1,1,0,1,0,'0000-00-00 00:00:00','0000-00-00 00:00:00'),(598,'023305','023305','','','','','','Санкт-Петербург',100500,7,'catalog/images/image_koirat_21_97_item_10.jpg',89,1,17.9000,0,0,'0000-00-00',0.00000000,0,0.00000000,0.00000000,0.00000000,0,1,1,0,1,0,'0000-00-00 00:00:00','0000-00-00 00:00:00'),(599,'C149228','104226','','','','','','Санкт-Петербург',100500,7,'catalog/images/image_koirat_21_23_item_4.jpg',0,1,7.9000,0,0,'0000-00-00',0.00000000,0,0.00000000,0.00000000,0.00000000,0,1,1,0,1,0,'0000-00-00 00:00:00','0000-00-00 00:00:00'),(600,'053744','053744','','','','','','Санкт-Петербург',100500,7,'catalog/images/image_koirat_21_54_item_13.jpg',0,1,1.7900,0,0,'0000-00-00',0.00000000,0,0.00000000,0.00000000,0.00000000,0,1,1,0,1,0,'0000-00-00 00:00:00','0000-00-00 00:00:00'),(601,'114151','114151','','','','','','Санкт-Петербург',100500,7,'catalog/images/image_koirat_21_138_item_1.jpg',30,1,2.1900,0,0,'0000-00-00',0.00000000,0,0.00000000,0.00000000,0.00000000,0,1,1,0,1,0,'0000-00-00 00:00:00','0000-00-00 00:00:00'),(602,'023635','023635','','','','','','Санкт-Петербург',100500,7,'catalog/images/image_koirat_21_110_item_1.jpg',63,1,6.9000,0,0,'0000-00-00',0.00000000,0,0.00000000,0.00000000,0.00000000,0,1,1,0,1,0,'0000-00-00 00:00:00','0000-00-00 00:00:00'),(603,'113986','113986','','','','','','Санкт-Петербург',100500,7,'catalog/images/image_pennut_21_4_item_14.jpg',29,1,3.5900,0,0,'0000-00-00',0.00000000,0,0.00000000,0.00000000,0.00000000,0,1,1,0,1,0,'0000-00-00 00:00:00','0000-00-00 00:00:00'),(604,'C81284','101304','','','','','','Санкт-Петербург',100500,7,'catalog/images/image_kissat_21_13_item_15.jpg',132,1,10.9000,0,0,'0000-00-00',0.00000000,0,0.00000000,0.00000000,0.00000000,0,1,1,0,1,0,'0000-00-00 00:00:00','0000-00-00 00:00:00'),(605,'033818','033818','','','','','','Санкт-Петербург',100500,7,'catalog/images/image_kissat_21_15_item_18.jpg',59,1,1.2900,0,0,'0000-00-00',0.00000000,0,0.00000000,0.00000000,0.00000000,0,1,1,0,1,0,'0000-00-00 00:00:00','0000-00-00 00:00:00'),(606,'116551','116551','','','','','','Санкт-Петербург',100500,7,'catalog/images/image_kissat_21_11_item_13.jpg',42,1,99.0000,0,0,'0000-00-00',0.00000000,0,0.00000000,0.00000000,0.00000000,0,1,1,0,1,0,'0000-00-00 00:00:00','0000-00-00 00:00:00'),(607,'029618','029618','','','','','','Санкт-Петербург',100500,7,'catalog/images/image_koirat_21_11_item_7.jpg',0,1,27.9000,0,0,'0000-00-00',0.00000000,0,0.00000000,0.00000000,0.00000000,0,1,1,0,1,0,'0000-00-00 00:00:00','0000-00-00 00:00:00'),(608,'100515','100515','','','','','','Санкт-Петербург',100500,7,'catalog/images/image_koirat_21_45_item_4.jpg',56,1,14.9000,0,0,'0000-00-00',0.00000000,0,0.00000000,0.00000000,0.00000000,0,1,1,0,1,0,'0000-00-00 00:00:00','0000-00-00 00:00:00'),(609,'C80554','031752','','','','','','Санкт-Петербург',100500,7,'catalog/images/image_koirat_21_12_item_15.jpg',21,1,15.9000,0,0,'0000-00-00',0.00000000,0,0.00000000,0.00000000,0.00000000,0,1,1,0,1,0,'0000-00-00 00:00:00','0000-00-00 00:00:00'),(610,'C80746','031887','','','','','','Санкт-Петербург',100500,7,'catalog/images/image_tarjoukset_21_1_item_8.jpg',21,1,9.9000,0,0,'0000-00-00',0.00000000,0,0.00000000,0.00000000,0.00000000,0,1,1,0,1,0,'0000-00-00 00:00:00','0000-00-00 00:00:00'),(611,'C157648','108129','','','','','','Санкт-Петербург',100500,7,'catalog/images/image_tarjoukset_21_5_item_14.jpg',0,1,29.9000,0,0,'0000-00-00',0.00000000,0,0.00000000,0.00000000,0.00000000,0,1,1,0,1,0,'0000-00-00 00:00:00','0000-00-00 00:00:00'),(612,'025486','025486','','','','','','Санкт-Петербург',100500,7,'catalog/images/image_lemmikinomistajille_21_1_item_5.jpg',133,1,20.0000,0,0,'0000-00-00',0.00000000,0,0.00000000,0.00000000,0.00000000,0,1,1,0,1,0,'0000-00-00 00:00:00','0000-00-00 00:00:00'),(613,'117541','117541','','','','','','Санкт-Петербург',100500,7,'catalog/images/image_lemmikinomistajille_21_9_item_11.jpg',0,1,11.9500,0,0,'0000-00-00',0.00000000,0,0.00000000,0.00000000,0.00000000,0,1,1,0,1,0,'0000-00-00 00:00:00','0000-00-00 00:00:00'),(614,'106981','106981','','','','','','Санкт-Петербург',100500,7,'catalog/images/image_koirat_21_130_item_2.jpg',16,1,12.9900,0,0,'0000-00-00',0.00000000,0,0.00000000,0.00000000,0.00000000,0,1,1,0,1,0,'0000-00-00 00:00:00','0000-00-00 00:00:00'),(615,'101063','101063','','','','','','Санкт-Петербург',100500,7,'catalog/images/image_kissat_21_45_item_10.jpg',16,1,3.9000,0,0,'0000-00-00',0.00000000,0,0.00000000,0.00000000,0.00000000,0,1,1,0,1,0,'0000-00-00 00:00:00','0000-00-00 00:00:00'),(616,'C77377','028839','','','','','','Санкт-Петербург',100500,7,'catalog/images/image_koirat_21_47_item_9.jpg',39,1,19.9500,0,0,'0000-00-00',0.00000000,0,0.00000000,0.00000000,0.00000000,0,1,1,0,1,0,'0000-00-00 00:00:00','0000-00-00 00:00:00'),(617,'117611','117611','','','','','','Санкт-Петербург',100500,7,'catalog/images/image_lemmikinomistajille_21_12_item_18.jpg',0,1,15.9500,0,0,'0000-00-00',0.00000000,0,0.00000000,0.00000000,0.00000000,0,1,1,0,1,0,'0000-00-00 00:00:00','0000-00-00 00:00:00'),(618,'109767','109767','','','','','','Санкт-Петербург',100500,7,'catalog/images/image_koirat_21_76_item_14.jpg',17,1,24.9000,0,0,'0000-00-00',0.00000000,0,0.00000000,0.00000000,0.00000000,0,1,1,0,1,0,'0000-00-00 00:00:00','0000-00-00 00:00:00'),(619,'032919','032919','','','','','','Санкт-Петербург',100500,7,'catalog/no_product_image.jpg',0,1,16.9000,0,0,'0000-00-00',0.00000000,0,0.00000000,0.00000000,0.00000000,0,1,1,0,1,0,'0000-00-00 00:00:00','0000-00-00 00:00:00'),(620,'108993','108993','','','','','','Санкт-Петербург',100500,7,'catalog/images/image_pienelaimet_21_16_item_10.jpg',38,1,3.5000,0,0,'0000-00-00',0.00000000,0,0.00000000,0.00000000,0.00000000,0,1,1,0,1,0,'0000-00-00 00:00:00','0000-00-00 00:00:00'),(621,'C154085','106651','','','','','','Санкт-Петербург',100500,7,'catalog/images/image_koirat_21_57_item_20.jpg',134,1,6.9000,0,0,'0000-00-00',0.00000000,0,0.00000000,0.00000000,0.00000000,0,1,1,0,1,0,'0000-00-00 00:00:00','0000-00-00 00:00:00'),(622,'C126489','103114','','','','','','Санкт-Петербург',100500,7,'catalog/images/image_koirat_21_81_item_18.jpg',56,1,14.9000,0,0,'0000-00-00',0.00000000,0,0.00000000,0.00000000,0.00000000,0,1,1,0,1,0,'0000-00-00 00:00:00','0000-00-00 00:00:00'),(623,'003539','003539','','','','','','Санкт-Петербург',100500,7,'catalog/images/image_tarjoukset_21_7_item_7.jpg',135,1,10.0000,0,0,'0000-00-00',0.00000000,0,0.00000000,0.00000000,0.00000000,0,1,1,0,1,0,'0000-00-00 00:00:00','0000-00-00 00:00:00'),(624,'C127302','100577','','','','','','Санкт-Петербург',100500,7,'catalog/images/image_koirat_21_117_item_4.jpg',26,1,13.9000,0,0,'0000-00-00',0.00000000,0,0.00000000,0.00000000,0.00000000,0,1,1,0,1,0,'0000-00-00 00:00:00','0000-00-00 00:00:00'),(625,'033712','033712','','','','','','Санкт-Петербург',100500,7,'catalog/images/image_koirat_21_7_item_0.jpg',69,1,11.9000,0,0,'0000-00-00',0.00000000,0,0.00000000,0.00000000,0.00000000,0,1,1,0,1,0,'0000-00-00 00:00:00','0000-00-00 00:00:00'),(626,'C132049','102121','','','','','','Санкт-Петербург',100500,7,'catalog/images/image_koirat_21_53_item_15.jpg',43,1,27.9000,0,0,'0000-00-00',0.00000000,0,0.00000000,0.00000000,0.00000000,0,1,1,0,1,0,'0000-00-00 00:00:00','0000-00-00 00:00:00'),(627,'C157386','107929','','','','','','Санкт-Петербург',100500,7,'catalog/images/image_koirat_21_64_item_19.jpg',136,1,14.9000,0,0,'0000-00-00',0.00000000,0,0.00000000,0.00000000,0.00000000,0,1,1,0,1,0,'0000-00-00 00:00:00','0000-00-00 00:00:00'),(628,'C148890','104086','','','','','','Санкт-Петербург',100500,7,'catalog/images/image_kissat_21_6_item_17.jpg',42,1,9.9000,0,0,'0000-00-00',0.00000000,0,0.00000000,0.00000000,0.00000000,0,1,1,0,1,0,'0000-00-00 00:00:00','0000-00-00 00:00:00'),(629,'106430','106430','','','','','','Санкт-Петербург',100500,7,'catalog/images/image_tarjoukset_21_4_item_19.jpg',68,1,3.2900,0,0,'0000-00-00',0.00000000,0,0.00000000,0.00000000,0.00000000,0,1,1,0,1,0,'0000-00-00 00:00:00','0000-00-00 00:00:00'),(630,'C78628','030242','','','','','','Санкт-Петербург',100500,7,'catalog/images/image_koirat_21_3_item_13.jpg',47,1,19.9000,0,0,'0000-00-00',0.00000000,0,0.00000000,0.00000000,0.00000000,0,1,1,0,1,0,'0000-00-00 00:00:00','0000-00-00 00:00:00'),(631,'C163584','109550','','','','','','Санкт-Петербург',100500,7,'catalog/images/image_koirat_21_132_item_13.jpg',113,1,19.9000,0,0,'0000-00-00',0.00000000,0,0.00000000,0.00000000,0.00000000,0,1,1,0,1,0,'0000-00-00 00:00:00','0000-00-00 00:00:00'),(632,'106427','106427','','','','','','Санкт-Петербург',100500,7,'catalog/images/image_tarjoukset_21_4_item_16.jpg',68,1,3.2900,0,0,'0000-00-00',0.00000000,0,0.00000000,0.00000000,0.00000000,0,1,1,0,1,0,'0000-00-00 00:00:00','0000-00-00 00:00:00'),(633,'C146988','103613','','','','','','Санкт-Петербург',100500,7,'catalog/images/image_koirat_21_23_item_15.jpg',42,1,19.9000,0,0,'0000-00-00',0.00000000,0,0.00000000,0.00000000,0.00000000,0,1,1,0,1,0,'0000-00-00 00:00:00','0000-00-00 00:00:00'),(634,'C71603','019992','','','','','','Санкт-Петербург',100500,7,'catalog/images/image_koirat_21_145_item_15.jpg',13,1,69.9000,0,0,'0000-00-00',0.00000000,0,0.00000000,0.00000000,0.00000000,0,1,1,0,1,0,'0000-00-00 00:00:00','0000-00-00 00:00:00'),(635,'C146938','103585','','','','','','Санкт-Петербург',100500,7,'catalog/images/image_koirat_21_146_item_14.jpg',13,1,25.9000,0,0,'0000-00-00',0.00000000,0,0.00000000,0.00000000,0.00000000,0,1,1,0,1,0,'0000-00-00 00:00:00','0000-00-00 00:00:00'),(636,'112715','112715','','','','','','Санкт-Петербург',100500,7,'catalog/images/image_koirat_21_131_item_4.jpg',16,1,7.9900,0,0,'0000-00-00',0.00000000,0,0.00000000,0.00000000,0.00000000,0,1,1,0,1,0,'0000-00-00 00:00:00','0000-00-00 00:00:00'),(637,'113193','113193','','','','','','Санкт-Петербург',100500,7,'catalog/images/image_kissat_21_51_item_2.jpg',16,1,21.9000,0,0,'0000-00-00',0.00000000,0,0.00000000,0.00000000,0.00000000,0,1,1,0,1,0,'0000-00-00 00:00:00','0000-00-00 00:00:00'),(638,'106800','106800','','','','','','Санкт-Петербург',100500,7,'catalog/images/image_koirat_21_24_item_1.jpg',47,1,34.9000,0,0,'0000-00-00',0.00000000,0,0.00000000,0.00000000,0.00000000,0,1,1,0,1,0,'0000-00-00 00:00:00','0000-00-00 00:00:00'),(639,'C80308','031595','','','','','','Санкт-Петербург',100500,7,'catalog/images/image_koirat_21_48_item_18.jpg',46,1,0.3900,0,0,'0000-00-00',0.00000000,0,0.00000000,0.00000000,0.00000000,0,1,1,0,1,0,'0000-00-00 00:00:00','0000-00-00 00:00:00'),(640,'C162967','109184','','','','','','Санкт-Петербург',100500,7,'catalog/images/image_pennut_21_3_item_15.jpg',0,1,19.9000,0,0,'0000-00-00',0.00000000,0,0.00000000,0.00000000,0.00000000,0,1,1,0,1,0,'0000-00-00 00:00:00','0000-00-00 00:00:00'),(641,'C170748','113625','','','','','','Санкт-Петербург',100500,7,'catalog/images/image_tarjoukset_21_6_item_14.jpg',137,1,46.9000,0,0,'0000-00-00',0.00000000,0,0.00000000,0.00000000,0.00000000,0,1,1,0,1,0,'0000-00-00 00:00:00','0000-00-00 00:00:00'),(642,'C73698','023751','','','','','','Санкт-Петербург',100500,7,'catalog/images/image_koirat_21_142_item_18.jpg',31,1,23.9000,0,0,'0000-00-00',0.00000000,0,0.00000000,0.00000000,0.00000000,0,1,1,0,1,0,'0000-00-00 00:00:00','0000-00-00 00:00:00'),(643,'022242','022242','','','','','','Санкт-Петербург',100500,7,'catalog/images/image_koirat_21_97_item_2.jpg',91,1,20.5000,0,0,'0000-00-00',0.00000000,0,0.00000000,0.00000000,0.00000000,0,1,1,0,1,0,'0000-00-00 00:00:00','0000-00-00 00:00:00'),(644,'100192','100192','','','','','','Санкт-Петербург',100500,7,'catalog/images/image_koirat_21_18_item_19.jpg',0,1,5.9900,0,0,'0000-00-00',0.00000000,0,0.00000000,0.00000000,0.00000000,0,1,1,0,1,0,'0000-00-00 00:00:00','0000-00-00 00:00:00'),(645,'C81122','032158','','','','','','Санкт-Петербург',100500,7,'catalog/images/image_koirat_21_40_item_9.jpg',86,1,19.9000,0,0,'0000-00-00',0.00000000,0,0.00000000,0.00000000,0.00000000,0,1,1,0,1,0,'0000-00-00 00:00:00','0000-00-00 00:00:00'),(646,'C161665','108797','','','','','','Санкт-Петербург',100500,7,'catalog/images/image_koirat_21_74_item_20.jpg',105,1,29.9000,0,0,'0000-00-00',0.00000000,0,0.00000000,0.00000000,0.00000000,0,1,1,0,1,0,'0000-00-00 00:00:00','0000-00-00 00:00:00'),(647,'106142','106142','','','','','','Санкт-Петербург',100500,7,'catalog/images/image_pennut_21_3_item_1.jpg',0,1,5.9000,0,0,'0000-00-00',0.00000000,0,0.00000000,0.00000000,0.00000000,0,1,1,0,1,0,'0000-00-00 00:00:00','0000-00-00 00:00:00'),(648,'C70451','029815','','','','','','Санкт-Петербург',100500,7,'catalog/images/image_royal-canin_koirat_breed-roturuoat_21_1_item_17.jpg',13,1,17.9000,0,0,'0000-00-00',0.00000000,0,0.00000000,0.00000000,0.00000000,0,1,1,0,1,0,'0000-00-00 00:00:00','0000-00-00 00:00:00'),(649,'C74324','101133','','','','','','Санкт-Петербург',100500,7,'catalog/images/image_koirat_21_42_item_13.jpg',124,1,13.9000,0,0,'0000-00-00',0.00000000,0,0.00000000,0.00000000,0.00000000,0,1,1,0,1,0,'0000-00-00 00:00:00','0000-00-00 00:00:00'),(650,'C135784','103051','','','','','','Санкт-Петербург',100500,7,'catalog/images/image_koirat_21_54_item_2.jpg',0,1,21.9000,0,0,'0000-00-00',0.00000000,0,0.00000000,0.00000000,0.00000000,0,1,1,0,1,0,'0000-00-00 00:00:00','0000-00-00 00:00:00'),(651,'101168','101168','','','','','','Санкт-Петербург',100500,7,'catalog/images/image_koirat_21_54_item_17.jpg',138,1,7.9000,0,0,'0000-00-00',0.00000000,0,0.00000000,0.00000000,0.00000000,0,1,1,0,1,0,'0000-00-00 00:00:00','0000-00-00 00:00:00'),(652,'114427','114427','','','','','','Санкт-Петербург',100500,7,'catalog/images/image_koirat_21_37_item_3.jpg',121,1,4.9900,0,0,'0000-00-00',0.00000000,0,0.00000000,0.00000000,0.00000000,0,1,1,0,1,0,'0000-00-00 00:00:00','0000-00-00 00:00:00'),(653,'C68137','022061','','','','','','Санкт-Петербург',100500,7,'catalog/images/image_koirat_21_140_item_5.jpg',0,1,63.9000,0,0,'0000-00-00',0.00000000,0,0.00000000,0.00000000,0.00000000,0,1,1,0,1,0,'0000-00-00 00:00:00','0000-00-00 00:00:00'),(654,'027878','027878','','','','','','Санкт-Петербург',100500,7,'catalog/images/image_koirat_21_2_item_12.jpg',80,1,7.9900,0,0,'0000-00-00',0.00000000,0,0.00000000,0.00000000,0.00000000,0,1,1,0,1,0,'0000-00-00 00:00:00','0000-00-00 00:00:00'),(655,'C101176','050589','','','','','','Санкт-Петербург',100500,7,'catalog/images/image_koirat_21_138_item_19.jpg',98,1,12.9000,0,0,'0000-00-00',0.00000000,0,0.00000000,0.00000000,0.00000000,0,1,1,0,1,0,'0000-00-00 00:00:00','0000-00-00 00:00:00'),(656,'103972','103972','','','','','','Санкт-Петербург',100500,7,'catalog/images/image_kissat_21_21_item_5.jpg',0,1,3.9900,0,0,'0000-00-00',0.00000000,0,0.00000000,0.00000000,0.00000000,0,1,1,0,1,0,'0000-00-00 00:00:00','0000-00-00 00:00:00'),(657,'028526','028526','','','','','','Санкт-Петербург',100500,7,'catalog/images/image_lemmikinomistajille_21_4_item_17.jpg',0,1,3.9500,0,0,'0000-00-00',0.00000000,0,0.00000000,0.00000000,0.00000000,0,1,1,0,1,0,'0000-00-00 00:00:00','0000-00-00 00:00:00'),(658,'109000','109000','','','','','','Санкт-Петербург',100500,7,'catalog/images/image_kissat_21_9_item_18.jpg',140,1,19.9000,0,0,'0000-00-00',0.00000000,0,0.00000000,0.00000000,0.00000000,0,1,1,0,1,0,'0000-00-00 00:00:00','0000-00-00 00:00:00'),(659,'114269','114269','','','','','','Санкт-Петербург',100500,7,'catalog/images/image_koirat_21_132_item_5.jpg',66,1,59.9000,0,0,'0000-00-00',0.00000000,0,0.00000000,0.00000000,0.00000000,0,1,1,0,1,0,'0000-00-00 00:00:00','0000-00-00 00:00:00'),(660,'022063','022063','','','','','','Санкт-Петербург',100500,7,'catalog/images/image_kissat_21_56_item_17.jpg',13,1,17.9000,0,0,'0000-00-00',0.00000000,0,0.00000000,0.00000000,0.00000000,0,1,1,0,1,0,'0000-00-00 00:00:00','0000-00-00 00:00:00'),(661,'C162208','108979','','','','','','Санкт-Петербург',100500,7,'catalog/images/image_pienelaimet_21_15_item_1.jpg',38,1,5.9000,0,0,'0000-00-00',0.00000000,0,0.00000000,0.00000000,0.00000000,0,1,1,0,1,0,'0000-00-00 00:00:00','0000-00-00 00:00:00'),(662,'028927','028927','','','','','','Санкт-Петербург',100500,7,'catalog/images/image_koirat_21_87_item_12.jpg',141,1,18.9000,0,0,'0000-00-00',0.00000000,0,0.00000000,0.00000000,0.00000000,0,1,1,0,1,0,'0000-00-00 00:00:00','0000-00-00 00:00:00'),(663,'028566','028566','','','','','','Санкт-Петербург',100500,7,'catalog/images/image_lemmikinomistajille_21_6_item_11.jpg',0,1,3.9500,0,0,'0000-00-00',0.00000000,0,0.00000000,0.00000000,0.00000000,0,1,1,0,1,0,'0000-00-00 00:00:00','0000-00-00 00:00:00'),(664,'113768','113768','','','','','','Санкт-Петербург',100500,7,'catalog/images/image_koirat_21_130_item_0.jpg',16,1,11.9000,0,0,'0000-00-00',0.00000000,0,0.00000000,0.00000000,0.00000000,0,1,1,0,1,0,'0000-00-00 00:00:00','0000-00-00 00:00:00'),(665,'101057','101057','','','','','','Санкт-Петербург',100500,7,'catalog/images/image_kissat_21_45_item_5.jpg',16,1,21.9000,0,0,'0000-00-00',0.00000000,0,0.00000000,0.00000000,0.00000000,0,1,1,0,1,0,'0000-00-00 00:00:00','0000-00-00 00:00:00'),(666,'C162532','109062','','','','','','Санкт-Петербург',100500,7,'catalog/images/image_tarjoukset_21_6_item_0.jpg',62,1,4.5000,0,0,'0000-00-00',0.00000000,0,0.00000000,0.00000000,0.00000000,0,1,1,0,1,0,'0000-00-00 00:00:00','0000-00-00 00:00:00'),(667,'034939','034939','','','','','','Санкт-Петербург',100500,7,'catalog/images/image_koirat_21_44_item_6.jpg',22,1,7.9000,0,0,'0000-00-00',0.00000000,0,0.00000000,0.00000000,0.00000000,0,1,1,0,1,0,'0000-00-00 00:00:00','0000-00-00 00:00:00'),(668,'C152202','105810','','','','','','Санкт-Петербург',100500,7,'catalog/images/image_tarjoukset_21_5_item_9.jpg',137,1,28.9000,0,0,'0000-00-00',0.00000000,0,0.00000000,0.00000000,0.00000000,0,1,1,0,1,0,'0000-00-00 00:00:00','0000-00-00 00:00:00'),(669,'002244','002244','','','','','','Санкт-Петербург',100500,7,'catalog/images/image_koirat_21_90_item_17.jpg',89,1,13.9000,0,0,'0000-00-00',0.00000000,0,0.00000000,0.00000000,0.00000000,0,1,1,0,1,0,'0000-00-00 00:00:00','0000-00-00 00:00:00'),(670,'108180','108180','','','','','','Санкт-Петербург',100500,7,'catalog/images/image_koirat_21_29_item_3.jpg',0,1,9.9900,0,0,'0000-00-00',0.00000000,0,0.00000000,0.00000000,0.00000000,0,1,1,0,1,0,'0000-00-00 00:00:00','0000-00-00 00:00:00'),(671,'114142','114142','','','','','','Санкт-Петербург',100500,7,'catalog/images/image_pienelaimet_21_16_item_17.jpg',30,1,5.9000,0,0,'0000-00-00',0.00000000,0,0.00000000,0.00000000,0.00000000,0,1,1,0,1,0,'0000-00-00 00:00:00','0000-00-00 00:00:00'),(672,'C109638','035194','','','','','','Санкт-Петербург',100500,7,'catalog/images/image_koirat_21_44_item_15.jpg',93,1,28.9000,0,0,'0000-00-00',0.00000000,0,0.00000000,0.00000000,0.00000000,0,1,1,0,1,0,'0000-00-00 00:00:00','0000-00-00 00:00:00'),(673,'006737','006737','','','','','','Санкт-Петербург',100500,7,'catalog/images/image_koirat_21_107_item_7.jpg',63,1,44.9000,0,0,'0000-00-00',0.00000000,0,0.00000000,0.00000000,0.00000000,0,1,1,0,1,0,'0000-00-00 00:00:00','0000-00-00 00:00:00'),(674,'023906','023906','','','','','','Санкт-Петербург',100500,7,'catalog/images/image_koirat_21_105_item_0.jpg',71,1,19.9000,0,0,'0000-00-00',0.00000000,0,0.00000000,0.00000000,0.00000000,0,1,1,0,1,0,'0000-00-00 00:00:00','0000-00-00 00:00:00'),(675,'114135','114135','','','','','','Санкт-Петербург',100500,7,'catalog/images/image_koirat_21_137_item_13.jpg',22,1,89.9000,0,0,'0000-00-00',0.00000000,0,0.00000000,0.00000000,0.00000000,0,1,1,0,1,0,'0000-00-00 00:00:00','0000-00-00 00:00:00'),(676,'C72945','022648','','','','','','Санкт-Петербург',100500,7,'catalog/images/image_koirat_21_142_item_12.jpg',13,1,39.9000,0,0,'0000-00-00',0.00000000,0,0.00000000,0.00000000,0.00000000,0,1,1,0,1,0,'0000-00-00 00:00:00','0000-00-00 00:00:00'),(677,'C153986','106606','','','','','','Санкт-Петербург',100500,7,'catalog/images/image_kissat_21_8_item_14.jpg',0,1,5.9000,0,0,'0000-00-00',0.00000000,0,0.00000000,0.00000000,0.00000000,0,1,1,0,1,0,'0000-00-00 00:00:00','0000-00-00 00:00:00'),(678,'028458','028458','','','','','','Санкт-Петербург',100500,7,'catalog/images/image_lemmikinomistajille_21_3_item_16.jpg',0,1,3.9500,0,0,'0000-00-00',0.00000000,0,0.00000000,0.00000000,0.00000000,0,1,1,0,1,0,'0000-00-00 00:00:00','0000-00-00 00:00:00'),(679,'107637','107637','','','','','','Санкт-Петербург',100500,7,'catalog/images/image_koirat_21_60_item_2.jpg',58,1,24.9000,0,0,'0000-00-00',0.00000000,0,0.00000000,0.00000000,0.00000000,0,1,1,0,1,0,'0000-00-00 00:00:00','0000-00-00 00:00:00'),(680,'C129581','101305','','','','','','Санкт-Петербург',100500,7,'catalog/images/image_kissat_21_19_item_6.jpg',132,1,10.9000,0,0,'0000-00-00',0.00000000,0,0.00000000,0.00000000,0.00000000,0,1,1,0,1,0,'0000-00-00 00:00:00','0000-00-00 00:00:00'),(681,'025953','025953','','','','','','Санкт-Петербург',100500,7,'catalog/images/image_lemmikinomistajille_21_3_item_10.jpg',142,1,24.4300,0,0,'0000-00-00',0.00000000,0,0.00000000,0.00000000,0.00000000,0,1,1,0,1,0,'0000-00-00 00:00:00','0000-00-00 00:00:00'),(682,'113984','113984','','','','','','Санкт-Петербург',100500,7,'catalog/images/image_koirat_21_35_item_4.jpg',29,1,3.5900,0,0,'0000-00-00',0.00000000,0,0.00000000,0.00000000,0.00000000,0,1,1,0,1,0,'0000-00-00 00:00:00','0000-00-00 00:00:00'),(683,'109801','109801','','','','','','Санкт-Петербург',100500,7,'catalog/images/image_koirat_21_126_item_8.jpg',94,1,19.9000,0,0,'0000-00-00',0.00000000,0,0.00000000,0.00000000,0.00000000,0,1,1,0,1,0,'0000-00-00 00:00:00','0000-00-00 00:00:00'),(684,'113689','113689','','','','','','Санкт-Петербург',100500,7,'catalog/images/image_koirat_21_39_item_13.jpg',0,1,6.9500,0,0,'0000-00-00',0.00000000,0,0.00000000,0.00000000,0.00000000,0,1,1,0,1,0,'0000-00-00 00:00:00','0000-00-00 00:00:00'),(685,'113094','113094','','','','','','Санкт-Петербург',100500,7,'catalog/images/image_koirat_21_127_item_1.jpg',16,1,34.9900,0,0,'0000-00-00',0.00000000,0,0.00000000,0.00000000,0.00000000,0,1,1,0,1,0,'0000-00-00 00:00:00','0000-00-00 00:00:00'),(686,'C75789','027541','','','','','','Санкт-Петербург',100500,7,'catalog/images/image_koirat_21_82_item_9.jpg',99,1,14.9000,0,0,'0000-00-00',0.00000000,0,0.00000000,0.00000000,0.00000000,0,1,1,0,1,0,'0000-00-00 00:00:00','0000-00-00 00:00:00'),(687,'028948','028948','','','','','','Санкт-Петербург',100500,7,'catalog/images/image_koirat_21_2_item_14.jpg',80,1,19.9000,0,0,'0000-00-00',0.00000000,0,0.00000000,0.00000000,0.00000000,0,1,1,0,1,0,'0000-00-00 00:00:00','0000-00-00 00:00:00'),(688,'006677','006677','','','','','','Санкт-Петербург',100500,7,'catalog/images/image_kissat_21_33_item_19.jpg',77,1,34.9000,0,0,'0000-00-00',0.00000000,0,0.00000000,0.00000000,0.00000000,0,1,1,0,1,0,'0000-00-00 00:00:00','0000-00-00 00:00:00'),(689,'C68194','001451','','','','','','Санкт-Петербург',100500,7,'catalog/images/image_royal-canin_koirat_giant_21_1_item_2.jpg',13,1,29.9000,0,0,'0000-00-00',0.00000000,0,0.00000000,0.00000000,0.00000000,0,1,1,0,1,0,'0000-00-00 00:00:00','0000-00-00 00:00:00'),(690,'C163300','109377','','','','','','Санкт-Петербург',100500,7,'catalog/images/image_pennut_21_6_item_19.jpg',39,1,22.9000,0,0,'0000-00-00',0.00000000,0,0.00000000,0.00000000,0.00000000,0,1,1,0,1,0,'0000-00-00 00:00:00','0000-00-00 00:00:00'),(691,'032981','032981','','','','','','Санкт-Петербург',100500,7,'catalog/images/image_koirat_21_13_item_10.jpg',21,1,59.9000,0,0,'0000-00-00',0.00000000,0,0.00000000,0.00000000,0.00000000,0,1,1,0,1,0,'0000-00-00 00:00:00','0000-00-00 00:00:00'),(692,'C170100','113300','','','','','','Санкт-Петербург',100500,7,'catalog/images/image_koirat_21_41_item_15.jpg',42,1,16.9000,0,0,'0000-00-00',0.00000000,0,0.00000000,0.00000000,0.00000000,0,1,1,0,1,0,'0000-00-00 00:00:00','0000-00-00 00:00:00'),(693,'002243','002243','','','','','','Санкт-Петербург',100500,7,'catalog/images/image_koirat_21_89_item_16.jpg',89,1,11.9000,0,0,'0000-00-00',0.00000000,0,0.00000000,0.00000000,0.00000000,0,1,1,0,1,0,'0000-00-00 00:00:00','0000-00-00 00:00:00'),(694,'002334','002334','','','','','','Санкт-Петербург',100500,7,'catalog/images/image_koirat_21_42_item_4.jpg',143,1,79.9000,0,0,'0000-00-00',0.00000000,0,0.00000000,0.00000000,0.00000000,0,1,1,0,1,0,'0000-00-00 00:00:00','0000-00-00 00:00:00'),(695,'029097','029097','','','','','','Санкт-Петербург',100500,7,'catalog/images/image_kissat_21_14_item_7.jpg',45,1,1.3900,0,0,'0000-00-00',0.00000000,0,0.00000000,0.00000000,0.00000000,0,1,1,0,1,0,'0000-00-00 00:00:00','0000-00-00 00:00:00'),(696,'114439','114439','','','','','','Санкт-Петербург',100500,7,'catalog/images/image_koirat_21_37_item_8.jpg',121,1,7.9900,0,0,'0000-00-00',0.00000000,0,0.00000000,0.00000000,0.00000000,0,1,1,0,1,0,'0000-00-00 00:00:00','0000-00-00 00:00:00'),(697,'C74608','025901','','','','','','Санкт-Петербург',100500,7,'catalog/images/image_koirat_21_98_item_12.jpg',16,1,4.9000,0,0,'0000-00-00',0.00000000,0,0.00000000,0.00000000,0.00000000,0,1,1,0,1,0,'0000-00-00 00:00:00','0000-00-00 00:00:00'),(698,'113922','113922','','','','','','Санкт-Петербург',100500,7,'catalog/images/image_koirat_21_36_item_3.jpg',144,1,5.9900,0,0,'0000-00-00',0.00000000,0,0.00000000,0.00000000,0.00000000,0,1,1,0,1,0,'0000-00-00 00:00:00','0000-00-00 00:00:00'),(699,'033984','033984','','','','','','Санкт-Петербург',100500,7,'catalog/images/image_koirat_21_115_item_4.jpg',88,1,5.9000,0,0,'0000-00-00',0.00000000,0,0.00000000,0.00000000,0.00000000,0,1,1,0,1,0,'0000-00-00 00:00:00','0000-00-00 00:00:00'),(700,'033663','033663','','','','','','Санкт-Петербург',100500,7,'catalog/images/image_koirat_21_89_item_7.jpg',26,1,8.9000,0,0,'0000-00-00',0.00000000,0,0.00000000,0.00000000,0.00000000,0,1,1,0,1,0,'0000-00-00 00:00:00','0000-00-00 00:00:00'),(701,'C126370','035077','','','','','','Санкт-Петербург',100500,7,'catalog/images/image_royal-canin_koirat_sporting-life-urban-life_21_1_item_7.jpg',13,1,29.9000,0,0,'0000-00-00',0.00000000,0,0.00000000,0.00000000,0.00000000,0,1,1,0,1,0,'0000-00-00 00:00:00','0000-00-00 00:00:00'),(702,'028546','028546','','','','','','Санкт-Петербург',100500,7,'catalog/images/image_lemmikinomistajille_21_5_item_14.jpg',0,1,3.9500,0,0,'0000-00-00',0.00000000,0,0.00000000,0.00000000,0.00000000,0,1,1,0,1,0,'0000-00-00 00:00:00','0000-00-00 00:00:00'),(703,'028351','028351','','','','','','Санкт-Петербург',100500,7,'catalog/images/image_lemmikinomistajille_21_3_item_3.jpg',0,1,3.9500,0,0,'0000-00-00',0.00000000,0,0.00000000,0.00000000,0.00000000,0,1,1,0,1,0,'0000-00-00 00:00:00','0000-00-00 00:00:00'),(704,'022675','022675','','','','','','Санкт-Петербург',100500,7,'catalog/images/image_koirat_21_97_item_7.jpg',16,1,8.9000,0,0,'0000-00-00',0.00000000,0,0.00000000,0.00000000,0.00000000,0,1,1,0,1,0,'0000-00-00 00:00:00','0000-00-00 00:00:00'),(705,'C171301','113909','','','','','','Санкт-Петербург',100500,7,'catalog/images/image_koirat_21_34_item_11.jpg',144,1,0.4900,0,0,'0000-00-00',0.00000000,0,0.00000000,0.00000000,0.00000000,0,1,1,0,1,0,'0000-00-00 00:00:00','0000-00-00 00:00:00'),(706,'023910','023910','','','','','','Санкт-Петербург',100500,7,'catalog/images/image_koirat_21_97_item_14.jpg',71,1,19.9000,0,0,'0000-00-00',0.00000000,0,0.00000000,0.00000000,0.00000000,0,1,1,0,1,0,'0000-00-00 00:00:00','0000-00-00 00:00:00'),(707,'C130517','101531','','','','','','Санкт-Петербург',100500,7,'catalog/images/image_kissat_21_6_item_1.jpg',42,1,12.9000,0,0,'0000-00-00',0.00000000,0,0.00000000,0.00000000,0.00000000,0,1,1,0,1,0,'0000-00-00 00:00:00','0000-00-00 00:00:00'),(708,'104623','104623','','','','','','Санкт-Петербург',100500,7,'catalog/images/image_kissat_21_56_item_13.jpg',87,1,1.4900,0,0,'0000-00-00',0.00000000,0,0.00000000,0.00000000,0.00000000,0,1,1,0,1,0,'0000-00-00 00:00:00','0000-00-00 00:00:00'),(709,'102172','102172','','','','','','Санкт-Петербург',100500,7,'catalog/images/image_lemmikinomistajille_21_9_item_1.jpg',0,1,4.9500,0,0,'0000-00-00',0.00000000,0,0.00000000,0.00000000,0.00000000,0,1,1,0,1,0,'0000-00-00 00:00:00','0000-00-00 00:00:00'),(710,'C170494','113452','','','','','','Санкт-Петербург',100500,7,'catalog/images/image_kissat_21_10_item_6.jpg',79,1,6.9900,0,0,'0000-00-00',0.00000000,0,0.00000000,0.00000000,0.00000000,0,1,1,0,1,0,'0000-00-00 00:00:00','0000-00-00 00:00:00'),(711,'034789','034789','','','','','','Санкт-Петербург',100500,7,'catalog/images/image_koirat_21_49_item_14.jpg',0,1,7.9000,0,0,'0000-00-00',0.00000000,0,0.00000000,0.00000000,0.00000000,0,1,1,0,1,0,'0000-00-00 00:00:00','0000-00-00 00:00:00'),(712,'C78779','030440','','','','','','Санкт-Петербург',100500,7,'catalog/images/image_koirat_21_144_item_12.jpg',13,1,69.9000,0,0,'0000-00-00',0.00000000,0,0.00000000,0.00000000,0.00000000,0,1,1,0,1,0,'0000-00-00 00:00:00','0000-00-00 00:00:00'),(713,'033566','033566','','','','','','Санкт-Петербург',100500,7,'catalog/images/image_tarjoukset_21_3_item_11.jpg',46,1,10.9000,0,0,'0000-00-00',0.00000000,0,0.00000000,0.00000000,0.00000000,0,1,1,0,1,0,'0000-00-00 00:00:00','0000-00-00 00:00:00'),(714,'112539','112539','','','','','','Санкт-Петербург',100500,7,'catalog/images/image_koirat_21_127_item_11.jpg',16,1,149.9900,0,0,'0000-00-00',0.00000000,0,0.00000000,0.00000000,0.00000000,0,1,1,0,1,0,'0000-00-00 00:00:00','0000-00-00 00:00:00'),(715,'104268','104268','','','','','','Санкт-Петербург',100500,7,'catalog/images/image_koirat_21_82_item_1.jpg',41,1,39.9000,0,0,'0000-00-00',0.00000000,0,0.00000000,0.00000000,0.00000000,0,1,1,0,1,0,'0000-00-00 00:00:00','0000-00-00 00:00:00'),(716,'C68063','001260','','','','','','Санкт-Петербург',100500,7,'catalog/images/image_kissat_21_40_item_15.jpg',13,1,7.9900,0,0,'0000-00-00',0.00000000,0,0.00000000,0.00000000,0.00000000,0,1,1,0,1,0,'0000-00-00 00:00:00','0000-00-00 00:00:00'),(717,'023814','023814','','','','','','Санкт-Петербург',100500,7,'catalog/images/image_koirat_21_110_item_4.jpg',37,1,12.9000,0,0,'0000-00-00',0.00000000,0,0.00000000,0.00000000,0.00000000,0,1,1,0,1,0,'0000-00-00 00:00:00','0000-00-00 00:00:00'),(718,'C70347','015843','','','','','','Санкт-Петербург',100500,7,'catalog/images/image_royal-canin_kissat_feline-health-nutrition-taysravinnot_21_1_item_9.jpg',13,1,6.9900,0,0,'0000-00-00',0.00000000,0,0.00000000,0.00000000,0.00000000,0,1,1,0,1,0,'0000-00-00 00:00:00','0000-00-00 00:00:00'),(719,'031326','031326','','','','','','Санкт-Петербург',100500,7,'catalog/images/image_pienelaimet_21_5_item_14.jpg',16,1,3.9000,0,0,'0000-00-00',0.00000000,0,0.00000000,0.00000000,0.00000000,0,1,1,0,1,0,'0000-00-00 00:00:00','0000-00-00 00:00:00'),(720,'C74954','026567','','','','','','Санкт-Петербург',100500,7,'catalog/images/image_royal-canin_koirat_x-small_21_1_item_7.jpg',13,1,16.9000,0,0,'0000-00-00',0.00000000,0,0.00000000,0.00000000,0.00000000,0,1,1,0,1,0,'0000-00-00 00:00:00','0000-00-00 00:00:00'),(721,'C170121','113318','','','','','','Санкт-Петербург',100500,7,'catalog/images/image_koirat_21_40_item_16.jpg',42,1,16.9000,0,0,'0000-00-00',0.00000000,0,0.00000000,0.00000000,0.00000000,0,1,1,0,1,0,'0000-00-00 00:00:00','0000-00-00 00:00:00'),(722,'106961','106961','','','','','','Санкт-Петербург',100500,7,'catalog/images/image_koirat_21_130_item_1.jpg',16,1,12.9000,0,0,'0000-00-00',0.00000000,0,0.00000000,0.00000000,0.00000000,0,1,1,0,1,0,'0000-00-00 00:00:00','0000-00-00 00:00:00'),(723,'114419','114419','','','','','','Санкт-Петербург',100500,7,'catalog/images/image_koirat_21_37_item_14.jpg',121,1,13.9000,0,0,'0000-00-00',0.00000000,0,0.00000000,0.00000000,0.00000000,0,1,1,0,1,0,'0000-00-00 00:00:00','0000-00-00 00:00:00'),(724,'C73691','023746','','','','','','Санкт-Петербург',100500,7,'catalog/images/image_koirat_21_142_item_17.jpg',31,1,25.9000,0,0,'0000-00-00',0.00000000,0,0.00000000,0.00000000,0.00000000,0,1,1,0,1,0,'0000-00-00 00:00:00','0000-00-00 00:00:00'),(725,'108672','108672','','','','','','Санкт-Петербург',100500,7,'catalog/images/image_pienelaimet_21_10_item_11.jpg',30,1,4.9000,0,0,'0000-00-00',0.00000000,0,0.00000000,0.00000000,0.00000000,0,1,1,0,1,0,'0000-00-00 00:00:00','0000-00-00 00:00:00'),(726,'C69114','008165','','','','','','Санкт-Петербург',100500,7,'catalog/images/image_tarjoukset_21_7_item_11.jpg',0,1,10.9000,0,0,'0000-00-00',0.00000000,0,0.00000000,0.00000000,0.00000000,0,1,1,0,1,0,'0000-00-00 00:00:00','0000-00-00 00:00:00'),(727,'106238','106238','','','','','','Санкт-Петербург',100500,7,'catalog/images/image_koirat_21_26_item_20.jpg',42,1,9.9000,0,0,'0000-00-00',0.00000000,0,0.00000000,0.00000000,0.00000000,0,1,1,0,1,0,'0000-00-00 00:00:00','0000-00-00 00:00:00'),(728,'100918','100918','','','','','','Санкт-Петербург',100500,7,'catalog/images/image_koirat_21_119_item_18.jpg',17,1,19.9000,0,0,'0000-00-00',0.00000000,0,0.00000000,0.00000000,0.00000000,0,1,1,0,1,0,'0000-00-00 00:00:00','0000-00-00 00:00:00'),(729,'029911','029911','','','','','','Санкт-Петербург',100500,7,'catalog/images/image_koirat_21_3_item_6.jpg',0,1,9.9000,0,0,'0000-00-00',0.00000000,0,0.00000000,0.00000000,0.00000000,0,1,1,0,1,0,'0000-00-00 00:00:00','0000-00-00 00:00:00'),(730,'113036','113036','','','','','','Санкт-Петербург',100500,7,'catalog/images/image_kissat_21_48_item_15.jpg',13,1,17.9000,0,0,'0000-00-00',0.00000000,0,0.00000000,0.00000000,0.00000000,0,1,1,0,1,0,'0000-00-00 00:00:00','0000-00-00 00:00:00'),(731,'108673','108673','','','','','','Санкт-Петербург',100500,7,'catalog/images/image_pienelaimet_21_10_item_12.jpg',30,1,9.9000,0,0,'0000-00-00',0.00000000,0,0.00000000,0.00000000,0.00000000,0,1,1,0,1,0,'0000-00-00 00:00:00','0000-00-00 00:00:00'),(732,'113738','113738','','','','','','Санкт-Петербург',100500,7,'catalog/images/image_koirat_21_129_item_6.jpg',16,1,9.9000,0,0,'0000-00-00',0.00000000,0,0.00000000,0.00000000,0.00000000,0,1,1,0,1,0,'0000-00-00 00:00:00','0000-00-00 00:00:00'),(733,'C69283','029814','','','','','','Санкт-Петербург',100500,7,'catalog/images/image_royal-canin_koirat_breed-roturuoat_21_1_item_9.jpg',13,1,28.9000,0,0,'0000-00-00',0.00000000,0,0.00000000,0.00000000,0.00000000,0,1,1,0,1,0,'0000-00-00 00:00:00','0000-00-00 00:00:00'),(734,'C80855','031952','','','','','','Санкт-Петербург',100500,7,'catalog/images/image_koirat_21_100_item_20.jpg',146,1,3.9000,0,0,'0000-00-00',0.00000000,0,0.00000000,0.00000000,0.00000000,0,1,1,0,1,0,'0000-00-00 00:00:00','0000-00-00 00:00:00'),(735,'113016','113016','','','','','','Санкт-Петербург',100500,7,'catalog/images/image_kissat_21_30_item_4.jpg',116,1,11.9000,0,0,'0000-00-00',0.00000000,0,0.00000000,0.00000000,0.00000000,0,1,1,0,1,0,'0000-00-00 00:00:00','0000-00-00 00:00:00'),(736,'C81555','032419','','','','','','Санкт-Петербург',100500,7,'catalog/images/image_koirat_21_5_item_18.jpg',69,1,5.9000,0,0,'0000-00-00',0.00000000,0,0.00000000,0.00000000,0.00000000,0,1,1,0,1,0,'0000-00-00 00:00:00','0000-00-00 00:00:00'),(737,'114304','114304','','','','','','Санкт-Петербург',100500,7,'catalog/images/image_kissat_21_53_item_2.jpg',147,1,4.9000,0,0,'0000-00-00',0.00000000,0,0.00000000,0.00000000,0.00000000,0,1,1,0,1,0,'0000-00-00 00:00:00','0000-00-00 00:00:00'),(738,'102118','102118','','','','','','Санкт-Петербург',100500,7,'catalog/images/image_kissat_21_5_item_6.jpg',148,1,2.9900,0,0,'0000-00-00',0.00000000,0,0.00000000,0.00000000,0.00000000,0,1,1,0,1,0,'0000-00-00 00:00:00','0000-00-00 00:00:00'),(739,'108517','108517','','','','','','Санкт-Петербург',100500,7,'catalog/images/image_koirat_21_30_item_12.jpg',0,1,9.9000,0,0,'0000-00-00',0.00000000,0,0.00000000,0.00000000,0.00000000,0,1,1,0,1,0,'0000-00-00 00:00:00','0000-00-00 00:00:00'),(740,'C149217','104219','','','','','','Санкт-Петербург',100500,7,'catalog/images/image_pennut_21_2_item_10.jpg',0,1,4.9000,0,0,'0000-00-00',0.00000000,0,0.00000000,0.00000000,0.00000000,0,1,1,0,1,0,'0000-00-00 00:00:00','0000-00-00 00:00:00'),(741,'C163629','109585','','','','','','Санкт-Петербург',100500,7,'catalog/images/image_koirat_21_133_item_0.jpg',113,1,24.9000,0,0,'0000-00-00',0.00000000,0,0.00000000,0.00000000,0.00000000,0,1,1,0,1,0,'0000-00-00 00:00:00','0000-00-00 00:00:00'),(742,'019926','019926','','','','','','Санкт-Петербург',100500,7,'catalog/images/image_koirat_21_96_item_5.jpg',16,1,12.9000,0,0,'0000-00-00',0.00000000,0,0.00000000,0.00000000,0.00000000,0,1,1,0,1,0,'0000-00-00 00:00:00','0000-00-00 00:00:00'),(743,'C130633','101592','','','','','','Санкт-Петербург',100500,7,'catalog/images/image_pienelaimet_21_8_item_11.jpg',92,1,4.9000,0,0,'0000-00-00',0.00000000,0,0.00000000,0.00000000,0.00000000,0,1,1,0,1,0,'0000-00-00 00:00:00','0000-00-00 00:00:00'),(744,'C76795','028375','','','','','','Санкт-Петербург',100500,7,'catalog/images/image_koirat_21_46_item_12.jpg',39,1,13.9000,0,0,'0000-00-00',0.00000000,0,0.00000000,0.00000000,0.00000000,0,1,1,0,1,0,'0000-00-00 00:00:00','0000-00-00 00:00:00'),(745,'022097','022097','','','','','','Санкт-Петербург',100500,7,'catalog/images/image_koirat_21_50_item_8.jpg',41,1,3.7900,0,0,'0000-00-00',0.00000000,0,0.00000000,0.00000000,0.00000000,0,1,1,0,1,0,'0000-00-00 00:00:00','0000-00-00 00:00:00'),(746,'102929','102929','','','','','','Санкт-Петербург',100500,7,'catalog/images/image_koirat_21_55_item_9.jpg',149,1,7.4900,0,0,'0000-00-00',0.00000000,0,0.00000000,0.00000000,0.00000000,0,1,1,0,1,0,'0000-00-00 00:00:00','0000-00-00 00:00:00'),(747,'103693','103693','','','','','','Санкт-Петербург',100500,7,'catalog/images/image_kissat_21_56_item_19.jpg',90,1,14.9000,0,0,'0000-00-00',0.00000000,0,0.00000000,0.00000000,0.00000000,0,1,1,0,1,0,'0000-00-00 00:00:00','0000-00-00 00:00:00'),(748,'030186','030186','','','','','','Санкт-Петербург',100500,7,'catalog/no_product_image.jpg',35,1,13.9000,0,0,'0000-00-00',0.00000000,0,0.00000000,0.00000000,0.00000000,0,1,1,0,1,0,'0000-00-00 00:00:00','0000-00-00 00:00:00'),(749,'C157455','107984','','','','','','Санкт-Петербург',100500,7,'catalog/images/image_koirat_21_70_item_20.jpg',39,1,22.9500,0,0,'0000-00-00',0.00000000,0,0.00000000,0.00000000,0.00000000,0,1,1,0,1,0,'0000-00-00 00:00:00','0000-00-00 00:00:00'),(750,'031032','031032','','','','','','Санкт-Петербург',100500,7,'catalog/images/image_koirat_21_100_item_8.jpg',16,1,4.9000,0,0,'0000-00-00',0.00000000,0,0.00000000,0.00000000,0.00000000,0,1,1,0,1,0,'0000-00-00 00:00:00','0000-00-00 00:00:00'),(751,'117623','117623','','','','','','Санкт-Петербург',100500,7,'catalog/images/image_lemmikinomistajille_21_13_item_9.jpg',0,1,15.9500,0,0,'0000-00-00',0.00000000,0,0.00000000,0.00000000,0.00000000,0,1,1,0,1,0,'0000-00-00 00:00:00','0000-00-00 00:00:00'),(752,'C159034','108610','','','','','','Санкт-Петербург',100500,7,'catalog/images/image_koirat_21_124_item_16.jpg',26,1,41.9000,0,0,'0000-00-00',0.00000000,0,0.00000000,0.00000000,0.00000000,0,1,1,0,1,0,'0000-00-00 00:00:00','0000-00-00 00:00:00'),(753,'C68121','021893','','','','','','Санкт-Петербург',100500,7,'catalog/images/image_tarjoukset_21_7_item_0.jpg',0,1,24.9000,0,0,'0000-00-00',0.00000000,0,0.00000000,0.00000000,0.00000000,0,1,1,0,1,0,'0000-00-00 00:00:00','0000-00-00 00:00:00'),(754,'109645','109645','','','','','','Санкт-Петербург',100500,7,'catalog/images/image_koirat_21_72_item_7.jpg',0,1,3.1900,0,0,'0000-00-00',0.00000000,0,0.00000000,0.00000000,0.00000000,0,1,1,0,1,0,'0000-00-00 00:00:00','0000-00-00 00:00:00'),(755,'C170176','113362','','','','','','Санкт-Петербург',100500,7,'catalog/images/image_kissat_21_24_item_20.jpg',0,1,4.5000,0,0,'0000-00-00',0.00000000,0,0.00000000,0.00000000,0.00000000,0,1,1,0,1,0,'0000-00-00 00:00:00','0000-00-00 00:00:00'),(756,'C131625','101985','','','','','','Санкт-Петербург',100500,7,'catalog/images/image_koirat_21_146_item_8.jpg',31,1,42.9000,0,0,'0000-00-00',0.00000000,0,0.00000000,0.00000000,0.00000000,0,1,1,0,1,0,'0000-00-00 00:00:00','0000-00-00 00:00:00'),(757,'C170216','113381','','','','','','Санкт-Петербург',100500,7,'catalog/images/image_koirat_21_41_item_1.jpg',42,1,12.9000,0,0,'0000-00-00',0.00000000,0,0.00000000,0.00000000,0.00000000,0,1,1,0,1,0,'0000-00-00 00:00:00','0000-00-00 00:00:00'),(758,'C148012','103939','','','','','','Санкт-Петербург',100500,7,'catalog/images/image_koirat_21_84_item_4.jpg',23,1,23.9000,0,0,'0000-00-00',0.00000000,0,0.00000000,0.00000000,0.00000000,0,1,1,0,1,0,'0000-00-00 00:00:00','0000-00-00 00:00:00'),(759,'C68125','022056','','','','','','Санкт-Петербург',100500,7,'catalog/images/image_koirat_21_139_item_20.jpg',0,1,27.9000,0,0,'0000-00-00',0.00000000,0,0.00000000,0.00000000,0.00000000,0,1,1,0,1,0,'0000-00-00 00:00:00','0000-00-00 00:00:00'),(760,'033979','033979','','','','','','Санкт-Петербург',100500,7,'catalog/images/image_koirat_21_115_item_0.jpg',88,1,5.9000,0,0,'0000-00-00',0.00000000,0,0.00000000,0.00000000,0.00000000,0,1,1,0,1,0,'0000-00-00 00:00:00','0000-00-00 00:00:00'),(761,'C163290','109373','','','','','','Санкт-Петербург',100500,7,'catalog/images/image_koirat_21_77_item_16.jpg',39,1,44.9000,0,0,'0000-00-00',0.00000000,0,0.00000000,0.00000000,0.00000000,0,1,1,0,1,0,'0000-00-00 00:00:00','0000-00-00 00:00:00'),(762,'C152934','106141','','','','','','Санкт-Петербург',100500,7,'catalog/images/image_pennut_21_3_item_0.jpg',0,1,5.9000,0,0,'0000-00-00',0.00000000,0,0.00000000,0.00000000,0.00000000,0,1,1,0,1,0,'0000-00-00 00:00:00','0000-00-00 00:00:00'),(763,'034581','034581','','','','','','Санкт-Петербург',100500,7,'catalog/images/image_pienelaimet_21_1_item_4.jpg',0,1,2.9900,0,0,'0000-00-00',0.00000000,0,0.00000000,0.00000000,0.00000000,0,1,1,0,1,0,'0000-00-00 00:00:00','0000-00-00 00:00:00'),(764,'C147293','103712','','','','','','Санкт-Петербург',100500,7,'catalog/images/image_koirat_21_20_item_0.jpg',47,1,34.9000,0,0,'0000-00-00',0.00000000,0,0.00000000,0.00000000,0.00000000,0,1,1,0,1,0,'0000-00-00 00:00:00','0000-00-00 00:00:00'),(765,'007119','007119','','','','','','Санкт-Петербург',100500,7,'catalog/images/image_koirat_21_107_item_12.jpg',53,1,18.9000,0,0,'0000-00-00',0.00000000,0,0.00000000,0.00000000,0.00000000,0,1,1,0,1,0,'0000-00-00 00:00:00','0000-00-00 00:00:00'),(766,'C124734','023720','','','','','','Санкт-Петербург',100500,7,'catalog/images/image_koirat_21_43_item_18.jpg',93,1,11.9000,0,0,'0000-00-00',0.00000000,0,0.00000000,0.00000000,0.00000000,0,1,1,0,1,0,'0000-00-00 00:00:00','0000-00-00 00:00:00'),(767,'C79058','030700','','','','','','Санкт-Петербург',100500,7,'catalog/images/image_koirat_21_88_item_20.jpg',39,1,21.9000,0,0,'0000-00-00',0.00000000,0,0.00000000,0.00000000,0.00000000,0,1,1,0,1,0,'0000-00-00 00:00:00','0000-00-00 00:00:00'),(768,'106828','106828','','','','','','Санкт-Петербург',100500,7,'catalog/images/image_kissat_21_22_item_11.jpg',25,1,42.9000,0,0,'0000-00-00',0.00000000,0,0.00000000,0.00000000,0.00000000,0,1,1,0,1,0,'0000-00-00 00:00:00','0000-00-00 00:00:00'),(769,'C78437','030086','','','','','','Санкт-Петербург',100500,7,'catalog/images/image_koirat_21_48_item_13.jpg',39,1,19.9500,0,0,'0000-00-00',0.00000000,0,0.00000000,0.00000000,0.00000000,0,1,1,0,1,0,'0000-00-00 00:00:00','0000-00-00 00:00:00'),(770,'107174','107174','','','','','','Санкт-Петербург',100500,7,'catalog/images/image_kissat_21_50_item_12.jpg',16,1,8.9000,0,0,'0000-00-00',0.00000000,0,0.00000000,0.00000000,0.00000000,0,1,1,0,1,0,'0000-00-00 00:00:00','0000-00-00 00:00:00'),(771,'108693','108693','','','','','','Санкт-Петербург',100500,7,'catalog/images/image_pienelaimet_21_10_item_7.jpg',30,1,12.9000,0,0,'0000-00-00',0.00000000,0,0.00000000,0.00000000,0.00000000,0,1,1,0,1,0,'0000-00-00 00:00:00','0000-00-00 00:00:00'),(772,'117544','117544','','','','','','Санкт-Петербург',100500,7,'catalog/images/image_lemmikinomistajille_21_9_item_14.jpg',0,1,11.9500,0,0,'0000-00-00',0.00000000,0,0.00000000,0.00000000,0.00000000,0,1,1,0,1,0,'0000-00-00 00:00:00','0000-00-00 00:00:00'),(773,'032591','032591','','','','','','Санкт-Петербург',100500,7,'catalog/images/image_koirat_21_13_item_5.jpg',50,1,3.5900,0,0,'0000-00-00',0.00000000,0,0.00000000,0.00000000,0.00000000,0,1,1,0,1,0,'0000-00-00 00:00:00','0000-00-00 00:00:00'),(774,'107774','107774','','','','','','Санкт-Петербург',100500,7,'catalog/no_product_image.jpg',58,1,24.9000,0,0,'0000-00-00',0.00000000,0,0.00000000,0.00000000,0.00000000,0,1,1,0,1,0,'0000-00-00 00:00:00','0000-00-00 00:00:00'),(775,'108137','108137','','','','','','Санкт-Петербург',100500,7,'catalog/images/image_kissat_21_23_item_8.jpg',0,1,1.3900,0,0,'0000-00-00',0.00000000,0,0.00000000,0.00000000,0.00000000,0,1,1,0,1,0,'0000-00-00 00:00:00','0000-00-00 00:00:00'),(776,'031000','031000','','','','','','Санкт-Петербург',100500,7,'catalog/images/image_koirat_21_12_item_3.jpg',69,1,17.9000,0,0,'0000-00-00',0.00000000,0,0.00000000,0.00000000,0.00000000,0,1,1,0,1,0,'0000-00-00 00:00:00','0000-00-00 00:00:00'),(777,'108705','108705','','','','','','Санкт-Петербург',100500,7,'catalog/images/image_pienelaimet_21_12_item_17.jpg',30,1,9.9000,0,0,'0000-00-00',0.00000000,0,0.00000000,0.00000000,0.00000000,0,1,1,0,1,0,'0000-00-00 00:00:00','0000-00-00 00:00:00'),(778,'C163725','109638','','','','','','Санкт-Петербург',100500,7,'catalog/images/image_koirat_21_72_item_2.jpg',0,1,22.9000,0,0,'0000-00-00',0.00000000,0,0.00000000,0.00000000,0.00000000,0,1,1,0,1,0,'0000-00-00 00:00:00','0000-00-00 00:00:00'),(779,'101338','101338','','','','','','Санкт-Петербург',100500,7,'catalog/images/image_koirat_21_118_item_2.jpg',26,1,47.9000,0,0,'0000-00-00',0.00000000,0,0.00000000,0.00000000,0.00000000,0,1,1,0,1,0,'0000-00-00 00:00:00','0000-00-00 00:00:00'),(780,'002232','002232','','','','','','Санкт-Петербург',100500,7,'catalog/images/image_koirat_21_90_item_1.jpg',89,1,4.9000,0,0,'0000-00-00',0.00000000,0,0.00000000,0.00000000,0.00000000,0,1,1,0,1,0,'0000-00-00 00:00:00','0000-00-00 00:00:00'),(781,'C170336','113431','','','','','','Санкт-Петербург',100500,7,'catalog/images/image_koirat_21_33_item_3.jpg',0,1,15.0000,0,0,'0000-00-00',0.00000000,0,0.00000000,0.00000000,0.00000000,0,1,1,0,1,0,'0000-00-00 00:00:00','0000-00-00 00:00:00'),(782,'117609','117609','','','','','','Санкт-Петербург',100500,7,'catalog/images/image_lemmikinomistajille_21_12_item_16.jpg',0,1,15.9500,0,0,'0000-00-00',0.00000000,0,0.00000000,0.00000000,0.00000000,0,1,1,0,1,0,'0000-00-00 00:00:00','0000-00-00 00:00:00'),(783,'C129184','100998','','','','','','Санкт-Петербург',100500,7,'catalog/images/image_koirat_21_123_item_10.jpg',17,1,17.9000,0,0,'0000-00-00',0.00000000,0,0.00000000,0.00000000,0.00000000,0,1,1,0,1,0,'0000-00-00 00:00:00','0000-00-00 00:00:00'),(784,'C75511','027071','','','','','','Санкт-Петербург',100500,7,'catalog/images/image_kissat_21_42_item_14.jpg',77,1,7.9000,0,0,'0000-00-00',0.00000000,0,0.00000000,0.00000000,0.00000000,0,1,1,0,1,0,'0000-00-00 00:00:00','0000-00-00 00:00:00'),(785,'108694','108694','','','','','','Санкт-Петербург',100500,7,'catalog/images/image_pienelaimet_21_11_item_6.jpg',30,1,22.9000,0,0,'0000-00-00',0.00000000,0,0.00000000,0.00000000,0.00000000,0,1,1,0,1,0,'0000-00-00 00:00:00','0000-00-00 00:00:00'),(786,'100842','100842','','','','','','Санкт-Петербург',100500,7,'catalog/images/image_pennut_21_1_item_10.jpg',29,1,3.9000,0,0,'0000-00-00',0.00000000,0,0.00000000,0.00000000,0.00000000,0,1,1,0,1,0,'0000-00-00 00:00:00','0000-00-00 00:00:00'),(787,'C106315','033144','','','','','','Санкт-Петербург',100500,7,'catalog/images/image_koirat_21_64_item_20.jpg',39,1,9.9500,0,0,'0000-00-00',0.00000000,0,0.00000000,0.00000000,0.00000000,0,1,1,0,1,0,'0000-00-00 00:00:00','0000-00-00 00:00:00'),(788,'107468','107468','','','','','','Санкт-Петербург',100500,7,'catalog/images/image_kissat_21_8_item_13.jpg',0,1,4.9000,0,0,'0000-00-00',0.00000000,0,0.00000000,0.00000000,0.00000000,0,1,1,0,1,0,'0000-00-00 00:00:00','0000-00-00 00:00:00'),(789,'C81766','032573','','','','','','Санкт-Петербург',100500,7,'catalog/images/image_koirat_21_6_item_4.jpg',47,1,15.9000,0,0,'0000-00-00',0.00000000,0,0.00000000,0.00000000,0.00000000,0,1,1,0,1,0,'0000-00-00 00:00:00','0000-00-00 00:00:00'),(790,'C147016','103636','','','','','','Санкт-Петербург',100500,7,'catalog/images/image_koirat_21_23_item_19.jpg',42,1,19.9000,0,0,'0000-00-00',0.00000000,0,0.00000000,0.00000000,0.00000000,0,1,1,0,1,0,'0000-00-00 00:00:00','0000-00-00 00:00:00'),(791,'029927','029927','','','','','','Санкт-Петербург',100500,7,'catalog/images/image_koirat_21_112_item_3.jpg',13,1,2.9900,0,0,'0000-00-00',0.00000000,0,0.00000000,0.00000000,0.00000000,0,1,1,0,1,0,'0000-00-00 00:00:00','0000-00-00 00:00:00'),(792,'032508','032508','','','','','','Санкт-Петербург',100500,7,'catalog/images/image_kissat_21_3_item_1.jpg',148,1,1.9900,0,0,'0000-00-00',0.00000000,0,0.00000000,0.00000000,0.00000000,0,1,1,0,1,0,'0000-00-00 00:00:00','0000-00-00 00:00:00'),(793,'C129118','100938','','','','','','Санкт-Петербург',100500,7,'catalog/images/image_koirat_21_147_item_15.jpg',17,1,24.9000,0,0,'0000-00-00',0.00000000,0,0.00000000,0.00000000,0.00000000,0,1,1,0,1,0,'0000-00-00 00:00:00','0000-00-00 00:00:00'),(794,'107283','107283','','','','','','Санкт-Петербург',100500,7,'catalog/images/image_kissat_21_46_item_20.jpg',151,1,26.9000,0,0,'0000-00-00',0.00000000,0,0.00000000,0.00000000,0.00000000,0,1,1,0,1,0,'0000-00-00 00:00:00','0000-00-00 00:00:00'),(795,'C162768','109131','','','','','','Санкт-Петербург',100500,7,'catalog/images/image_koirat_21_73_item_4.jpg',152,1,35.0000,0,0,'0000-00-00',0.00000000,0,0.00000000,0.00000000,0.00000000,0,1,1,0,1,0,'0000-00-00 00:00:00','0000-00-00 00:00:00'),(796,'114429','114429','','','','','','Санкт-Петербург',100500,7,'catalog/images/image_koirat_21_37_item_5.jpg',121,1,8.9900,0,0,'0000-00-00',0.00000000,0,0.00000000,0.00000000,0.00000000,0,1,1,0,1,0,'0000-00-00 00:00:00','0000-00-00 00:00:00'),(797,'C171747','114086','','','','','','Санкт-Петербург',100500,7,'catalog/images/image_koirat_21_80_item_10.jpg',81,1,12.9900,0,0,'0000-00-00',0.00000000,0,0.00000000,0.00000000,0.00000000,0,1,1,0,1,0,'0000-00-00 00:00:00','0000-00-00 00:00:00'),(798,'028295','028295','','','','','','Санкт-Петербург',100500,7,'catalog/images/image_lemmikinomistajille_21_1_item_18.jpg',0,1,3.9500,0,0,'0000-00-00',0.00000000,0,0.00000000,0.00000000,0.00000000,0,1,1,0,1,0,'0000-00-00 00:00:00','0000-00-00 00:00:00'),(799,'103023','103023','','','','','','Санкт-Петербург',100500,7,'catalog/images/image_koirat_21_21_item_12.jpg',29,1,2.9000,0,0,'0000-00-00',0.00000000,0,0.00000000,0.00000000,0.00000000,0,1,1,0,1,0,'0000-00-00 00:00:00','0000-00-00 00:00:00'),(800,'C77868','029511','','','','','','Санкт-Петербург',100500,7,'catalog/images/image_koirat_21_3_item_4.jpg',0,1,37.9000,0,0,'0000-00-00',0.00000000,0,0.00000000,0.00000000,0.00000000,0,1,1,0,1,0,'0000-00-00 00:00:00','0000-00-00 00:00:00'),(801,'C126080','034018','','','','','','Санкт-Петербург',100500,7,'catalog/images/image_kissat_21_9_item_1.jpg',0,1,6.9000,0,0,'0000-00-00',0.00000000,0,0.00000000,0.00000000,0.00000000,0,1,1,0,1,0,'0000-00-00 00:00:00','0000-00-00 00:00:00'),(802,'C170541','113474','','','','','','Санкт-Петербург',100500,7,'catalog/images/image_koirat_21_126_item_6.jpg',14,1,15.9000,0,0,'0000-00-00',0.00000000,0,0.00000000,0.00000000,0.00000000,0,1,1,0,1,0,'0000-00-00 00:00:00','0000-00-00 00:00:00'),(803,'C170490','113449','','','','','','Санкт-Петербург',100500,7,'catalog/images/image_kissat_21_10_item_5.jpg',79,1,6.4900,0,0,'0000-00-00',0.00000000,0,0.00000000,0.00000000,0.00000000,0,1,1,0,1,0,'0000-00-00 00:00:00','0000-00-00 00:00:00'),(804,'029099','029099','','','','','','Санкт-Петербург',100500,7,'catalog/images/image_koirat_21_48_item_6.jpg',45,1,3.9900,0,0,'0000-00-00',0.00000000,0,0.00000000,0.00000000,0.00000000,0,1,1,0,1,0,'0000-00-00 00:00:00','0000-00-00 00:00:00'),(805,'034046','034046','','','','','','Санкт-Петербург',100500,7,'catalog/images/image_kissat_21_4_item_10.jpg',21,1,9.9000,0,0,'0000-00-00',0.00000000,0,0.00000000,0.00000000,0.00000000,0,1,1,0,1,0,'0000-00-00 00:00:00','0000-00-00 00:00:00'),(806,'C78926','030530','','','','','','Санкт-Петербург',100500,7,'catalog/images/image_koirat_21_112_item_14.jpg',114,1,27.9000,0,0,'0000-00-00',0.00000000,0,0.00000000,0.00000000,0.00000000,0,1,1,0,1,0,'0000-00-00 00:00:00','0000-00-00 00:00:00'),(807,'100840','100840','','','','','','Санкт-Петербург',100500,7,'catalog/images/image_kissat_21_4_item_18.jpg',29,1,2.9000,0,0,'0000-00-00',0.00000000,0,0.00000000,0.00000000,0.00000000,0,1,1,0,1,0,'0000-00-00 00:00:00','0000-00-00 00:00:00'),(808,'117625','117625','','','','','','Санкт-Петербург',100500,7,'catalog/images/image_lemmikinomistajille_21_13_item_11.jpg',0,1,15.9500,0,0,'0000-00-00',0.00000000,0,0.00000000,0.00000000,0.00000000,0,1,1,0,1,0,'0000-00-00 00:00:00','0000-00-00 00:00:00'),(809,'C172019','114218','','','','','','Санкт-Петербург',100500,7,'catalog/images/image_koirat_21_79_item_14.jpg',41,1,2.9900,0,0,'0000-00-00',0.00000000,0,0.00000000,0.00000000,0.00000000,0,1,1,0,1,0,'0000-00-00 00:00:00','0000-00-00 00:00:00'),(810,'029933','029933','','','','','','Санкт-Петербург',100500,7,'catalog/images/image_royal-canin_koirat_x-small_21_1_item_19.jpg',13,1,29.9000,0,0,'0000-00-00',0.00000000,0,0.00000000,0.00000000,0.00000000,0,1,1,0,1,0,'0000-00-00 00:00:00','0000-00-00 00:00:00'),(811,'032822','032822','','','','','','Санкт-Петербург',100500,7,'catalog/images/image_kissat_21_30_item_16.jpg',72,1,4.9900,0,0,'0000-00-00',0.00000000,0,0.00000000,0.00000000,0.00000000,0,1,1,0,1,0,'0000-00-00 00:00:00','0000-00-00 00:00:00'),(812,'101151','101151','','','','','','Санкт-Петербург',100500,7,'catalog/images/image_koirat_21_20_item_12.jpg',0,1,4.9000,0,0,'0000-00-00',0.00000000,0,0.00000000,0.00000000,0.00000000,0,1,1,0,1,0,'0000-00-00 00:00:00','0000-00-00 00:00:00'),(813,'002030','002030','','','','','','Санкт-Петербург',100500,7,'catalog/images/image_kissat_21_38_item_16.jpg',57,1,1.2900,0,0,'0000-00-00',0.00000000,0,0.00000000,0.00000000,0.00000000,0,1,1,0,1,0,'0000-00-00 00:00:00','0000-00-00 00:00:00'),(814,'C150567','104896','','','','','','Санкт-Петербург',100500,7,'catalog/images/image_koirat_21_85_item_10.jpg',39,1,29.9000,0,0,'0000-00-00',0.00000000,0,0.00000000,0.00000000,0.00000000,0,1,1,0,1,0,'0000-00-00 00:00:00','0000-00-00 00:00:00'),(815,'C176632','116598','','','','','','Санкт-Петербург',100500,7,'catalog/images/image_kissat_21_11_item_0.jpg',148,1,1.1900,0,0,'0000-00-00',0.00000000,0,0.00000000,0.00000000,0.00000000,0,1,1,0,1,0,'0000-00-00 00:00:00','0000-00-00 00:00:00'),(816,'106804','106804','','','','','','Санкт-Петербург',100500,7,'catalog/images/image_koirat_21_24_item_11.jpg',47,1,26.9000,0,0,'0000-00-00',0.00000000,0,0.00000000,0.00000000,0.00000000,0,1,1,0,1,0,'0000-00-00 00:00:00','0000-00-00 00:00:00'),(817,'C75782','027537','','','','','','Санкт-Петербург',100500,7,'catalog/images/image_koirat_21_82_item_6.jpg',99,1,0.0000,0,0,'0000-00-00',0.00000000,0,0.00000000,0.00000000,0.00000000,0,1,1,0,1,0,'0000-00-00 00:00:00','0000-00-00 00:00:00'),(818,'032804','032804','','','','','','Санкт-Петербург',100500,7,'catalog/images/image_kissat_21_16_item_0.jpg',72,1,1.3900,0,0,'0000-00-00',0.00000000,0,0.00000000,0.00000000,0.00000000,0,1,1,0,1,0,'0000-00-00 00:00:00','0000-00-00 00:00:00'),(819,'109685','109685','','','','','','Санкт-Петербург',100500,7,'catalog/images/image_kissat_21_25_item_9.jpg',0,1,13.9000,0,0,'0000-00-00',0.00000000,0,0.00000000,0.00000000,0.00000000,0,1,1,0,1,0,'0000-00-00 00:00:00','0000-00-00 00:00:00'),(820,'050572','050572','','','','','','Санкт-Петербург',100500,7,'catalog/images/image_koirat_21_123_item_19.jpg',98,1,15.9000,0,0,'0000-00-00',0.00000000,0,0.00000000,0.00000000,0.00000000,0,1,1,0,1,0,'0000-00-00 00:00:00','0000-00-00 00:00:00'),(821,'C178861','117763','','','','','','Санкт-Петербург',100500,7,'catalog/images/image_koirat_21_137_item_5.jpg',101,1,9.9000,0,0,'0000-00-00',0.00000000,0,0.00000000,0.00000000,0.00000000,0,1,1,0,1,0,'0000-00-00 00:00:00','0000-00-00 00:00:00'),(822,'C74053','024422','','','','','','Санкт-Петербург',100500,7,'catalog/images/image_kissat_21_17_item_5.jpg',25,1,42.9000,0,0,'0000-00-00',0.00000000,0,0.00000000,0.00000000,0.00000000,0,1,1,0,1,0,'0000-00-00 00:00:00','0000-00-00 00:00:00'),(823,'106194','106194','','','','','','Санкт-Петербург',100500,7,'catalog/images/image_koirat_21_24_item_12.jpg',78,1,36.9000,0,0,'0000-00-00',0.00000000,0,0.00000000,0.00000000,0.00000000,0,1,1,0,1,0,'0000-00-00 00:00:00','0000-00-00 00:00:00'),(824,'101543','101543','','','','','','Санкт-Петербург',100500,7,'catalog/images/image_kissat_21_44_item_15.jpg',64,1,19.9000,0,0,'0000-00-00',0.00000000,0,0.00000000,0.00000000,0.00000000,0,1,1,0,1,0,'0000-00-00 00:00:00','0000-00-00 00:00:00'),(825,'103022','103022','','','','','','Санкт-Петербург',100500,7,'catalog/images/image_koirat_21_21_item_11.jpg',29,1,2.9000,0,0,'0000-00-00',0.00000000,0,0.00000000,0.00000000,0.00000000,0,1,1,0,1,0,'0000-00-00 00:00:00','0000-00-00 00:00:00'),(826,'C72183','032926','','','','','','Санкт-Петербург',100500,7,'catalog/images/image_koirat_21_96_item_18.jpg',153,1,24.9000,0,0,'0000-00-00',0.00000000,0,0.00000000,0.00000000,0.00000000,0,1,1,0,1,0,'0000-00-00 00:00:00','0000-00-00 00:00:00'),(827,'028520','028520','','','','','','Санкт-Петербург',100500,7,'catalog/images/image_lemmikinomistajille_21_4_item_12.jpg',0,1,3.9500,0,0,'0000-00-00',0.00000000,0,0.00000000,0.00000000,0.00000000,0,1,1,0,1,0,'0000-00-00 00:00:00','0000-00-00 00:00:00'),(828,'101147','101147','','','','','','Санкт-Петербург',100500,7,'catalog/images/image_koirat_21_20_item_9.jpg',0,1,6.9000,0,0,'0000-00-00',0.00000000,0,0.00000000,0.00000000,0.00000000,0,1,1,0,1,0,'0000-00-00 00:00:00','0000-00-00 00:00:00'),(829,'002576','002576','','','','','','Санкт-Петербург',100500,7,'catalog/images/image_tarjoukset_21_7_item_5.jpg',154,1,29.9000,0,0,'0000-00-00',0.00000000,0,0.00000000,0.00000000,0.00000000,0,1,1,0,1,0,'0000-00-00 00:00:00','0000-00-00 00:00:00'),(830,'C162554','109077','','','','','','Санкт-Петербург',100500,7,'catalog/images/image_koirat_21_68_item_13.jpg',62,1,17.9000,0,0,'0000-00-00',0.00000000,0,0.00000000,0.00000000,0.00000000,0,1,1,0,1,0,'0000-00-00 00:00:00','0000-00-00 00:00:00'),(831,'C70628','017186','','','','','','Санкт-Петербург',100500,7,'catalog/images/image_koirat_21_102_item_16.jpg',17,1,25.9000,0,0,'0000-00-00',0.00000000,0,0.00000000,0.00000000,0.00000000,0,1,1,0,1,0,'0000-00-00 00:00:00','0000-00-00 00:00:00'),(832,'C149339','104270','','','','','','Санкт-Петербург',100500,7,'catalog/images/image_koirat_21_84_item_19.jpg',41,1,4.9000,0,0,'0000-00-00',0.00000000,0,0.00000000,0.00000000,0.00000000,0,1,1,0,1,0,'0000-00-00 00:00:00','0000-00-00 00:00:00'),(833,'035237','035237','','','','','','Санкт-Петербург',100500,7,'catalog/images/image_koirat_21_7_item_7.jpg',0,1,19.9000,0,0,'0000-00-00',0.00000000,0,0.00000000,0.00000000,0.00000000,0,1,1,0,1,0,'0000-00-00 00:00:00','0000-00-00 00:00:00'),(834,'113176','113176','','','','','','Санкт-Петербург',100500,7,'catalog/images/image_kissat_21_49_item_11.jpg',16,1,14.9000,0,0,'0000-00-00',0.00000000,0,0.00000000,0.00000000,0.00000000,0,1,1,0,1,0,'0000-00-00 00:00:00','0000-00-00 00:00:00'),(835,'C152909','106122','','','','','','Санкт-Петербург',100500,7,'catalog/images/image_koirat_21_26_item_3.jpg',0,1,5.9000,0,0,'0000-00-00',0.00000000,0,0.00000000,0.00000000,0.00000000,0,1,1,0,1,0,'0000-00-00 00:00:00','0000-00-00 00:00:00'),(836,'C70425','024114','','','','','','Санкт-Петербург',100500,7,'catalog/images/image_royal-canin_koirat_maxi_21_1_item_3.jpg',13,1,69.9000,0,0,'0000-00-00',0.00000000,0,0.00000000,0.00000000,0.00000000,0,1,1,0,1,0,'0000-00-00 00:00:00','0000-00-00 00:00:00'),(837,'034539','034539','','','','','','Санкт-Петербург',100500,7,'catalog/images/image_kissat_21_14_item_3.jpg',116,1,1.5900,0,0,'0000-00-00',0.00000000,0,0.00000000,0.00000000,0.00000000,0,1,1,0,1,0,'0000-00-00 00:00:00','0000-00-00 00:00:00'),(838,'032354','032354','','','','','','Санкт-Петербург',100500,7,'catalog/images/image_koirat_21_5_item_7.jpg',69,1,14.9000,0,0,'0000-00-00',0.00000000,0,0.00000000,0.00000000,0.00000000,0,1,1,0,1,0,'0000-00-00 00:00:00','0000-00-00 00:00:00'),(839,'C71099','018774','','','','','','Санкт-Петербург',100500,7,'catalog/images/image_koirat_21_105_item_14.jpg',76,1,16.9000,0,0,'0000-00-00',0.00000000,0,0.00000000,0.00000000,0.00000000,0,1,1,0,1,0,'0000-00-00 00:00:00','0000-00-00 00:00:00'),(840,'103570','103570','','','','','','Санкт-Петербург',100500,7,'catalog/images/image_koirat_21_55_item_6.jpg',45,1,1.9900,0,0,'0000-00-00',0.00000000,0,0.00000000,0.00000000,0.00000000,0,1,1,0,1,0,'0000-00-00 00:00:00','0000-00-00 00:00:00'),(841,'030191','030191','','','','','','Санкт-Петербург',100500,7,'catalog/images/image_koirat_21_100_item_3.jpg',35,1,1.5000,0,0,'0000-00-00',0.00000000,0,0.00000000,0.00000000,0.00000000,0,1,1,0,1,0,'0000-00-00 00:00:00','0000-00-00 00:00:00'),(842,'C172251','114291','','','','','','Санкт-Петербург',100500,7,'catalog/images/image_koirat_21_133_item_13.jpg',66,1,19.9000,0,0,'0000-00-00',0.00000000,0,0.00000000,0.00000000,0.00000000,0,1,1,0,1,0,'0000-00-00 00:00:00','0000-00-00 00:00:00'),(843,'C156971','107667','','','','','','Санкт-Петербург',100500,7,'catalog/images/image_koirat_21_60_item_20.jpg',58,1,16.9000,0,0,'0000-00-00',0.00000000,0,0.00000000,0.00000000,0.00000000,0,1,1,0,1,0,'0000-00-00 00:00:00','0000-00-00 00:00:00'),(844,'C74406','114249','','','','','','Санкт-Петербург',100500,7,'catalog/images/image_koirat_21_1_item_14.jpg',47,1,19.9000,0,0,'0000-00-00',0.00000000,0,0.00000000,0.00000000,0.00000000,0,1,1,0,1,0,'0000-00-00 00:00:00','0000-00-00 00:00:00'),(845,'025917','025917','','','','','','Санкт-Петербург',100500,7,'catalog/images/image_kissat_21_42_item_12.jpg',16,1,18.9000,0,0,'0000-00-00',0.00000000,0,0.00000000,0.00000000,0.00000000,0,1,1,0,1,0,'0000-00-00 00:00:00','0000-00-00 00:00:00'),(846,'103011','103011','','','','','','Санкт-Петербург',100500,7,'catalog/images/image_kissat_21_45_item_16.jpg',71,1,19.9000,0,0,'0000-00-00',0.00000000,0,0.00000000,0.00000000,0.00000000,0,1,1,0,1,0,'0000-00-00 00:00:00','0000-00-00 00:00:00'),(847,'026957','026957','','','','','','Санкт-Петербург',100500,7,'catalog/images/image_pienelaimet_21_5_item_0.jpg',53,1,9.9000,0,0,'0000-00-00',0.00000000,0,0.00000000,0.00000000,0.00000000,0,1,1,0,1,0,'0000-00-00 00:00:00','0000-00-00 00:00:00'),(848,'C156864','107607','','','','','','Санкт-Петербург',100500,7,'catalog/images/image_koirat_21_28_item_7.jpg',0,1,4.9000,0,0,'0000-00-00',0.00000000,0,0.00000000,0.00000000,0.00000000,0,1,1,0,1,0,'0000-00-00 00:00:00','0000-00-00 00:00:00'),(849,'C74307','025566','','','','','','Санкт-Петербург',100500,7,'catalog/images/image_koirat_21_42_item_12.jpg',111,1,19.9000,0,0,'0000-00-00',0.00000000,0,0.00000000,0.00000000,0.00000000,0,1,1,0,1,0,'0000-00-00 00:00:00','0000-00-00 00:00:00'),(850,'117557','117557','','','','','','Санкт-Петербург',100500,7,'catalog/images/image_lemmikinomistajille_21_10_item_6.jpg',0,1,15.9500,0,0,'0000-00-00',0.00000000,0,0.00000000,0.00000000,0.00000000,0,1,1,0,1,0,'0000-00-00 00:00:00','0000-00-00 00:00:00'),(851,'032891','032891','','','','','','Санкт-Петербург',100500,7,'catalog/images/image_koirat_21_6_item_10.jpg',21,1,23.9000,0,0,'0000-00-00',0.00000000,0,0.00000000,0.00000000,0.00000000,0,1,1,0,1,0,'0000-00-00 00:00:00','0000-00-00 00:00:00'),(852,'C152551','105950','','','','','','Санкт-Петербург',100500,7,'catalog/images/image_kissat_21_7_item_0.jpg',47,1,19.9000,0,0,'0000-00-00',0.00000000,0,0.00000000,0.00000000,0.00000000,0,1,1,0,1,0,'0000-00-00 00:00:00','0000-00-00 00:00:00'),(853,'C156982','107676','','','','','','Санкт-Петербург',100500,7,'catalog/images/image_koirat_21_61_item_1.jpg',58,1,29.9000,0,0,'0000-00-00',0.00000000,0,0.00000000,0.00000000,0.00000000,0,1,1,0,1,0,'0000-00-00 00:00:00','0000-00-00 00:00:00'),(854,'C69788','013074','','','','','','Санкт-Петербург',100500,7,'catalog/images/image_kissat_21_41_item_12.jpg',13,1,5.9900,0,0,'0000-00-00',0.00000000,0,0.00000000,0.00000000,0.00000000,0,1,1,0,1,0,'0000-00-00 00:00:00','0000-00-00 00:00:00'),(855,'116585','116585','','','','','','Санкт-Петербург',100500,7,'catalog/images/image_koirat_21_78_item_17.jpg',155,1,14.9000,0,0,'0000-00-00',0.00000000,0,0.00000000,0.00000000,0.00000000,0,1,1,0,1,0,'0000-00-00 00:00:00','0000-00-00 00:00:00'),(856,'107741','107741','','','','','','Санкт-Петербург',100500,7,'catalog/images/image_koirat_21_62_item_15.jpg',58,1,6.9000,0,0,'0000-00-00',0.00000000,0,0.00000000,0.00000000,0.00000000,0,1,1,0,1,0,'0000-00-00 00:00:00','0000-00-00 00:00:00'),(857,'109206','109206','','','','','','Санкт-Петербург',100500,7,'catalog/images/image_kissat_21_59_item_18.jpg',61,1,6.9000,0,0,'0000-00-00',0.00000000,0,0.00000000,0.00000000,0.00000000,0,1,1,0,1,0,'0000-00-00 00:00:00','0000-00-00 00:00:00'),(858,'002215','002215','','','','','','Санкт-Петербург',100500,7,'catalog/images/image_koirat_21_90_item_7.jpg',84,1,13.9000,0,0,'0000-00-00',0.00000000,0,0.00000000,0.00000000,0.00000000,0,1,1,0,1,0,'0000-00-00 00:00:00','0000-00-00 00:00:00'),(859,'101064','101064','','','','','','Санкт-Петербург',100500,7,'catalog/images/image_kissat_21_47_item_2.jpg',16,1,1.5000,0,0,'0000-00-00',0.00000000,0,0.00000000,0.00000000,0.00000000,0,1,1,0,1,0,'0000-00-00 00:00:00','0000-00-00 00:00:00'),(860,'C172517','114433','','','','','','Санкт-Петербург',100500,7,'catalog/images/image_koirat_21_36_item_15.jpg',121,1,3.1900,0,0,'0000-00-00',0.00000000,0,0.00000000,0.00000000,0.00000000,0,1,1,0,1,0,'0000-00-00 00:00:00','0000-00-00 00:00:00'),(861,'108997','108997','','','','','','Санкт-Петербург',100500,7,'catalog/images/image_pienelaimet_21_15_item_2.jpg',38,1,3.9000,0,0,'0000-00-00',0.00000000,0,0.00000000,0.00000000,0.00000000,0,1,1,0,1,0,'0000-00-00 00:00:00','0000-00-00 00:00:00'),(862,'032491','032491','','','','','','Санкт-Петербург',100500,7,'catalog/images/image_kissat_21_2_item_18.jpg',80,1,6.9900,0,0,'0000-00-00',0.00000000,0,0.00000000,0.00000000,0.00000000,0,1,1,0,1,0,'0000-00-00 00:00:00','0000-00-00 00:00:00'),(863,'101169','101169','','','','','','Санкт-Петербург',100500,7,'catalog/images/image_koirat_21_54_item_18.jpg',138,1,7.9000,0,0,'0000-00-00',0.00000000,0,0.00000000,0.00000000,0.00000000,0,1,1,0,1,0,'0000-00-00 00:00:00','0000-00-00 00:00:00'),(864,'C77342','028770','','','','','','Санкт-Петербург',100500,7,'catalog/images/image_koirat_21_46_item_14.jpg',39,1,6.9500,0,0,'0000-00-00',0.00000000,0,0.00000000,0.00000000,0.00000000,0,1,1,0,1,0,'0000-00-00 00:00:00','0000-00-00 00:00:00'),(865,'033922','033922','','','','','','Санкт-Петербург',100500,7,'catalog/images/image_kissat_21_13_item_11.jpg',156,1,36.9000,0,0,'0000-00-00',0.00000000,0,0.00000000,0.00000000,0.00000000,0,1,1,0,1,0,'0000-00-00 00:00:00','0000-00-00 00:00:00'),(866,'029993','029993','','','','','','Санкт-Петербург',100500,7,'catalog/images/image_tarjoukset_21_8_item_8.jpg',0,1,4.9750,0,0,'0000-00-00',0.00000000,0,0.00000000,0.00000000,0.00000000,0,1,1,0,1,0,'0000-00-00 00:00:00','0000-00-00 00:00:00'),(867,'028556','028556','','','','','','Санкт-Петербург',100500,7,'catalog/images/image_lemmikinomistajille_21_6_item_3.jpg',0,1,3.9500,0,0,'0000-00-00',0.00000000,0,0.00000000,0.00000000,0.00000000,0,1,1,0,1,0,'0000-00-00 00:00:00','0000-00-00 00:00:00'),(868,'108872','108872','','','','','','Санкт-Петербург',100500,7,'catalog/images/image_koirat_21_67_item_19.jpg',23,1,3.9900,0,0,'0000-00-00',0.00000000,0,0.00000000,0.00000000,0.00000000,0,1,1,0,1,0,'0000-00-00 00:00:00','0000-00-00 00:00:00'),(869,'C68067','001262','','','','','','Санкт-Петербург',100500,7,'catalog/images/image_kissat_21_40_item_17.jpg',13,1,7.9900,0,0,'0000-00-00',0.00000000,0,0.00000000,0.00000000,0.00000000,0,1,1,0,1,0,'0000-00-00 00:00:00','0000-00-00 00:00:00'),(870,'035043','035043','','','','','','Санкт-Петербург',100500,7,'catalog/images/image_kissat_21_13_item_3.jpg',22,1,6.9000,0,0,'0000-00-00',0.00000000,0,0.00000000,0.00000000,0.00000000,0,1,1,0,1,0,'0000-00-00 00:00:00','0000-00-00 00:00:00'),(871,'113174','113174','','','','','','Санкт-Петербург',100500,7,'catalog/images/image_pennut_21_8_item_8.jpg',16,1,12.9000,0,0,'0000-00-00',0.00000000,0,0.00000000,0.00000000,0.00000000,0,1,1,0,1,0,'0000-00-00 00:00:00','0000-00-00 00:00:00'),(872,'C158879','108550','','','','','','Санкт-Петербург',100500,7,'catalog/images/image_koirat_21_31_item_15.jpg',0,1,6.9000,0,0,'0000-00-00',0.00000000,0,0.00000000,0.00000000,0.00000000,0,1,1,0,1,0,'0000-00-00 00:00:00','0000-00-00 00:00:00'),(873,'C75772','027582','','','','','','Санкт-Петербург',100500,7,'catalog/images/image_koirat_21_99_item_3.jpg',157,1,15.9000,0,0,'0000-00-00',0.00000000,0,0.00000000,0.00000000,0.00000000,0,1,1,0,1,0,'0000-00-00 00:00:00','0000-00-00 00:00:00'),(874,'C78813','030437','','','','','','Санкт-Петербург',100500,7,'catalog/images/image_koirat_21_148_item_2.jpg',17,1,15.9000,0,0,'0000-00-00',0.00000000,0,0.00000000,0.00000000,0.00000000,0,1,1,0,1,0,'0000-00-00 00:00:00','0000-00-00 00:00:00'),(875,'117583','117583','','','','','','Санкт-Петербург',100500,7,'catalog/images/image_lemmikinomistajille_21_11_item_11.jpg',0,1,15.9500,0,0,'0000-00-00',0.00000000,0,0.00000000,0.00000000,0.00000000,0,1,1,0,1,0,'0000-00-00 00:00:00','0000-00-00 00:00:00'),(876,'C157652','108131','','','','','','Санкт-Петербург',100500,7,'catalog/images/image_koirat_21_65_item_14.jpg',0,1,29.9000,0,0,'0000-00-00',0.00000000,0,0.00000000,0.00000000,0.00000000,0,1,1,0,1,0,'0000-00-00 00:00:00','0000-00-00 00:00:00'),(877,'C152165','105784','','','','','','Санкт-Петербург',100500,7,'catalog/images/image_koirat_21_86_item_5.jpg',137,1,54.9000,0,0,'0000-00-00',0.00000000,0,0.00000000,0.00000000,0.00000000,0,1,1,0,1,0,'0000-00-00 00:00:00','0000-00-00 00:00:00'),(878,'C67954','001117','','','','','','Санкт-Петербург',100500,7,'catalog/images/image_kissat_21_39_item_17.jpg',0,1,7.4900,0,0,'0000-00-00',0.00000000,0,0.00000000,0.00000000,0.00000000,0,1,1,0,1,0,'0000-00-00 00:00:00','0000-00-00 00:00:00'),(879,'C78481','030128','','','','','','Санкт-Петербург',100500,7,'catalog/images/image_koirat_21_16_item_5.jpg',47,1,32.9000,0,0,'0000-00-00',0.00000000,0,0.00000000,0.00000000,0.00000000,0,1,1,0,1,0,'0000-00-00 00:00:00','0000-00-00 00:00:00'),(880,'035199','035199','','','','','','Санкт-Петербург',100500,7,'catalog/images/image_kissat_21_15_item_13.jpg',132,1,4.2900,0,0,'0000-00-00',0.00000000,0,0.00000000,0.00000000,0.00000000,0,1,1,0,1,0,'0000-00-00 00:00:00','0000-00-00 00:00:00'),(881,'C177712','117145','','','','','','Санкт-Петербург',100500,7,'catalog/images/image_pennut_21_7_item_9.jpg',158,1,1.5000,0,0,'0000-00-00',0.00000000,0,0.00000000,0.00000000,0.00000000,0,1,1,0,1,0,'0000-00-00 00:00:00','0000-00-00 00:00:00'),(882,'C172027','114224','','','','','','Санкт-Петербург',100500,7,'catalog/images/image_koirat_21_79_item_16.jpg',41,1,2.9900,0,0,'0000-00-00',0.00000000,0,0.00000000,0.00000000,0.00000000,0,1,1,0,1,0,'0000-00-00 00:00:00','0000-00-00 00:00:00'),(883,'028328','028328','','','','','','Санкт-Петербург',100500,7,'catalog/images/image_lemmikinomistajille_21_2_item_13.jpg',0,1,3.9500,0,0,'0000-00-00',0.00000000,0,0.00000000,0.00000000,0.00000000,0,1,1,0,1,0,'0000-00-00 00:00:00','0000-00-00 00:00:00'),(884,'100934','100934','','','','','','Санкт-Петербург',100500,7,'catalog/images/image_koirat_21_120_item_4.jpg',17,1,29.9000,0,0,'0000-00-00',0.00000000,0,0.00000000,0.00000000,0.00000000,0,1,1,0,1,0,'0000-00-00 00:00:00','0000-00-00 00:00:00'),(885,'C79535','031053','','','','','','Санкт-Петербург',100500,7,'catalog/images/image_koirat_21_100_item_13.jpg',16,1,26.9000,0,0,'0000-00-00',0.00000000,0,0.00000000,0.00000000,0.00000000,0,1,1,0,1,0,'0000-00-00 00:00:00','0000-00-00 00:00:00'),(886,'C68133','022060','','','','','','Санкт-Петербург',100500,7,'catalog/images/image_koirat_21_140_item_3.jpg',0,1,27.9000,0,0,'0000-00-00',0.00000000,0,0.00000000,0.00000000,0.00000000,0,1,1,0,1,0,'0000-00-00 00:00:00','0000-00-00 00:00:00'),(887,'101591','101591','','','','','','Санкт-Петербург',100500,7,'catalog/images/image_pienelaimet_21_9_item_6.jpg',92,1,5.9000,0,0,'0000-00-00',0.00000000,0,0.00000000,0.00000000,0.00000000,0,1,1,0,1,0,'0000-00-00 00:00:00','0000-00-00 00:00:00'),(888,'C148996','104127','','','','','','Санкт-Петербург',100500,7,'catalog/images/image_pennut_21_5_item_7.jpg',110,1,5.9900,0,0,'0000-00-00',0.00000000,0,0.00000000,0.00000000,0.00000000,0,1,1,0,1,0,'0000-00-00 00:00:00','0000-00-00 00:00:00'),(889,'106249','106249','','','','','','Санкт-Петербург',100500,7,'catalog/images/image_tarjoukset_21_2_item_12.jpg',0,1,19.9000,0,0,'0000-00-00',0.00000000,0,0.00000000,0.00000000,0.00000000,0,1,1,0,1,0,'0000-00-00 00:00:00','0000-00-00 00:00:00'),(890,'C147187','103682','','','','','','Санкт-Петербург',100500,7,'catalog/images/image_kissat_21_45_item_19.jpg',90,1,4.4900,0,0,'0000-00-00',0.00000000,0,0.00000000,0.00000000,0.00000000,0,1,1,0,1,0,'0000-00-00 00:00:00','0000-00-00 00:00:00'),(891,'114434','114434','','','','','','Санкт-Петербург',100500,7,'catalog/images/image_koirat_21_36_item_14.jpg',121,1,12.9000,0,0,'0000-00-00',0.00000000,0,0.00000000,0.00000000,0.00000000,0,1,1,0,1,0,'0000-00-00 00:00:00','0000-00-00 00:00:00'),(892,'029925','029925','','','','','','Санкт-Петербург',100500,7,'catalog/images/image_royal-canin_koirat_x-small_21_1_item_12.jpg',13,1,2.9900,0,0,'0000-00-00',0.00000000,0,0.00000000,0.00000000,0.00000000,0,1,1,0,1,0,'0000-00-00 00:00:00','0000-00-00 00:00:00'),(893,'114000','114000','','','','','','Санкт-Петербург',100500,7,'catalog/images/image_koirat_21_80_item_14.jpg',81,1,9.9900,0,0,'0000-00-00',0.00000000,0,0.00000000,0.00000000,0.00000000,0,1,1,0,1,0,'0000-00-00 00:00:00','0000-00-00 00:00:00'),(894,'034070','034070','','','','','','Санкт-Петербург',100500,7,'catalog/images/image_kissat_21_9_item_8.jpg',0,1,89.9000,0,0,'0000-00-00',0.00000000,0,0.00000000,0.00000000,0.00000000,0,1,1,0,1,0,'0000-00-00 00:00:00','0000-00-00 00:00:00'),(895,'C157461','107993','','','','','','Санкт-Петербург',100500,7,'catalog/images/image_tarjoukset_21_6_item_8.jpg',39,1,36.9000,0,0,'0000-00-00',0.00000000,0,0.00000000,0.00000000,0.00000000,0,1,1,0,1,0,'0000-00-00 00:00:00','0000-00-00 00:00:00'),(896,'C150692','104971','','','','','','Санкт-Петербург',100500,7,'catalog/images/image_koirat_21_64_item_16.jpg',17,1,29.9000,0,0,'0000-00-00',0.00000000,0,0.00000000,0.00000000,0.00000000,0,1,1,0,1,0,'0000-00-00 00:00:00','0000-00-00 00:00:00'),(897,'030175','030175','','','','','','Санкт-Петербург',100500,7,'catalog/images/image_koirat_21_99_item_20.jpg',16,1,39.9000,0,0,'0000-00-00',0.00000000,0,0.00000000,0.00000000,0.00000000,0,1,1,0,1,0,'0000-00-00 00:00:00','0000-00-00 00:00:00'),(898,'C137217','103512','','','','','','Санкт-Петербург',100500,7,'catalog/images/image_koirat_21_19_item_9.jpg',42,1,19.9000,0,0,'0000-00-00',0.00000000,0,0.00000000,0.00000000,0.00000000,0,1,1,0,1,0,'0000-00-00 00:00:00','0000-00-00 00:00:00'),(899,'C73863','025530','','','','','','Санкт-Петербург',100500,7,'catalog/images/image_koirat_21_143_item_15.jpg',95,1,15.9000,0,0,'0000-00-00',0.00000000,0,0.00000000,0.00000000,0.00000000,0,1,1,0,1,0,'0000-00-00 00:00:00','0000-00-00 00:00:00'),(900,'108881','108881','','','','','','Санкт-Петербург',100500,7,'catalog/images/image_koirat_21_67_item_8.jpg',23,1,2.9900,0,0,'0000-00-00',0.00000000,0,0.00000000,0.00000000,0.00000000,0,1,1,0,1,0,'0000-00-00 00:00:00','0000-00-00 00:00:00'),(901,'C108795','034967','','','','','','Санкт-Петербург',100500,7,'catalog/images/image_koirat_21_147_item_14.jpg',17,1,49.9000,0,0,'0000-00-00',0.00000000,0,0.00000000,0.00000000,0.00000000,0,1,1,0,1,0,'0000-00-00 00:00:00','0000-00-00 00:00:00'),(902,'113105','113105','','','','','','Санкт-Петербург',100500,7,'catalog/images/image_koirat_21_131_item_6.jpg',16,1,7.9900,0,0,'0000-00-00',0.00000000,0,0.00000000,0.00000000,0.00000000,0,1,1,0,1,0,'0000-00-00 00:00:00','0000-00-00 00:00:00'),(903,'019799','019799','','','','','','Санкт-Петербург',100500,7,'catalog/images/image_kissat_21_54_item_4.jpg',130,1,1.3500,0,0,'0000-00-00',0.00000000,0,0.00000000,0.00000000,0.00000000,0,1,1,0,1,0,'0000-00-00 00:00:00','0000-00-00 00:00:00'),(904,'026956','026956','','','','','','Санкт-Петербург',100500,7,'catalog/images/image_pienelaimet_21_4_item_20.jpg',53,1,2.9900,0,0,'0000-00-00',0.00000000,0,0.00000000,0.00000000,0.00000000,0,1,1,0,1,0,'0000-00-00 00:00:00','0000-00-00 00:00:00'),(905,'C71933','100540','','','','','','Санкт-Петербург',100500,7,'catalog/images/image_kissat_21_37_item_17.jpg',0,1,15.9000,0,0,'0000-00-00',0.00000000,0,0.00000000,0.00000000,0.00000000,0,1,1,0,1,0,'0000-00-00 00:00:00','0000-00-00 00:00:00'),(906,'C67941','001038','','','','','','Санкт-Петербург',100500,7,'catalog/images/image_kissat_21_39_item_16.jpg',0,1,12.9000,0,0,'0000-00-00',0.00000000,0,0.00000000,0.00000000,0.00000000,0,1,1,0,1,0,'0000-00-00 00:00:00','0000-00-00 00:00:00'),(907,'108891','108891','','','','','','Санкт-Петербург',100500,7,'catalog/images/image_koirat_21_67_item_17.jpg',23,1,2.9900,0,0,'0000-00-00',0.00000000,0,0.00000000,0.00000000,0.00000000,0,1,1,0,1,0,'0000-00-00 00:00:00','0000-00-00 00:00:00'),(908,'113187','113187','','','','','','Санкт-Петербург',100500,7,'catalog/images/image_kissat_21_51_item_13.jpg',16,1,19.9000,0,0,'0000-00-00',0.00000000,0,0.00000000,0.00000000,0.00000000,0,1,1,0,1,0,'0000-00-00 00:00:00','0000-00-00 00:00:00'),(909,'018780','018780','','','','','','Санкт-Петербург',100500,7,'catalog/images/image_koirat_21_95_item_15.jpg',76,1,18.9000,0,0,'0000-00-00',0.00000000,0,0.00000000,0.00000000,0.00000000,0,1,1,0,1,0,'0000-00-00 00:00:00','0000-00-00 00:00:00'),(910,'C68867','006030','','','','','','Санкт-Петербург',100500,7,'catalog/images/image_pienelaimet_21_10_item_2.jpg',16,1,4.9900,0,0,'0000-00-00',0.00000000,0,0.00000000,0.00000000,0.00000000,0,1,1,0,1,0,'0000-00-00 00:00:00','0000-00-00 00:00:00'),(911,'C163469','109448','','','','','','Санкт-Петербург',100500,7,'catalog/images/image_koirat_21_77_item_5.jpg',17,1,24.9000,0,0,'0000-00-00',0.00000000,0,0.00000000,0.00000000,0.00000000,0,1,1,0,1,0,'0000-00-00 00:00:00','0000-00-00 00:00:00'),(912,'102195','102195','','','','','','Санкт-Петербург',100500,7,'catalog/images/image_koirat_21_18_item_15.jpg',78,1,19.9000,0,0,'0000-00-00',0.00000000,0,0.00000000,0.00000000,0.00000000,0,1,1,0,1,0,'0000-00-00 00:00:00','0000-00-00 00:00:00'),(913,'023657','023657','','','','','','Санкт-Петербург',100500,7,'catalog/images/image_kissat_21_34_item_17.jpg',160,1,12.9000,0,0,'0000-00-00',0.00000000,0,0.00000000,0.00000000,0.00000000,0,1,1,0,1,0,'0000-00-00 00:00:00','0000-00-00 00:00:00'),(914,'010903','010903','','','','','','Санкт-Петербург',100500,7,'catalog/images/image_kissat_21_34_item_3.jpg',84,1,12.9000,0,0,'0000-00-00',0.00000000,0,0.00000000,0.00000000,0.00000000,0,1,1,0,1,0,'0000-00-00 00:00:00','0000-00-00 00:00:00'),(915,'112859','112859','','','','','','Санкт-Петербург',100500,7,'catalog/images/image_kissat_21_49_item_9.jpg',16,1,5.9000,0,0,'0000-00-00',0.00000000,0,0.00000000,0.00000000,0.00000000,0,1,1,0,1,0,'0000-00-00 00:00:00','0000-00-00 00:00:00'),(916,'102141','102141','','','','','','Санкт-Петербург',100500,7,'catalog/images/image_lemmikinomistajille_21_7_item_1.jpg',0,1,16.9500,0,0,'0000-00-00',0.00000000,0,0.00000000,0.00000000,0.00000000,0,1,1,0,1,0,'0000-00-00 00:00:00','0000-00-00 00:00:00'),(917,'108690','108690','','','','','','Санкт-Петербург',100500,7,'catalog/images/image_pienelaimet_21_12_item_16.jpg',30,1,19.9000,0,0,'0000-00-00',0.00000000,0,0.00000000,0.00000000,0.00000000,0,1,1,0,1,0,'0000-00-00 00:00:00','0000-00-00 00:00:00'),(918,'C68312','002081','','','','','','Санкт-Петербург',100500,7,'catalog/images/image_koirat_21_105_item_17.jpg',98,1,12.9000,0,0,'0000-00-00',0.00000000,0,0.00000000,0.00000000,0.00000000,0,1,1,0,1,0,'0000-00-00 00:00:00','0000-00-00 00:00:00'),(919,'117711','117711','','','','','','Санкт-Петербург',100500,7,'catalog/images/image_koirat_21_136_item_12.jpg',37,1,9.9500,0,0,'0000-00-00',0.00000000,0,0.00000000,0.00000000,0.00000000,0,1,1,0,1,0,'0000-00-00 00:00:00','0000-00-00 00:00:00'),(920,'035209','035209','','','','','','Санкт-Петербург',100500,7,'catalog/images/image_koirat_21_116_item_3.jpg',161,1,15.9000,0,0,'0000-00-00',0.00000000,0,0.00000000,0.00000000,0.00000000,0,1,1,0,1,0,'0000-00-00 00:00:00','0000-00-00 00:00:00'),(921,'113947','113947','','','','','','Санкт-Петербург',100500,7,'catalog/images/image_pienelaimet_21_14_item_16.jpg',16,1,1.4900,0,0,'0000-00-00',0.00000000,0,0.00000000,0.00000000,0.00000000,0,1,1,0,1,0,'0000-00-00 00:00:00','0000-00-00 00:00:00'),(922,'116552','116552','','','','','','Санкт-Петербург',100500,7,'catalog/images/image_kissat_21_11_item_16.jpg',42,1,169.0000,0,0,'0000-00-00',0.00000000,0,0.00000000,0.00000000,0.00000000,0,1,1,0,1,0,'0000-00-00 00:00:00','0000-00-00 00:00:00'),(923,'108677','108677','','','','','','Санкт-Петербург',100500,7,'catalog/images/image_pienelaimet_21_10_item_19.jpg',30,1,5.9000,0,0,'0000-00-00',0.00000000,0,0.00000000,0.00000000,0.00000000,0,1,1,0,1,0,'0000-00-00 00:00:00','0000-00-00 00:00:00'),(924,'103568','103568','','','','','','Санкт-Петербург',100500,7,'catalog/images/image_koirat_21_55_item_4.jpg',45,1,1.9900,0,0,'0000-00-00',0.00000000,0,0.00000000,0.00000000,0.00000000,0,1,1,0,1,0,'0000-00-00 00:00:00','0000-00-00 00:00:00'),(925,'107753','107753','','','','','','Санкт-Петербург',100500,7,'catalog/images/image_koirat_21_63_item_5.jpg',58,1,4.9000,0,0,'0000-00-00',0.00000000,0,0.00000000,0.00000000,0.00000000,0,1,1,0,1,0,'0000-00-00 00:00:00','0000-00-00 00:00:00'),(926,'102164','102164','','','','','','Санкт-Петербург',100500,7,'catalog/images/image_lemmikinomistajille_21_8_item_14.jpg',0,1,4.9500,0,0,'0000-00-00',0.00000000,0,0.00000000,0.00000000,0.00000000,0,1,1,0,1,0,'0000-00-00 00:00:00','0000-00-00 00:00:00'),(927,'032837','032837','','','','','','Санкт-Петербург',100500,7,'catalog/images/image_koirat_21_10_item_3.jpg',80,1,2.9900,0,0,'0000-00-00',0.00000000,0,0.00000000,0.00000000,0.00000000,0,1,1,0,1,0,'0000-00-00 00:00:00','0000-00-00 00:00:00'),(928,'C178718','117668','','','','','','Санкт-Петербург',100500,7,'catalog/images/image_kissat_21_52_item_5.jpg',97,1,6.9000,0,0,'0000-00-00',0.00000000,0,0.00000000,0.00000000,0.00000000,0,1,1,0,1,0,'0000-00-00 00:00:00','0000-00-00 00:00:00'),(929,'C153995','106612','','','','','','Санкт-Петербург',100500,7,'catalog/images/image_kissat_21_8_item_16.jpg',0,1,9.9000,0,0,'0000-00-00',0.00000000,0,0.00000000,0.00000000,0.00000000,0,1,1,0,1,0,'0000-00-00 00:00:00','0000-00-00 00:00:00'),(930,'C83207','033394','','','','','','Санкт-Петербург',100500,7,'catalog/images/image_koirat_21_49_item_8.jpg',39,1,19.9500,0,0,'0000-00-00',0.00000000,0,0.00000000,0.00000000,0.00000000,0,1,1,0,1,0,'0000-00-00 00:00:00','0000-00-00 00:00:00'),(931,'C163139','109236','','','','','','Санкт-Петербург',100500,7,'catalog/images/image_koirat_21_77_item_1.jpg',39,1,6.9500,0,0,'0000-00-00',0.00000000,0,0.00000000,0.00000000,0.00000000,0,1,1,0,1,0,'0000-00-00 00:00:00','0000-00-00 00:00:00'),(932,'107635','107635','','','','','','Санкт-Петербург',100500,7,'catalog/images/image_koirat_21_60_item_0.jpg',58,1,24.9000,0,0,'0000-00-00',0.00000000,0,0.00000000,0.00000000,0.00000000,0,1,1,0,1,0,'0000-00-00 00:00:00','0000-00-00 00:00:00'),(933,'100851','100851','','','','','','Санкт-Петербург',100500,7,'catalog/images/image_koirat_21_18_item_1.jpg',29,1,3.9000,0,0,'0000-00-00',0.00000000,0,0.00000000,0.00000000,0.00000000,0,1,1,0,1,0,'0000-00-00 00:00:00','0000-00-00 00:00:00'),(934,'109386','109386','','','','','','Санкт-Петербург',100500,7,'catalog/images/image_koirat_21_70_item_4.jpg',41,1,12.9000,0,0,'0000-00-00',0.00000000,0,0.00000000,0.00000000,0.00000000,0,1,1,0,1,0,'0000-00-00 00:00:00','0000-00-00 00:00:00'),(935,'113769','113769','','','','','','Санкт-Петербург',100500,7,'catalog/images/image_koirat_21_129_item_8.jpg',16,1,4.9000,0,0,'0000-00-00',0.00000000,0,0.00000000,0.00000000,0.00000000,0,1,1,0,1,0,'0000-00-00 00:00:00','0000-00-00 00:00:00'),(936,'103545','103545','','','','','','Санкт-Петербург',100500,7,'catalog/images/image_kissat_21_45_item_18.jpg',31,1,19.9000,0,0,'0000-00-00',0.00000000,0,0.00000000,0.00000000,0.00000000,0,1,1,0,1,0,'0000-00-00 00:00:00','0000-00-00 00:00:00'),(937,'107617','107617','','','','','','Санкт-Петербург',100500,7,'catalog/images/image_koirat_21_59_item_4.jpg',58,1,24.9000,0,0,'0000-00-00',0.00000000,0,0.00000000,0.00000000,0.00000000,0,1,1,0,1,0,'0000-00-00 00:00:00','0000-00-00 00:00:00'),(938,'C80752','031892','','','','','','Санкт-Петербург',100500,7,'catalog/images/image_koirat_21_4_item_17.jpg',21,1,14.9000,0,0,'0000-00-00',0.00000000,0,0.00000000,0.00000000,0.00000000,0,1,1,0,1,0,'0000-00-00 00:00:00','0000-00-00 00:00:00'),(939,'104136','104136','','','','','','Санкт-Петербург',100500,7,'catalog/images/image_kissat_21_32_item_14.jpg',110,1,1.7900,0,0,'0000-00-00',0.00000000,0,0.00000000,0.00000000,0.00000000,0,1,1,0,1,0,'0000-00-00 00:00:00','0000-00-00 00:00:00'),(940,'032250','032250','','','','','','Санкт-Петербург',100500,7,'catalog/images/image_koirat_21_50_item_9.jpg',74,1,12.9000,0,0,'0000-00-00',0.00000000,0,0.00000000,0.00000000,0.00000000,0,1,1,0,1,0,'0000-00-00 00:00:00','0000-00-00 00:00:00'),(941,'116728','116728','','','','','','Санкт-Петербург',100500,7,'catalog/images/image_kissat_21_11_item_7.jpg',80,1,3.9000,0,0,'0000-00-00',0.00000000,0,0.00000000,0.00000000,0.00000000,0,1,1,0,1,0,'0000-00-00 00:00:00','0000-00-00 00:00:00'),(942,'C77358','030808','','','','','','Санкт-Петербург',100500,7,'catalog/images/image_koirat_21_46_item_19.jpg',39,1,15.9500,0,0,'0000-00-00',0.00000000,0,0.00000000,0.00000000,0.00000000,0,1,1,0,1,0,'0000-00-00 00:00:00','0000-00-00 00:00:00'),(943,'109144','109144','','','','','','Санкт-Петербург',100500,7,'catalog/images/image_koirat_21_69_item_7.jpg',0,1,3.9000,0,0,'0000-00-00',0.00000000,0,0.00000000,0.00000000,0.00000000,0,1,1,0,1,0,'0000-00-00 00:00:00','0000-00-00 00:00:00'),(944,'032484','032484','','','','','','Санкт-Петербург',100500,7,'catalog/images/image_kissat_21_25_item_7.jpg',25,1,29.9000,0,0,'0000-00-00',0.00000000,0,0.00000000,0.00000000,0.00000000,0,1,1,0,1,0,'0000-00-00 00:00:00','0000-00-00 00:00:00'),(945,'020437','020437','','','','','','Санкт-Петербург',100500,7,'catalog/images/image_koirat_21_109_item_12.jpg',63,1,21.9000,0,0,'0000-00-00',0.00000000,0,0.00000000,0.00000000,0.00000000,0,1,1,0,1,0,'0000-00-00 00:00:00','0000-00-00 00:00:00'),(946,'116726','116726','','','','','','Санкт-Петербург',100500,7,'catalog/images/image_koirat_21_38_item_5.jpg',80,1,3.9000,0,0,'0000-00-00',0.00000000,0,0.00000000,0.00000000,0.00000000,0,1,1,0,1,0,'0000-00-00 00:00:00','0000-00-00 00:00:00'),(947,'104027','104027','','','','','','Санкт-Петербург',100500,7,'catalog/images/image_koirat_21_120_item_16.jpg',77,1,89.0000,0,0,'0000-00-00',0.00000000,0,0.00000000,0.00000000,0.00000000,0,1,1,0,1,0,'0000-00-00 00:00:00','0000-00-00 00:00:00'),(948,'026522','026522','','','','','','Санкт-Петербург',100500,7,'catalog/images/image_kissat_21_1_item_6.jpg',80,1,1.5900,0,0,'0000-00-00',0.00000000,0,0.00000000,0.00000000,0.00000000,0,1,1,0,1,0,'0000-00-00 00:00:00','0000-00-00 00:00:00'),(949,'C83549','033668','','','','','','Санкт-Петербург',100500,7,'catalog/images/image_koirat_21_113_item_10.jpg',26,1,8.9000,0,0,'0000-00-00',0.00000000,0,0.00000000,0.00000000,0.00000000,0,1,1,0,1,0,'0000-00-00 00:00:00','0000-00-00 00:00:00'),(950,'C152581','105969','','','','','','Санкт-Петербург',100500,7,'catalog/images/image_kissat_21_7_item_15.jpg',47,1,19.9000,0,0,'0000-00-00',0.00000000,0,0.00000000,0.00000000,0.00000000,0,1,1,0,1,0,'0000-00-00 00:00:00','0000-00-00 00:00:00'),(951,'030726','030726','','','','','','Санкт-Петербург',100500,7,'catalog/images/image_koirat_21_12_item_0.jpg',0,1,5.9900,0,0,'0000-00-00',0.00000000,0,0.00000000,0.00000000,0.00000000,0,1,1,0,1,0,'0000-00-00 00:00:00','0000-00-00 00:00:00'),(952,'117604','117604','','','','','','Санкт-Петербург',100500,7,'catalog/images/image_lemmikinomistajille_21_12_item_11.jpg',0,1,15.9500,0,0,'0000-00-00',0.00000000,0,0.00000000,0.00000000,0.00000000,0,1,1,0,1,0,'0000-00-00 00:00:00','0000-00-00 00:00:00'),(953,'109628','109628','','','','','','Санкт-Петербург',100500,7,'catalog/images/image_koirat_21_34_item_10.jpg',0,1,5.9900,0,0,'0000-00-00',0.00000000,0,0.00000000,0.00000000,0.00000000,0,1,1,0,1,0,'0000-00-00 00:00:00','0000-00-00 00:00:00'),(954,'102199','102199','','','','','','Санкт-Петербург',100500,7,'catalog/images/image_kissat_21_5_item_17.jpg',78,1,29.9000,0,0,'0000-00-00',0.00000000,0,0.00000000,0.00000000,0.00000000,0,1,1,0,1,0,'0000-00-00 00:00:00','0000-00-00 00:00:00'),(955,'114356','114356','','','','','','Санкт-Петербург',100500,7,'catalog/images/image_kissat_21_26_item_15.jpg',22,1,6.9000,0,0,'0000-00-00',0.00000000,0,0.00000000,0.00000000,0.00000000,0,1,1,0,1,0,'0000-00-00 00:00:00','0000-00-00 00:00:00'),(956,'114016','114016','','','','','','Санкт-Петербург',100500,7,'catalog/images/image_kissat_21_28_item_11.jpg',81,1,8.9000,0,0,'0000-00-00',0.00000000,0,0.00000000,0.00000000,0.00000000,0,1,1,0,1,0,'0000-00-00 00:00:00','0000-00-00 00:00:00'),(957,'103691','103691','','','','','','Санкт-Петербург',100500,7,'catalog/images/image_kissat_21_55_item_10.jpg',90,1,1.3000,0,0,'0000-00-00',0.00000000,0,0.00000000,0.00000000,0.00000000,0,1,1,0,1,0,'0000-00-00 00:00:00','0000-00-00 00:00:00'),(958,'105832','105832','','','','','','Санкт-Петербург',100500,7,'catalog/images/image_koirat_21_31_item_2.jpg',80,1,4.6900,0,0,'0000-00-00',0.00000000,0,0.00000000,0.00000000,0.00000000,0,1,1,0,1,0,'0000-00-00 00:00:00','0000-00-00 00:00:00'),(959,'114417','114417','','','','','','Санкт-Петербург',100500,7,'catalog/images/image_koirat_21_37_item_12.jpg',121,1,12.9900,0,0,'0000-00-00',0.00000000,0,0.00000000,0.00000000,0.00000000,0,1,1,0,1,0,'0000-00-00 00:00:00','0000-00-00 00:00:00'),(960,'006952','006952','','','','','','Санкт-Петербург',100500,7,'catalog/images/image_koirat_21_105_item_1.jpg',82,1,19.9000,0,0,'0000-00-00',0.00000000,0,0.00000000,0.00000000,0.00000000,0,1,1,0,1,0,'0000-00-00 00:00:00','0000-00-00 00:00:00'),(961,'C78751','030339','','','','','','Санкт-Петербург',100500,7,'catalog/images/image_royal-canin_koirat_breed-roturuoat_21_2_item_7.jpg',13,1,19.9000,0,0,'0000-00-00',0.00000000,0,0.00000000,0.00000000,0.00000000,0,1,1,0,1,0,'0000-00-00 00:00:00','0000-00-00 00:00:00'),(962,'108975','108975','','','','','','Санкт-Петербург',100500,7,'catalog/images/image_pienelaimet_21_15_item_0.jpg',38,1,7.9000,0,0,'0000-00-00',0.00000000,0,0.00000000,0.00000000,0.00000000,0,1,1,0,1,0,'0000-00-00 00:00:00','0000-00-00 00:00:00'),(963,'028957','028957','','','','','','Санкт-Петербург',100500,7,'catalog/images/image_koirat_21_3_item_2.jpg',80,1,4.8930,0,0,'0000-00-00',0.00000000,0,0.00000000,0.00000000,0.00000000,0,1,1,0,1,0,'0000-00-00 00:00:00','0000-00-00 00:00:00'),(964,'113983','113983','','','','','','Санкт-Петербург',100500,7,'catalog/images/image_pennut_21_4_item_13.jpg',29,1,3.5900,0,0,'0000-00-00',0.00000000,0,0.00000000,0.00000000,0.00000000,0,1,1,0,1,0,'0000-00-00 00:00:00','0000-00-00 00:00:00'),(965,'113732','113732','','','','','','Санкт-Петербург',100500,7,'catalog/images/image_koirat_21_129_item_4.jpg',16,1,6.9000,0,0,'0000-00-00',0.00000000,0,0.00000000,0.00000000,0.00000000,0,1,1,0,1,0,'0000-00-00 00:00:00','0000-00-00 00:00:00'),(966,'027350','027350','','','','','','Санкт-Петербург',100500,7,'catalog/images/image_koirat_21_111_item_3.jpg',163,1,55.9000,0,0,'0000-00-00',0.00000000,0,0.00000000,0.00000000,0.00000000,0,1,1,0,1,0,'0000-00-00 00:00:00','0000-00-00 00:00:00'),(967,'C157547','108053','','','','','','Санкт-Петербург',100500,7,'catalog/images/image_koirat_21_68_item_5.jpg',11,1,8.9000,0,0,'0000-00-00',0.00000000,0,0.00000000,0.00000000,0.00000000,0,1,1,0,1,0,'0000-00-00 00:00:00','0000-00-00 00:00:00'),(968,'C162771','109133','','','','','','Санкт-Петербург',100500,7,'catalog/images/image_pennut_21_6_item_16.jpg',152,1,29.0000,0,0,'0000-00-00',0.00000000,0,0.00000000,0.00000000,0.00000000,0,1,1,0,1,0,'0000-00-00 00:00:00','0000-00-00 00:00:00'),(969,'C155151','106781','','','','','','Санкт-Петербург',100500,7,'catalog/images/image_koirat_21_24_item_4.jpg',47,1,19.9000,0,0,'0000-00-00',0.00000000,0,0.00000000,0.00000000,0.00000000,0,1,1,0,1,0,'0000-00-00 00:00:00','0000-00-00 00:00:00'),(970,'106817','106817','','','','','','Санкт-Петербург',100500,7,'catalog/images/image_koirat_21_64_item_13.jpg',41,1,21.9000,0,0,'0000-00-00',0.00000000,0,0.00000000,0.00000000,0.00000000,0,1,1,0,1,0,'0000-00-00 00:00:00','0000-00-00 00:00:00'),(971,'029262','029262','','','','','','Санкт-Петербург',100500,7,'catalog/images/image_koirat_21_9_item_12.jpg',80,1,3.7900,0,0,'0000-00-00',0.00000000,0,0.00000000,0.00000000,0.00000000,0,1,1,0,1,0,'0000-00-00 00:00:00','0000-00-00 00:00:00'),(972,'029934','029934','','','','','','Санкт-Петербург',100500,7,'catalog/images/image_koirat_21_103_item_10.jpg',13,1,29.9000,0,0,'0000-00-00',0.00000000,0,0.00000000,0.00000000,0.00000000,0,1,1,0,1,0,'0000-00-00 00:00:00','0000-00-00 00:00:00'),(973,'028886','028886','','','','','','Санкт-Петербург',100500,7,'catalog/images/image_koirat_21_47_item_11.jpg',134,1,9.9000,0,0,'0000-00-00',0.00000000,0,0.00000000,0.00000000,0.00000000,0,1,1,0,1,0,'0000-00-00 00:00:00','0000-00-00 00:00:00'),(974,'108996','108996','','','','','','Санкт-Петербург',100500,7,'catalog/images/image_pienelaimet_21_16_item_12.jpg',38,1,3.5000,0,0,'0000-00-00',0.00000000,0,0.00000000,0.00000000,0.00000000,0,1,1,0,1,0,'0000-00-00 00:00:00','0000-00-00 00:00:00'),(975,'022064','022064','','','','','','Санкт-Петербург',100500,7,'catalog/images/image_royal-canin_kissat_sailykkeet_21_1_item_7.jpg',13,1,17.9000,0,0,'0000-00-00',0.00000000,0,0.00000000,0.00000000,0.00000000,0,1,1,0,1,0,'0000-00-00 00:00:00','0000-00-00 00:00:00'),(976,'C150261','104700','','','','','','Санкт-Петербург',100500,7,'catalog/images/image_koirat_21_147_item_2.jpg',0,1,19.9000,0,0,'0000-00-00',0.00000000,0,0.00000000,0.00000000,0.00000000,0,1,1,0,1,0,'0000-00-00 00:00:00','0000-00-00 00:00:00'),(977,'028443','028443','','','','','','Санкт-Петербург',100500,7,'catalog/images/image_koirat_21_99_item_9.jpg',164,1,0.6900,0,0,'0000-00-00',0.00000000,0,0.00000000,0.00000000,0.00000000,0,1,1,0,1,0,'0000-00-00 00:00:00','0000-00-00 00:00:00'),(978,'029096','029096','','','','','','Санкт-Петербург',100500,7,'catalog/images/image_kissat_21_16_item_5.jpg',45,1,1.3900,0,0,'0000-00-00',0.00000000,0,0.00000000,0.00000000,0.00000000,0,1,1,0,1,0,'0000-00-00 00:00:00','0000-00-00 00:00:00'),(979,'117585','117585','','','','','','Санкт-Петербург',100500,7,'catalog/images/image_lemmikinomistajille_21_11_item_13.jpg',0,1,17.9500,0,0,'0000-00-00',0.00000000,0,0.00000000,0.00000000,0.00000000,0,1,1,0,1,0,'0000-00-00 00:00:00','0000-00-00 00:00:00'),(980,'C157788','108217','','','','','','Санкт-Петербург',100500,7,'catalog/images/image_koirat_21_125_item_18.jpg',17,1,59.9000,0,0,'0000-00-00',0.00000000,0,0.00000000,0.00000000,0.00000000,0,1,1,0,1,0,'0000-00-00 00:00:00','0000-00-00 00:00:00'),(981,'C71611','026606','','','','','','Санкт-Петербург',100500,7,'catalog/images/image_koirat_21_142_item_6.jpg',13,1,8.9000,0,0,'0000-00-00',0.00000000,0,0.00000000,0.00000000,0.00000000,0,1,1,0,1,0,'0000-00-00 00:00:00','0000-00-00 00:00:00'),(982,'C136267','103226','','','','','','Санкт-Петербург',100500,7,'catalog/images/image_koirat_21_83_item_15.jpg',0,1,13.9000,0,0,'0000-00-00',0.00000000,0,0.00000000,0.00000000,0.00000000,0,1,1,0,1,0,'0000-00-00 00:00:00','0000-00-00 00:00:00'),(983,'103969','103969','','','','','','Санкт-Петербург',100500,7,'catalog/images/image_kissat_21_21_item_2.jpg',0,1,3.9000,0,0,'0000-00-00',0.00000000,0,0.00000000,0.00000000,0.00000000,0,1,1,0,1,0,'0000-00-00 00:00:00','0000-00-00 00:00:00'),(984,'109211','109211','','','','','','Санкт-Петербург',100500,7,'catalog/images/image_kissat_21_60_item_2.jpg',61,1,12.9000,0,0,'0000-00-00',0.00000000,0,0.00000000,0.00000000,0.00000000,0,1,1,0,1,0,'0000-00-00 00:00:00','0000-00-00 00:00:00'),(985,'C82804','033111','','','','','','Санкт-Петербург',100500,7,'catalog/images/image_kissat_21_36_item_4.jpg',130,1,12.9000,0,0,'0000-00-00',0.00000000,0,0.00000000,0.00000000,0.00000000,0,1,1,0,1,0,'0000-00-00 00:00:00','0000-00-00 00:00:00'),(986,'026341','026341','','','','','','Санкт-Петербург',100500,7,'catalog/images/image_pienelaimet_21_4_item_3.jpg',16,1,5.9000,0,0,'0000-00-00',0.00000000,0,0.00000000,0.00000000,0.00000000,0,1,1,0,1,0,'0000-00-00 00:00:00','0000-00-00 00:00:00'),(987,'033678','033678','','','','','','Санкт-Петербург',100500,7,'catalog/images/image_royal-canin_kissat_sailykkeet_21_2_item_9.jpg',13,1,1.5900,0,0,'0000-00-00',0.00000000,0,0.00000000,0.00000000,0.00000000,0,1,1,0,1,0,'0000-00-00 00:00:00','0000-00-00 00:00:00'),(988,'101152','101152','','','','','','Санкт-Петербург',100500,7,'catalog/images/image_pennut_21_2_item_4.jpg',0,1,9.9000,0,0,'0000-00-00',0.00000000,0,0.00000000,0.00000000,0.00000000,0,1,1,0,1,0,'0000-00-00 00:00:00','0000-00-00 00:00:00'),(989,'108676','108676','','','','','','Санкт-Петербург',100500,7,'catalog/images/image_pienelaimet_21_10_item_18.jpg',30,1,7.9000,0,0,'0000-00-00',0.00000000,0,0.00000000,0.00000000,0.00000000,0,1,1,0,1,0,'0000-00-00 00:00:00','0000-00-00 00:00:00'),(990,'C171744','114083','','','','','','Санкт-Петербург',100500,7,'catalog/images/image_koirat_21_87_item_20.jpg',81,1,9.9900,0,0,'0000-00-00',0.00000000,0,0.00000000,0.00000000,0.00000000,0,1,1,0,1,0,'0000-00-00 00:00:00','0000-00-00 00:00:00'),(991,'117617','117617','','','','','','Санкт-Петербург',100500,7,'catalog/images/image_lemmikinomistajille_21_13_item_3.jpg',0,1,15.9500,0,0,'0000-00-00',0.00000000,0,0.00000000,0.00000000,0.00000000,0,1,1,0,1,0,'0000-00-00 00:00:00','0000-00-00 00:00:00'),(992,'019939','019939','','','','','','Санкт-Петербург',100500,7,'catalog/images/image_pienelaimet_21_3_item_8.jpg',16,1,2.9900,0,0,'0000-00-00',0.00000000,0,0.00000000,0.00000000,0.00000000,0,1,1,0,1,0,'0000-00-00 00:00:00','0000-00-00 00:00:00'),(993,'020383','020383','','','','','','Санкт-Петербург',100500,7,'catalog/images/image_pienelaimet_21_3_item_10.jpg',16,1,4.9000,0,0,'0000-00-00',0.00000000,0,0.00000000,0.00000000,0.00000000,0,1,1,0,1,0,'0000-00-00 00:00:00','0000-00-00 00:00:00'),(994,'028759','028759','','','','','','Санкт-Петербург',100500,7,'catalog/images/image_koirat_21_125_item_15.jpg',98,1,12.9000,0,0,'0000-00-00',0.00000000,0,0.00000000,0.00000000,0.00000000,0,1,1,0,1,0,'0000-00-00 00:00:00','0000-00-00 00:00:00'),(995,'034065','034065','','','','','','Санкт-Петербург',100500,7,'catalog/images/image_kissat_21_9_item_6.jpg',0,1,29.9000,0,0,'0000-00-00',0.00000000,0,0.00000000,0.00000000,0.00000000,0,1,1,0,1,0,'0000-00-00 00:00:00','0000-00-00 00:00:00'),(996,'113410','113410','','','','','','Санкт-Петербург',100500,7,'catalog/images/image_koirat_21_75_item_14.jpg',119,1,9.9000,0,0,'0000-00-00',0.00000000,0,0.00000000,0.00000000,0.00000000,0,1,1,0,1,0,'0000-00-00 00:00:00','0000-00-00 00:00:00'),(997,'031269','031269','','','','','','Санкт-Петербург',100500,7,'catalog/images/image_kissat_21_17_item_6.jpg',23,1,1.3900,0,0,'0000-00-00',0.00000000,0,0.00000000,0.00000000,0.00000000,0,1,1,0,1,0,'0000-00-00 00:00:00','0000-00-00 00:00:00'),(998,'108120','108120','','','','','','Санкт-Петербург',100500,7,'catalog/images/image_koirat_21_65_item_8.jpg',0,1,2.2900,0,0,'0000-00-00',0.00000000,0,0.00000000,0.00000000,0.00000000,0,1,1,0,1,0,'0000-00-00 00:00:00','0000-00-00 00:00:00'),(999,'113179','113179','','','','','','Санкт-Петербург',100500,7,'catalog/images/image_kissat_21_50_item_17.jpg',16,1,14.9000,0,0,'0000-00-00',0.00000000,0,0.00000000,0.00000000,0.00000000,0,1,1,0,1,0,'0000-00-00 00:00:00','0000-00-00 00:00:00'),(1000,'100551','100551','','','','','','Санкт-Петербург',100500,7,'catalog/images/image_koirat_21_104_item_14.jpg',108,1,6.9000,0,0,'0000-00-00',0.00000000,0,0.00000000,0.00000000,0.00000000,0,1,1,0,1,0,'0000-00-00 00:00:00','0000-00-00 00:00:00'),(1001,'108724','108724','','','','','','Санкт-Петербург',100500,7,'catalog/images/image_pienelaimet_21_11_item_18.jpg',30,1,9.9000,0,0,'0000-00-00',0.00000000,0,0.00000000,0.00000000,0.00000000,0,1,1,0,1,0,'0000-00-00 00:00:00','0000-00-00 00:00:00'),(1002,'C75180','026827','','','','','','Санкт-Петербург',100500,7,'catalog/images/image_koirat_21_46_item_7.jpg',165,1,42.9000,0,0,'0000-00-00',0.00000000,0,0.00000000,0.00000000,0.00000000,0,1,1,0,1,0,'0000-00-00 00:00:00','0000-00-00 00:00:00'),(1003,'018782','018782','','','','','','Санкт-Петербург',100500,7,'catalog/images/image_koirat_21_95_item_17.jpg',76,1,23.9000,0,0,'0000-00-00',0.00000000,1,0.00000000,0.00000000,0.00000000,1,1,1,0,1,1,'0000-00-00 00:00:00','2017-12-22 21:27:07'),(1004,'028541','028541','','','','','','Санкт-Петербург',100500,7,'catalog/images/image_lemmikinomistajille_21_5_item_9.jpg',0,1,3.9500,0,0,'0000-00-00',0.00000000,0,0.00000000,0.00000000,0.00000000,0,1,1,0,1,0,'0000-00-00 00:00:00','0000-00-00 00:00:00'),(1005,'028756','028756','','','','','','Санкт-Петербург',100500,7,'catalog/images/image_koirat_21_99_item_11.jpg',98,1,12.9000,0,0,'0000-00-00',0.00000000,0,0.00000000,0.00000000,0.00000000,0,1,1,0,1,0,'0000-00-00 00:00:00','0000-00-00 00:00:00'),(1006,'051023','051023','','','','','','Санкт-Петербург',100500,7,'catalog/images/image_koirat_21_115_item_16.jpg',37,1,14.9500,0,0,'0000-00-00',0.00000000,0,0.00000000,0.00000000,0.00000000,0,1,1,0,1,0,'0000-00-00 00:00:00','0000-00-00 00:00:00'),(1007,'C161832','108873','','','','','','Санкт-Петербург',100500,7,'catalog/images/image_koirat_21_67_item_7.jpg',23,1,3.9900,0,0,'0000-00-00',0.00000000,0,0.00000000,0.00000000,0.00000000,0,1,1,0,1,0,'0000-00-00 00:00:00','0000-00-00 00:00:00'),(1008,'107912','107912','','','','','','Санкт-Петербург',100500,7,'catalog/images/image_kissat_21_22_item_19.jpg',166,1,15.9000,0,0,'0000-00-00',0.00000000,0,0.00000000,0.00000000,0.00000000,0,1,1,0,1,0,'0000-00-00 00:00:00','0000-00-00 00:00:00'),(1009,'C158953','108581','','','','','','Санкт-Петербург',100500,7,'catalog/images/image_kissat_21_23_item_4.jpg',99,1,2.4900,0,0,'0000-00-00',0.00000000,0,0.00000000,0.00000000,0.00000000,0,1,1,0,1,0,'0000-00-00 00:00:00','0000-00-00 00:00:00'),(1010,'C153707','106532','','','','','','Санкт-Петербург',100500,7,'catalog/images/image_koirat_21_24_item_13.jpg',50,1,2.9900,0,0,'0000-00-00',0.00000000,0,0.00000000,0.00000000,0.00000000,0,1,1,0,1,0,'0000-00-00 00:00:00','0000-00-00 00:00:00'),(1011,'027619','027619','','','','','','Санкт-Петербург',100500,7,'catalog/images/image_kissat_21_1_item_9.jpg',0,1,9.9000,0,0,'0000-00-00',0.00000000,0,0.00000000,0.00000000,0.00000000,0,1,1,0,1,0,'0000-00-00 00:00:00','0000-00-00 00:00:00'),(1012,'023600','023600','','','','','','Санкт-Петербург',100500,7,'catalog/images/image_kissat_21_34_item_15.jpg',53,1,49.9000,0,0,'0000-00-00',0.00000000,0,0.00000000,0.00000000,0.00000000,0,1,1,0,1,0,'0000-00-00 00:00:00','0000-00-00 00:00:00'),(1013,'002241','002241','','','','','','Санкт-Петербург',100500,7,'catalog/images/image_koirat_21_89_item_15.jpg',120,1,11.9000,0,0,'0000-00-00',0.00000000,0,0.00000000,0.00000000,0.00000000,0,1,1,0,1,0,'0000-00-00 00:00:00','0000-00-00 00:00:00'),(1014,'C80315','031606','','','','','','Санкт-Петербург',100500,7,'catalog/images/image_koirat_21_49_item_3.jpg',46,1,0.5900,0,0,'0000-00-00',0.00000000,0,0.00000000,0.00000000,0.00000000,0,1,1,0,1,0,'0000-00-00 00:00:00','0000-00-00 00:00:00'),(1015,'C161649','108788','','','','','','Санкт-Петербург',100500,7,'catalog/images/image_koirat_21_75_item_6.jpg',105,1,49.9000,0,0,'0000-00-00',0.00000000,0,0.00000000,0.00000000,0.00000000,0,1,1,0,1,0,'0000-00-00 00:00:00','0000-00-00 00:00:00'),(1016,'116576','116576','','','','','','Санкт-Петербург',100500,7,'catalog/images/image_pennut_21_7_item_4.jpg',155,1,12.9000,0,0,'0000-00-00',0.00000000,0,0.00000000,0.00000000,0.00000000,0,1,1,0,1,0,'0000-00-00 00:00:00','0000-00-00 00:00:00'),(1017,'C68196','001452','','','','','','Санкт-Петербург',100500,7,'catalog/images/image_koirat_21_141_item_2.jpg',13,1,52.9000,0,0,'0000-00-00',0.00000000,0,0.00000000,0.00000000,0.00000000,0,1,1,0,1,0,'0000-00-00 00:00:00','0000-00-00 00:00:00'),(1018,'108639','108639','','','','','','Санкт-Петербург',100500,7,'catalog/images/image_koirat_21_71_item_3.jpg',75,1,16.9000,0,0,'0000-00-00',0.00000000,0,0.00000000,0.00000000,0.00000000,0,1,1,0,1,0,'0000-00-00 00:00:00','0000-00-00 00:00:00'),(1019,'C161724','108845','','','','','','Санкт-Петербург',100500,7,'catalog/images/image_tarjoukset_21_6_item_13.jpg',105,1,15.9000,0,0,'0000-00-00',0.00000000,0,0.00000000,0.00000000,0.00000000,0,1,1,0,1,0,'0000-00-00 00:00:00','0000-00-00 00:00:00'),(1020,'113168','113168','','','','','','Санкт-Петербург',100500,7,'catalog/images/image_kissat_21_49_item_5.jpg',16,1,4.9000,0,0,'0000-00-00',0.00000000,0,0.00000000,0.00000000,0.00000000,0,1,1,0,1,0,'0000-00-00 00:00:00','0000-00-00 00:00:00'),(1021,'C132173','101033','','','','','','Санкт-Петербург',100500,7,'catalog/images/image_kissat_21_5_item_8.jpg',86,1,5.9000,0,0,'0000-00-00',0.00000000,0,0.00000000,0.00000000,0.00000000,0,1,1,0,1,0,'0000-00-00 00:00:00','0000-00-00 00:00:00'),(1022,'C111957','021863','','','','','','Санкт-Петербург',100500,7,'catalog/images/image_koirat_21_89_item_14.jpg',0,1,19.9000,0,0,'0000-00-00',0.00000000,0,0.00000000,0.00000000,0.00000000,0,1,1,0,1,0,'0000-00-00 00:00:00','0000-00-00 00:00:00'),(1023,'C68541','002374','','','','','','Санкт-Петербург',100500,7,'catalog/images/image_pienelaimet_21_2_item_16.jpg',53,1,69.9000,0,0,'0000-00-00',0.00000000,0,0.00000000,0.00000000,0.00000000,0,1,1,0,1,0,'0000-00-00 00:00:00','0000-00-00 00:00:00'),(1024,'C155447','106909','','','','','','Санкт-Петербург',100500,7,'catalog/images/image_koirat_21_122_item_13.jpg',168,1,39.9000,0,0,'0000-00-00',0.00000000,0,0.00000000,0.00000000,0.00000000,0,1,1,0,1,0,'0000-00-00 00:00:00','0000-00-00 00:00:00'),(1025,'031602','031602','','','','','','Санкт-Петербург',100500,7,'catalog/no_product_image.jpg',46,1,1.7900,0,0,'0000-00-00',0.00000000,0,0.00000000,0.00000000,0.00000000,0,1,1,0,1,0,'0000-00-00 00:00:00','0000-00-00 00:00:00'),(1026,'C82363','032878','','','','','','Санкт-Петербург',100500,7,'catalog/images/image_koirat_21_6_item_8.jpg',21,1,22.9000,0,0,'0000-00-00',0.00000000,0,0.00000000,0.00000000,0.00000000,0,1,1,0,1,0,'0000-00-00 00:00:00','0000-00-00 00:00:00'),(1027,'028565','028565','','','','','','Санкт-Петербург',100500,7,'catalog/images/image_lemmikinomistajille_21_6_item_10.jpg',0,1,3.9500,0,0,'0000-00-00',0.00000000,0,0.00000000,0.00000000,0.00000000,0,1,1,0,1,0,'0000-00-00 00:00:00','0000-00-00 00:00:00'),(1028,'C171494','113969','','','','','','Санкт-Петербург',100500,7,'catalog/images/image_pienelaimet_21_14_item_2.jpg',16,1,1.5900,0,0,'0000-00-00',0.00000000,0,0.00000000,0.00000000,0.00000000,0,1,1,0,1,0,'0000-00-00 00:00:00','0000-00-00 00:00:00'),(1029,'107624','107624','','','','','','Санкт-Петербург',100500,7,'catalog/images/image_koirat_21_59_item_11.jpg',58,1,24.9000,0,0,'0000-00-00',0.00000000,0,0.00000000,0.00000000,0.00000000,0,1,1,0,1,0,'0000-00-00 00:00:00','0000-00-00 00:00:00'),(1030,'033966','033966','','','','','','Санкт-Петербург',100500,7,'catalog/images/image_koirat_21_114_item_11.jpg',88,1,45.9000,0,0,'0000-00-00',0.00000000,0,0.00000000,0.00000000,0.00000000,0,1,1,0,1,0,'0000-00-00 00:00:00','0000-00-00 00:00:00'),(1031,'C148178','104020','','','','','','Санкт-Петербург',100500,7,'catalog/images/image_koirat_21_120_item_12.jpg',168,1,39.9000,0,0,'0000-00-00',0.00000000,0,0.00000000,0.00000000,0.00000000,0,1,1,0,1,0,'0000-00-00 00:00:00','0000-00-00 00:00:00'),(1032,'108532','108532','','','','','','Санкт-Петербург',100500,7,'catalog/images/image_koirat_21_29_item_18.jpg',42,1,39.9000,0,0,'0000-00-00',0.00000000,0,0.00000000,0.00000000,0.00000000,0,1,1,0,1,0,'0000-00-00 00:00:00','0000-00-00 00:00:00'),(1033,'114446','114446','','','','','','Санкт-Петербург',100500,7,'catalog/images/image_koirat_21_37_item_18.jpg',121,1,5.9900,0,0,'0000-00-00',0.00000000,0,0.00000000,0.00000000,0.00000000,0,1,1,0,1,0,'0000-00-00 00:00:00','0000-00-00 00:00:00'),(1034,'C81592','032439','','','','','','Санкт-Петербург',100500,7,'catalog/images/image_koirat_21_6_item_1.jpg',69,1,19.9000,0,0,'0000-00-00',0.00000000,0,0.00000000,0.00000000,0.00000000,0,1,1,0,1,0,'0000-00-00 00:00:00','0000-00-00 00:00:00'),(1035,'013347','013347','','','','','','Санкт-Петербург',100500,7,'catalog/images/image_koirat_21_94_item_0.jpg',164,1,1.2900,0,0,'0000-00-00',0.00000000,0,0.00000000,0.00000000,0.00000000,0,1,1,0,1,0,'0000-00-00 00:00:00','0000-00-00 00:00:00'),(1036,'107752','107752','','','','','','Санкт-Петербург',100500,7,'catalog/images/image_koirat_21_63_item_4.jpg',58,1,3.9000,0,0,'0000-00-00',0.00000000,0,0.00000000,0.00000000,0.00000000,0,1,1,0,1,0,'0000-00-00 00:00:00','0000-00-00 00:00:00'),(1037,'100832','100832','','','','','','Санкт-Петербург',100500,7,'catalog/images/image_pennut_21_1_item_8.jpg',29,1,2.1000,0,0,'0000-00-00',0.00000000,0,0.00000000,0.00000000,0.00000000,0,1,1,0,1,0,'0000-00-00 00:00:00','0000-00-00 00:00:00'),(1038,'C67973','001114','','','','','','Санкт-Петербург',100500,7,'catalog/images/image_kissat_21_40_item_2.jpg',0,1,29.9000,0,0,'0000-00-00',0.00000000,0,0.00000000,0.00000000,0.00000000,0,1,1,0,1,0,'0000-00-00 00:00:00','0000-00-00 00:00:00'),(1039,'026527','026527','','','','','','Санкт-Петербург',100500,7,'catalog/images/image_koirat_21_10_item_10.jpg',80,1,2.4900,0,0,'0000-00-00',0.00000000,0,0.00000000,0.00000000,0.00000000,0,1,1,0,1,0,'0000-00-00 00:00:00','0000-00-00 00:00:00'),(1040,'113998','113998','','','','','','Санкт-Петербург',100500,7,'catalog/images/image_koirat_21_80_item_12.jpg',81,1,14.9900,0,0,'0000-00-00',0.00000000,0,0.00000000,0.00000000,0.00000000,0,1,1,0,1,0,'0000-00-00 00:00:00','0000-00-00 00:00:00'),(1041,'028547','028547','','','','','','Санкт-Петербург',100500,7,'catalog/images/image_lemmikinomistajille_21_5_item_15.jpg',0,1,3.9500,0,0,'0000-00-00',0.00000000,0,0.00000000,0.00000000,0.00000000,0,1,1,0,1,0,'0000-00-00 00:00:00','0000-00-00 00:00:00'),(1042,'028293','028293','','','','','','Санкт-Петербург',100500,7,'catalog/images/image_lemmikinomistajille_21_1_item_17.jpg',0,1,3.9500,0,0,'0000-00-00',0.00000000,0,0.00000000,0.00000000,0.00000000,0,1,1,0,1,0,'0000-00-00 00:00:00','0000-00-00 00:00:00'),(1043,'C68401','116570','','','','','','Санкт-Петербург',100500,7,'catalog/images/image_koirat_21_126_item_20.jpg',84,1,11.9000,0,0,'0000-00-00',0.00000000,0,0.00000000,0.00000000,0.00000000,0,1,1,0,1,0,'0000-00-00 00:00:00','0000-00-00 00:00:00'),(1044,'019804','019804','','','','','','Санкт-Петербург',100500,7,'catalog/images/image_kissat_21_38_item_6.jpg',130,1,1.3500,0,0,'0000-00-00',0.00000000,0,0.00000000,0.00000000,0.00000000,0,1,1,0,1,0,'0000-00-00 00:00:00','0000-00-00 00:00:00'),(1045,'025898','025898','','','','','','Санкт-Петербург',100500,7,'catalog/images/image_koirat_21_98_item_10.jpg',16,1,6.9000,0,0,'0000-00-00',0.00000000,0,0.00000000,0.00000000,0.00000000,0,1,1,0,1,0,'0000-00-00 00:00:00','0000-00-00 00:00:00'),(1046,'C78611','030226','','','','','','Санкт-Петербург',100500,7,'catalog/images/image_koirat_21_3_item_11.jpg',47,1,16.9000,0,0,'0000-00-00',0.00000000,0,0.00000000,0.00000000,0.00000000,0,1,1,0,1,0,'0000-00-00 00:00:00','0000-00-00 00:00:00'),(1047,'C169409','113017','','','','','','Санкт-Петербург',100500,7,'catalog/images/image_koirat_21_32_item_18.jpg',0,1,6.9000,0,0,'0000-00-00',0.00000000,0,0.00000000,0.00000000,0.00000000,0,1,1,0,1,0,'0000-00-00 00:00:00','0000-00-00 00:00:00'),(1048,'003536','003536','','','','','','Санкт-Петербург',100500,7,'catalog/images/image_koirat_21_91_item_15.jpg',135,1,26.9000,0,0,'0000-00-00',0.00000000,0,0.00000000,0.00000000,0.00000000,0,1,1,0,1,0,'0000-00-00 00:00:00','0000-00-00 00:00:00'),(1049,'117546','117546','','','','','','Санкт-Петербург',100500,7,'catalog/images/image_lemmikinomistajille_21_9_item_16.jpg',0,1,11.9500,0,0,'0000-00-00',0.00000000,0,0.00000000,0.00000000,0.00000000,0,1,1,0,1,0,'0000-00-00 00:00:00','0000-00-00 00:00:00'),(1050,'C158436','108373','','','','','','Санкт-Петербург',100500,7,'catalog/images/image_koirat_21_123_item_0.jpg',44,1,19.9000,0,0,'0000-00-00',0.00000000,0,0.00000000,0.00000000,0.00000000,0,1,1,0,1,0,'0000-00-00 00:00:00','0000-00-00 00:00:00'),(1051,'C109423','034980','','','','','','Санкт-Петербург',100500,7,'catalog/images/image_koirat_21_147_item_11.jpg',17,1,49.9000,0,0,'0000-00-00',0.00000000,0,0.00000000,0.00000000,0.00000000,0,1,1,0,1,0,'0000-00-00 00:00:00','0000-00-00 00:00:00'),(1052,'020035','020035','','','','','','Санкт-Петербург',100500,7,'catalog/images/image_koirat_21_89_item_13.jpg',0,1,19.9000,0,0,'0000-00-00',0.00000000,0,0.00000000,0.00000000,0.00000000,0,1,1,0,1,0,'0000-00-00 00:00:00','0000-00-00 00:00:00'),(1053,'028554','028554','','','','','','Санкт-Петербург',100500,7,'catalog/images/image_lemmikinomistajille_21_6_item_1.jpg',0,1,3.9500,0,0,'0000-00-00',0.00000000,0,0.00000000,0.00000000,0.00000000,0,1,1,0,1,0,'0000-00-00 00:00:00','0000-00-00 00:00:00'),(1054,'C73758','023792','','','','','','Санкт-Петербург',100500,7,'catalog/images/image_koirat_21_143_item_9.jpg',31,1,41.9000,0,0,'0000-00-00',0.00000000,0,0.00000000,0.00000000,0.00000000,0,1,1,0,1,0,'0000-00-00 00:00:00','0000-00-00 00:00:00'),(1055,'C170578','113505','','','','','','Санкт-Петербург',100500,7,'catalog/images/image_koirat_21_126_item_13.jpg',14,1,18.9000,0,0,'0000-00-00',0.00000000,0,0.00000000,0.00000000,0.00000000,0,1,1,0,1,0,'0000-00-00 00:00:00','0000-00-00 00:00:00'),(1056,'108648','108648','','','','','','Санкт-Петербург',100500,7,'catalog/images/image_pennut_21_6_item_8.jpg',75,1,6.9000,0,0,'0000-00-00',0.00000000,0,0.00000000,0.00000000,0.00000000,0,1,1,0,1,0,'0000-00-00 00:00:00','0000-00-00 00:00:00'),(1057,'C78829','030443','','','','','','Санкт-Петербург',100500,7,'catalog/images/image_royal-canin_koirat_breed-roturuoat_21_2_item_8.jpg',13,1,19.9000,0,0,'0000-00-00',0.00000000,0,0.00000000,0.00000000,0.00000000,0,1,1,0,1,0,'0000-00-00 00:00:00','0000-00-00 00:00:00'),(1058,'107680','107680','','','','','','Санкт-Петербург',100500,7,'catalog/images/image_koirat_21_61_item_5.jpg',58,1,29.9000,0,0,'0000-00-00',0.00000000,0,0.00000000,0.00000000,0.00000000,0,1,1,0,1,0,'0000-00-00 00:00:00','0000-00-00 00:00:00'),(1059,'C171795','114121','','','','','','Санкт-Петербург',100500,7,'catalog/images/image_koirat_21_40_item_0.jpg',0,1,8.9000,0,0,'0000-00-00',0.00000000,0,0.00000000,0.00000000,0.00000000,0,1,1,0,1,0,'0000-00-00 00:00:00','0000-00-00 00:00:00'),(1060,'034256','034256','','','','','','Санкт-Петербург',100500,7,'catalog/images/image_kissat_21_4_item_0.jpg',148,1,3.5900,0,0,'0000-00-00',0.00000000,0,0.00000000,0.00000000,0.00000000,0,1,1,0,1,0,'0000-00-00 00:00:00','0000-00-00 00:00:00'),(1061,'109210','109210','','','','','','Санкт-Петербург',100500,7,'catalog/images/image_kissat_21_60_item_1.jpg',61,1,9.9000,0,0,'0000-00-00',0.00000000,0,0.00000000,0.00000000,0.00000000,0,1,1,0,1,0,'0000-00-00 00:00:00','0000-00-00 00:00:00'),(1062,'C132175','101039','','','','','','Санкт-Петербург',100500,7,'catalog/images/image_kissat_21_5_item_10.jpg',86,1,5.9000,0,0,'0000-00-00',0.00000000,0,0.00000000,0.00000000,0.00000000,0,1,1,0,1,0,'0000-00-00 00:00:00','0000-00-00 00:00:00'),(1063,'C68159','001419','','','','','','Санкт-Петербург',100500,7,'catalog/images/image_royal-canin_koirat_mini_21_1_item_1.jpg',13,1,8.9000,0,0,'0000-00-00',0.00000000,0,0.00000000,0.00000000,0.00000000,0,1,1,0,1,0,'0000-00-00 00:00:00','0000-00-00 00:00:00'),(1064,'100542','100542','','','','','','Санкт-Петербург',100500,7,'catalog/images/image_pienelaimet_21_6_item_13.jpg',169,1,24.9000,0,0,'0000-00-00',0.00000000,0,0.00000000,0.00000000,0.00000000,0,1,1,0,1,0,'0000-00-00 00:00:00','0000-00-00 00:00:00'),(1065,'102122','102122','','','','','','Санкт-Петербург',100500,7,'catalog/images/image_koirat_21_53_item_16.jpg',43,1,99.9000,0,0,'0000-00-00',0.00000000,0,0.00000000,0.00000000,0.00000000,0,1,1,0,1,0,'0000-00-00 00:00:00','0000-00-00 00:00:00'),(1066,'031317','031317','','','','','','Санкт-Петербург',100500,7,'catalog/images/image_pienelaimet_21_5_item_10.jpg',16,1,3.9900,0,0,'0000-00-00',0.00000000,0,0.00000000,0.00000000,0.00000000,0,1,1,0,1,0,'0000-00-00 00:00:00','0000-00-00 00:00:00'),(1067,'114311','114311','','','','','','Санкт-Петербург',100500,7,'catalog/images/image_kissat_21_28_item_6.jpg',81,1,6.9000,0,0,'0000-00-00',0.00000000,0,0.00000000,0.00000000,0.00000000,0,1,1,0,1,0,'0000-00-00 00:00:00','0000-00-00 00:00:00'),(1068,'034242','034242','','','','','','Санкт-Петербург',100500,7,'catalog/images/image_koirat_21_7_item_16.jpg',0,1,3.9900,0,0,'0000-00-00',0.00000000,0,0.00000000,0.00000000,0.00000000,0,1,1,0,1,0,'0000-00-00 00:00:00','0000-00-00 00:00:00'),(1069,'C73011','025528','','','','','','Санкт-Петербург',100500,7,'catalog/images/image_koirat_21_142_item_14.jpg',95,1,15.9000,0,0,'0000-00-00',0.00000000,0,0.00000000,0.00000000,0.00000000,0,1,1,0,1,0,'0000-00-00 00:00:00','0000-00-00 00:00:00'),(1070,'C78041','032487','','','','','','Санкт-Петербург',100500,7,'catalog/images/image_kissat_21_11_item_19.jpg',25,1,9.9000,0,0,'0000-00-00',0.00000000,0,0.00000000,0.00000000,0.00000000,0,1,1,0,1,0,'0000-00-00 00:00:00','0000-00-00 00:00:00'),(1071,'C76465','028157','','','','','','Санкт-Петербург',100500,7,'catalog/images/image_koirat_21_111_item_11.jpg',17,1,26.9000,0,0,'0000-00-00',0.00000000,0,0.00000000,0.00000000,0.00000000,0,1,1,0,1,0,'0000-00-00 00:00:00','0000-00-00 00:00:00'),(1072,'C116151','034371','','','','','','Санкт-Петербург',100500,7,'catalog/images/image_royal-canin_kissat_feline-breed-nutrition-roturuoat_21_1_item_9.jpg',13,1,74.9000,0,0,'0000-00-00',0.00000000,0,0.00000000,0.00000000,0.00000000,0,1,1,0,1,0,'0000-00-00 00:00:00','0000-00-00 00:00:00'),(1073,'C77209','028639','','','','','','Санкт-Петербург',100500,7,'catalog/images/image_royal-canin_kissat_feline-health-nutrition-taysravinnot_21_1_item_18.jpg',13,1,7.9900,0,0,'0000-00-00',0.00000000,0,0.00000000,0.00000000,0.00000000,0,1,1,0,1,0,'0000-00-00 00:00:00','0000-00-00 00:00:00'),(1074,'C131131','101849','','','','','','Санкт-Петербург',100500,7,'catalog/images/image_koirat_21_85_item_6.jpg',39,1,19.9000,0,0,'0000-00-00',0.00000000,0,0.00000000,0.00000000,0.00000000,0,1,1,0,1,0,'0000-00-00 00:00:00','0000-00-00 00:00:00'),(1075,'028536','028536','','','','','','Санкт-Петербург',100500,7,'catalog/images/image_lemmikinomistajille_21_5_item_6.jpg',0,1,3.9500,0,0,'0000-00-00',0.00000000,0,0.00000000,0.00000000,0.00000000,0,1,1,0,1,0,'0000-00-00 00:00:00','0000-00-00 00:00:00'),(1076,'C71867','020385','','','','','','Санкт-Петербург',100500,7,'catalog/images/image_pienelaimet_21_3_item_12.jpg',16,1,4.9000,0,0,'0000-00-00',0.00000000,0,0.00000000,0.00000000,0.00000000,0,1,1,0,1,0,'0000-00-00 00:00:00','0000-00-00 00:00:00'),(1077,'109150','109150','','','','','','Санкт-Петербург',100500,7,'catalog/images/image_kissat_21_24_item_9.jpg',102,1,1.9900,0,0,'0000-00-00',0.00000000,0,0.00000000,0.00000000,0.00000000,0,1,1,0,1,0,'0000-00-00 00:00:00','0000-00-00 00:00:00'),(1078,'102934','102934','','','','','','Санкт-Петербург',100500,7,'catalog/images/image_koirat_21_55_item_14.jpg',149,1,11.9900,0,0,'0000-00-00',0.00000000,0,0.00000000,0.00000000,0.00000000,0,1,1,0,1,0,'0000-00-00 00:00:00','0000-00-00 00:00:00'),(1079,'C73545','023616','','','','','','Санкт-Петербург',100500,7,'catalog/images/image_koirat_21_97_item_13.jpg',37,1,11.9000,0,0,'0000-00-00',0.00000000,0,0.00000000,0.00000000,0.00000000,0,1,1,0,1,0,'0000-00-00 00:00:00','0000-00-00 00:00:00'),(1080,'C171491','113967','','','','','','Санкт-Петербург',100500,7,'catalog/images/image_pienelaimet_21_14_item_1.jpg',16,1,1.9900,0,0,'0000-00-00',0.00000000,0,0.00000000,0.00000000,0.00000000,0,1,1,0,1,0,'0000-00-00 00:00:00','0000-00-00 00:00:00'),(1081,'102019','102019','','','','','','Санкт-Петербург',100500,7,'catalog/images/image_koirat_21_51_item_15.jpg',170,1,2.9000,0,0,'0000-00-00',0.00000000,0,0.00000000,0.00000000,0.00000000,0,1,1,0,1,0,'0000-00-00 00:00:00','0000-00-00 00:00:00'),(1082,'C76323','028044','','','','','','Санкт-Петербург',100500,7,'catalog/images/image_koirat_21_111_item_7.jpg',17,1,27.9000,0,0,'0000-00-00',0.00000000,0,0.00000000,0.00000000,0.00000000,0,1,1,0,1,0,'0000-00-00 00:00:00','0000-00-00 00:00:00'),(1083,'C137256','103543','','','','','','Санкт-Петербург',100500,7,'catalog/images/image_koirat_21_19_item_14.jpg',42,1,21.9000,0,0,'0000-00-00',0.00000000,0,0.00000000,0.00000000,0.00000000,0,1,1,0,1,0,'0000-00-00 00:00:00','0000-00-00 00:00:00'),(1084,'024541','024541','','','','','','Санкт-Петербург',100500,7,'catalog/images/image_kissat_21_1_item_3.jpg',140,1,19.9000,0,0,'0000-00-00',0.00000000,0,0.00000000,0.00000000,0.00000000,0,1,1,0,1,0,'0000-00-00 00:00:00','0000-00-00 00:00:00'),(1085,'030168','030168','','','','','','Санкт-Петербург',100500,7,'catalog/images/image_pienelaimet_21_5_item_5.jpg',53,1,2.9500,0,0,'0000-00-00',0.00000000,0,0.00000000,0.00000000,0.00000000,0,1,1,0,1,0,'0000-00-00 00:00:00','0000-00-00 00:00:00'),(1086,'102190','102190','','','','','','Санкт-Петербург',100500,7,'catalog/images/image_koirat_21_19_item_6.jpg',78,1,24.9000,0,0,'0000-00-00',0.00000000,0,0.00000000,0.00000000,0.00000000,0,1,1,0,1,0,'0000-00-00 00:00:00','0000-00-00 00:00:00'),(1087,'C101175','050588','','','','','','Санкт-Петербург',100500,7,'catalog/images/image_koirat_21_116_item_20.jpg',98,1,12.9000,0,0,'0000-00-00',0.00000000,0,0.00000000,0.00000000,0.00000000,0,1,1,0,1,0,'0000-00-00 00:00:00','0000-00-00 00:00:00'),(1088,'034401','034401','','','','','','Санкт-Петербург',100500,7,'catalog/images/image_koirat_21_14_item_13.jpg',50,1,8.9900,0,0,'0000-00-00',0.00000000,0,0.00000000,0.00000000,0.00000000,0,1,1,0,1,0,'0000-00-00 00:00:00','0000-00-00 00:00:00'),(1089,'C146941','103587','','','','','','Санкт-Петербург',100500,7,'catalog/images/image_royal-canin_koirat_maxi_21_1_item_9.jpg',13,1,25.9000,0,0,'0000-00-00',0.00000000,0,0.00000000,0.00000000,0.00000000,0,1,1,0,1,0,'0000-00-00 00:00:00','0000-00-00 00:00:00'),(1090,'104634','104634','','','','','','Санкт-Петербург',100500,7,'catalog/images/image_kissat_21_59_item_9.jpg',87,1,12.9900,0,0,'0000-00-00',0.00000000,0,0.00000000,0.00000000,0.00000000,0,1,1,0,1,0,'0000-00-00 00:00:00','0000-00-00 00:00:00'),(1091,'C146970','103599','','','','','','Санкт-Петербург',100500,7,'catalog/images/image_koirat_21_23_item_12.jpg',42,1,19.9000,0,0,'0000-00-00',0.00000000,0,0.00000000,0.00000000,0.00000000,0,1,1,0,1,0,'0000-00-00 00:00:00','0000-00-00 00:00:00'),(1092,'C154031','106639','','','','','','Санкт-Петербург',100500,7,'catalog/images/image_kissat_21_8_item_17.jpg',0,1,2.9000,0,0,'0000-00-00',0.00000000,0,0.00000000,0.00000000,0.00000000,0,1,1,0,1,0,'0000-00-00 00:00:00','0000-00-00 00:00:00'),(1093,'024599','024599','','','','','','Санкт-Петербург',100500,7,'catalog/images/image_kissat_21_56_item_18.jpg',13,1,1.5900,0,0,'0000-00-00',0.00000000,0,0.00000000,0.00000000,0.00000000,0,1,1,0,1,0,'0000-00-00 00:00:00','0000-00-00 00:00:00'),(1094,'C171009','113752','','','','','','Санкт-Петербург',100500,7,'catalog/images/image_koirat_21_128_item_7.jpg',16,1,9.9000,0,0,'0000-00-00',0.00000000,0,0.00000000,0.00000000,0.00000000,0,1,1,0,1,0,'0000-00-00 00:00:00','0000-00-00 00:00:00'),(1095,'103664','103664','','','','','','Санкт-Петербург',100500,7,'catalog/images/image_kissat_21_20_item_6.jpg',20,1,1.9000,0,0,'0000-00-00',0.00000000,0,0.00000000,0.00000000,0.00000000,0,1,1,0,1,0,'0000-00-00 00:00:00','0000-00-00 00:00:00'),(1096,'032800','032800','','','','','','Санкт-Петербург',100500,7,'catalog/images/image_kissat_21_16_item_15.jpg',72,1,1.3900,0,0,'0000-00-00',0.00000000,0,0.00000000,0.00000000,0.00000000,0,1,1,0,1,0,'0000-00-00 00:00:00','0000-00-00 00:00:00'),(1097,'028543','028543','','','','','','Санкт-Петербург',100500,7,'catalog/images/image_lemmikinomistajille_21_5_item_11.jpg',0,1,3.9500,0,0,'0000-00-00',0.00000000,0,0.00000000,0.00000000,0.00000000,0,1,1,0,1,0,'0000-00-00 00:00:00','0000-00-00 00:00:00'),(1098,'114010','114010','','','','','','Санкт-Петербург',100500,7,'catalog/images/image_koirat_21_81_item_0.jpg',81,1,9.9900,0,0,'0000-00-00',0.00000000,0,0.00000000,0.00000000,0.00000000,0,1,1,0,1,0,'0000-00-00 00:00:00','0000-00-00 00:00:00'),(1099,'107585','107585','','','','','','Санкт-Петербург',100500,7,'catalog/images/image_koirat_21_58_item_2.jpg',116,1,3.4900,0,0,'0000-00-00',0.00000000,0,0.00000000,0.00000000,0.00000000,0,1,1,0,1,0,'0000-00-00 00:00:00','0000-00-00 00:00:00'),(1100,'024513','024513','','','','','','Санкт-Петербург',100500,7,'catalog/images/image_kissat_21_1_item_2.jpg',140,1,19.9000,0,0,'0000-00-00',0.00000000,0,0.00000000,0.00000000,0.00000000,0,1,1,0,1,0,'0000-00-00 00:00:00','0000-00-00 00:00:00'),(1101,'104658','104658','','','','','','Санкт-Петербург',100500,7,'catalog/images/image_koirat_21_22_item_16.jpg',78,1,12.9000,0,0,'0000-00-00',0.00000000,0,0.00000000,0.00000000,0.00000000,0,1,1,0,1,0,'0000-00-00 00:00:00','0000-00-00 00:00:00'),(1102,'102165','102165','','','','','','Санкт-Петербург',100500,7,'catalog/images/image_lemmikinomistajille_21_8_item_15.jpg',0,1,4.9500,0,0,'0000-00-00',0.00000000,0,0.00000000,0.00000000,0.00000000,0,1,1,0,1,0,'0000-00-00 00:00:00','0000-00-00 00:00:00'),(1103,'012772','012772','','','','','','Санкт-Петербург',100500,7,'catalog/images/image_koirat_21_108_item_9.jpg',63,1,95.0000,0,0,'0000-00-00',0.00000000,0,0.00000000,0.00000000,0.00000000,0,1,1,0,1,0,'0000-00-00 00:00:00','0000-00-00 00:00:00'),(1104,'C172391','114378','','','','','','Санкт-Петербург',100500,7,'catalog/images/image_koirat_21_33_item_19.jpg',42,1,12.9000,0,0,'0000-00-00',0.00000000,0,0.00000000,0.00000000,0.00000000,0,1,1,0,1,0,'0000-00-00 00:00:00','0000-00-00 00:00:00'),(1105,'C152771','106021','','','','','','Санкт-Петербург',100500,7,'catalog/images/image_koirat_21_41_item_0.jpg',42,1,26.9000,0,0,'0000-00-00',0.00000000,0,0.00000000,0.00000000,0.00000000,0,1,1,0,1,0,'0000-00-00 00:00:00','0000-00-00 00:00:00'),(1106,'112996','112996','','','','','','Санкт-Петербург',100500,7,'catalog/images/image_kissat_21_53_item_6.jpg',75,1,6.9000,0,0,'0000-00-00',0.00000000,0,0.00000000,0.00000000,0.00000000,0,1,1,0,1,0,'0000-00-00 00:00:00','0000-00-00 00:00:00'),(1107,'107225','107225','','','','','','Санкт-Петербург',100500,7,'catalog/images/image_kissat_21_50_item_3.jpg',16,1,19.9000,0,0,'0000-00-00',0.00000000,0,0.00000000,0.00000000,0.00000000,0,1,1,0,1,0,'0000-00-00 00:00:00','0000-00-00 00:00:00'),(1108,'114065','114065','','','','','','Санкт-Петербург',100500,7,'catalog/images/image_koirat_21_87_item_17.jpg',81,1,12.9900,0,0,'0000-00-00',0.00000000,0,0.00000000,0.00000000,0.00000000,0,1,1,0,1,0,'0000-00-00 00:00:00','0000-00-00 00:00:00'),(1109,'113719','113719','','','','','','Санкт-Петербург',100500,7,'catalog/images/image_koirat_21_36_item_5.jpg',0,1,5.9900,0,0,'0000-00-00',0.00000000,0,0.00000000,0.00000000,0.00000000,0,1,1,0,1,0,'0000-00-00 00:00:00','0000-00-00 00:00:00'),(1110,'114435','114435','','','','','','Санкт-Петербург',100500,7,'catalog/images/image_koirat_21_36_item_16.jpg',121,1,7.9900,0,0,'0000-00-00',0.00000000,0,0.00000000,0.00000000,0.00000000,0,1,1,0,1,0,'0000-00-00 00:00:00','0000-00-00 00:00:00'),(1111,'102174','102174','','','','','','Санкт-Петербург',100500,7,'catalog/images/image_koirat_21_20_item_14.jpg',80,1,6.4900,0,0,'0000-00-00',0.00000000,0,0.00000000,0.00000000,0.00000000,0,1,1,0,1,0,'0000-00-00 00:00:00','0000-00-00 00:00:00'),(1112,'104030','104030','','','','','','Санкт-Петербург',100500,7,'catalog/images/image_koirat_21_120_item_18.jpg',77,1,5.9000,0,0,'0000-00-00',0.00000000,0,0.00000000,0.00000000,0.00000000,0,1,1,0,1,0,'0000-00-00 00:00:00','0000-00-00 00:00:00'),(1113,'C68135','019377','','','','','','Санкт-Петербург',100500,7,'catalog/images/image_koirat_21_140_item_4.jpg',0,1,27.9000,0,0,'0000-00-00',0.00000000,0,0.00000000,0.00000000,0.00000000,0,1,1,0,1,0,'0000-00-00 00:00:00','0000-00-00 00:00:00'),(1114,'116511','116511','','','','','','Санкт-Петербург',100500,7,'catalog/images/image_koirat_21_39_item_20.jpg',0,1,6.9500,0,0,'0000-00-00',0.00000000,0,0.00000000,0.00000000,0.00000000,0,1,1,0,1,0,'0000-00-00 00:00:00','0000-00-00 00:00:00'),(1115,'C170242','113399','','','','','','Санкт-Петербург',100500,7,'catalog/images/image_pennut_21_4_item_2.jpg',42,1,11.9000,0,0,'0000-00-00',0.00000000,0,0.00000000,0.00000000,0.00000000,0,1,1,0,1,0,'0000-00-00 00:00:00','0000-00-00 00:00:00'),(1116,'002574','002574','','','','','','Санкт-Петербург',100500,7,'catalog/images/image_koirat_21_106_item_9.jpg',54,1,29.9000,0,0,'0000-00-00',0.00000000,0,0.00000000,0.00000000,0.00000000,0,1,1,0,1,0,'0000-00-00 00:00:00','0000-00-00 00:00:00'),(1117,'107068','107068','','','','','','Санкт-Петербург',100500,7,'catalog/images/image_koirat_21_131_item_9.jpg',16,1,7.9900,0,0,'0000-00-00',0.00000000,0,0.00000000,0.00000000,0.00000000,0,1,1,0,1,0,'0000-00-00 00:00:00','0000-00-00 00:00:00'),(1118,'100198','100198','','','','','','Санкт-Петербург',100500,7,'catalog/images/image_koirat_21_16_item_17.jpg',0,1,7.9900,0,0,'0000-00-00',0.00000000,0,0.00000000,0.00000000,0.00000000,0,1,1,0,1,0,'0000-00-00 00:00:00','0000-00-00 00:00:00'),(1119,'C179066','117805','','','','','','Санкт-Петербург',100500,7,'catalog/images/image_koirat_21_135_item_18.jpg',16,1,2.9000,0,0,'0000-00-00',0.00000000,0,0.00000000,0.00000000,0.00000000,0,1,1,0,1,0,'0000-00-00 00:00:00','0000-00-00 00:00:00'),(1120,'C71076','018709','','','','','','Санкт-Петербург',100500,7,'catalog/images/image_koirat_21_11_item_8.jpg',0,1,7.9000,0,0,'0000-00-00',0.00000000,0,0.00000000,0.00000000,0.00000000,0,1,1,0,1,0,'0000-00-00 00:00:00','0000-00-00 00:00:00'),(1121,'C170178','113363','','','','','','Санкт-Петербург',100500,7,'catalog/images/image_kissat_21_25_item_0.jpg',0,1,4.5000,0,0,'0000-00-00',0.00000000,0,0.00000000,0.00000000,0.00000000,0,1,1,0,1,0,'0000-00-00 00:00:00','0000-00-00 00:00:00'),(1122,'033978','033978','','','','','','Санкт-Петербург',100500,7,'catalog/images/image_koirat_21_114_item_20.jpg',88,1,5.9000,0,0,'0000-00-00',0.00000000,0,0.00000000,0.00000000,0.00000000,0,1,1,0,1,0,'0000-00-00 00:00:00','0000-00-00 00:00:00'),(1123,'025616','025616','','','','','','Санкт-Петербург',100500,7,'catalog/images/image_koirat_21_1_item_7.jpg',47,1,29.9000,0,0,'0000-00-00',0.00000000,0,0.00000000,0.00000000,0.00000000,0,1,1,0,1,0,'0000-00-00 00:00:00','0000-00-00 00:00:00'),(1124,'101647','101647','','','','','','Санкт-Петербург',100500,7,'catalog/images/image_koirat_21_51_item_13.jpg',99,1,2.9900,0,0,'0000-00-00',0.00000000,0,0.00000000,0.00000000,0.00000000,0,1,1,0,1,0,'0000-00-00 00:00:00','0000-00-00 00:00:00'),(1125,'C152555','105952','','','','','','Санкт-Петербург',100500,7,'catalog/images/image_kissat_21_7_item_1.jpg',47,1,19.9000,0,0,'0000-00-00',0.00000000,0,0.00000000,0.00000000,0.00000000,0,1,1,0,1,0,'0000-00-00 00:00:00','0000-00-00 00:00:00'),(1126,'029685','029685','','','','','','Санкт-Петербург',100500,7,'catalog/images/image_koirat_21_99_item_15.jpg',16,1,2.9900,0,0,'0000-00-00',0.00000000,0,0.00000000,0.00000000,0.00000000,0,1,1,0,1,0,'0000-00-00 00:00:00','0000-00-00 00:00:00'),(1127,'C74892','026517','','','','','','Санкт-Петербург',100500,7,'catalog/images/image_kissat_21_2_item_9.jpg',80,1,1.5900,0,0,'0000-00-00',0.00000000,0,0.00000000,0.00000000,0.00000000,0,1,1,0,1,0,'0000-00-00 00:00:00','0000-00-00 00:00:00'),(1128,'105369','105369','','','','','','Санкт-Петербург',100500,7,'catalog/images/image_kissat_21_47_item_13.jpg',16,1,1.9900,0,0,'0000-00-00',0.00000000,0,0.00000000,0.00000000,0.00000000,0,1,1,0,1,0,'0000-00-00 00:00:00','0000-00-00 00:00:00'),(1129,'109800','109800','','','','','','Санкт-Петербург',100500,7,'catalog/images/image_kissat_21_48_item_9.jpg',94,1,19.9000,0,0,'0000-00-00',0.00000000,0,0.00000000,0.00000000,0.00000000,0,1,1,0,1,0,'0000-00-00 00:00:00','0000-00-00 00:00:00'),(1130,'113152','113152','','','','','','Санкт-Петербург',100500,7,'catalog/images/image_kissat_21_25_item_2.jpg',94,1,9.9000,0,0,'0000-00-00',0.00000000,0,0.00000000,0.00000000,0.00000000,0,1,1,0,1,0,'0000-00-00 00:00:00','0000-00-00 00:00:00'),(1131,'101393','101393','','','','','','Санкт-Петербург',100500,7,'catalog/images/image_koirat_21_57_item_15.jpg',45,1,6.4900,0,0,'0000-00-00',0.00000000,0,0.00000000,0.00000000,0.00000000,0,1,1,0,1,0,'0000-00-00 00:00:00','0000-00-00 00:00:00'),(1132,'033985','033985','','','','','','Санкт-Петербург',100500,7,'catalog/images/image_koirat_21_115_item_5.jpg',88,1,5.9000,0,0,'0000-00-00',0.00000000,0,0.00000000,0.00000000,0.00000000,0,1,1,0,1,0,'0000-00-00 00:00:00','0000-00-00 00:00:00'),(1133,'C123345','034857','','','','','','Санкт-Петербург',100500,7,'catalog/images/image_tarjoukset_21_4_item_4.jpg',36,1,19.9000,0,0,'0000-00-00',0.00000000,0,0.00000000,0.00000000,0.00000000,0,1,1,0,1,0,'0000-00-00 00:00:00','0000-00-00 00:00:00'),(1134,'101381','101381','','','','','','Санкт-Петербург',100500,7,'catalog/images/image_pienelaimet_21_8_item_5.jpg',16,1,15.9000,0,0,'0000-00-00',0.00000000,0,0.00000000,0.00000000,0.00000000,0,1,1,0,1,0,'0000-00-00 00:00:00','0000-00-00 00:00:00'),(1135,'102175','102175','','','','','','Санкт-Петербург',100500,7,'catalog/images/image_kissat_21_6_item_13.jpg',80,1,5.9900,0,0,'0000-00-00',0.00000000,0,0.00000000,0.00000000,0.00000000,0,1,1,0,1,0,'0000-00-00 00:00:00','0000-00-00 00:00:00'),(1136,'117599','117599','','','','','','Санкт-Петербург',100500,7,'catalog/images/image_lemmikinomistajille_21_12_item_6.jpg',0,1,15.9500,0,0,'0000-00-00',0.00000000,0,0.00000000,0.00000000,0.00000000,0,1,1,0,1,0,'0000-00-00 00:00:00','0000-00-00 00:00:00'),(1137,'117643','117643','','','','','','Санкт-Петербург',100500,7,'catalog/images/image_kissat_21_29_item_14.jpg',0,1,1.2000,0,0,'0000-00-00',0.00000000,0,0.00000000,0.00000000,0.00000000,0,1,1,0,1,0,'0000-00-00 00:00:00','0000-00-00 00:00:00'),(1138,'113766','113766','','','','','','Санкт-Петербург',100500,7,'catalog/images/image_koirat_21_129_item_19.jpg',16,1,11.9000,0,0,'0000-00-00',0.00000000,0,0.00000000,0.00000000,0.00000000,0,1,1,0,1,0,'0000-00-00 00:00:00','0000-00-00 00:00:00'),(1139,'033948','033948','','','','','','Санкт-Петербург',100500,7,'catalog/images/image_koirat_21_113_item_18.jpg',88,1,34.9000,0,0,'0000-00-00',0.00000000,0,0.00000000,0.00000000,0.00000000,0,1,1,0,1,0,'0000-00-00 00:00:00','0000-00-00 00:00:00'),(1140,'C157047','107714','','','','','','Санкт-Петербург',100500,7,'catalog/images/image_koirat_21_62_item_1.jpg',58,1,6.9000,0,0,'0000-00-00',0.00000000,0,0.00000000,0.00000000,0.00000000,0,1,1,0,1,0,'0000-00-00 00:00:00','0000-00-00 00:00:00'),(1141,'116606','116606','','','','','','Санкт-Петербург',100500,7,'catalog/images/image_koirat_21_37_item_20.jpg',80,1,29.9000,0,0,'0000-00-00',0.00000000,0,0.00000000,0.00000000,0.00000000,0,1,1,0,1,0,'0000-00-00 00:00:00','0000-00-00 00:00:00'),(1142,'C153052','106218','','','','','','Санкт-Петербург',100500,7,'catalog/images/image_koirat_21_26_item_13.jpg',42,1,5.9000,0,0,'0000-00-00',0.00000000,0,0.00000000,0.00000000,0.00000000,0,1,1,0,1,0,'0000-00-00 00:00:00','0000-00-00 00:00:00'),(1143,'C76414','028122','','','','','','Санкт-Петербург',100500,7,'catalog/images/image_koirat_21_102_item_19.jpg',17,1,23.9000,0,0,'0000-00-00',0.00000000,0,0.00000000,0.00000000,0.00000000,0,1,1,0,1,0,'0000-00-00 00:00:00','0000-00-00 00:00:00'),(1144,'C162378','109015','','','','','','Санкт-Петербург',100500,7,'catalog/images/image_koirat_21_73_item_0.jpg',104,1,5.9500,0,0,'0000-00-00',0.00000000,0,0.00000000,0.00000000,0.00000000,0,1,1,0,1,0,'0000-00-00 00:00:00','0000-00-00 00:00:00'),(1145,'C135787','103053','','','','','','Санкт-Петербург',100500,7,'catalog/images/image_koirat_21_54_item_3.jpg',0,1,13.9000,0,0,'0000-00-00',0.00000000,0,0.00000000,0.00000000,0.00000000,0,1,1,0,1,0,'0000-00-00 00:00:00','0000-00-00 00:00:00'),(1146,'C156132','107294','','','','','','Санкт-Петербург',100500,7,'catalog/images/image_koirat_21_29_item_8.jpg',0,1,34.9000,0,0,'0000-00-00',0.00000000,0,0.00000000,0.00000000,0.00000000,0,1,1,0,1,0,'0000-00-00 00:00:00','0000-00-00 00:00:00'),(1147,'103486','103486','','','','','','Санкт-Петербург',100500,7,'catalog/images/image_koirat_21_120_item_9.jpg',26,1,29.9000,0,0,'0000-00-00',0.00000000,0,0.00000000,0.00000000,0.00000000,0,1,1,0,1,0,'0000-00-00 00:00:00','0000-00-00 00:00:00'),(1148,'106618','106618','','','','','','Санкт-Петербург',100500,7,'catalog/images/image_koirat_21_30_item_15.jpg',0,1,5.0000,0,0,'0000-00-00',0.00000000,0,0.00000000,0.00000000,0.00000000,0,1,1,0,1,0,'0000-00-00 00:00:00','0000-00-00 00:00:00'),(1149,'C129185','101000','','','','','','Санкт-Петербург',100500,7,'catalog/images/image_koirat_21_53_item_2.jpg',17,1,17.9000,0,0,'0000-00-00',0.00000000,0,0.00000000,0.00000000,0.00000000,0,1,1,0,1,0,'0000-00-00 00:00:00','0000-00-00 00:00:00'),(1150,'102158','102158','','','','','','Санкт-Петербург',100500,7,'catalog/images/image_lemmikinomistajille_21_8_item_8.jpg',0,1,4.9500,0,0,'0000-00-00',0.00000000,0,0.00000000,0.00000000,0.00000000,0,1,1,0,1,0,'0000-00-00 00:00:00','0000-00-00 00:00:00'),(1151,'106891','106891','','','','','','Санкт-Петербург',100500,7,'catalog/images/image_koirat_21_126_item_10.jpg',77,1,6.9000,0,0,'0000-00-00',0.00000000,0,0.00000000,0.00000000,0.00000000,0,1,1,0,1,0,'0000-00-00 00:00:00','0000-00-00 00:00:00'),(1152,'033974','033974','','','','','','Санкт-Петербург',100500,7,'catalog/images/image_koirat_21_114_item_17.jpg',88,1,49.9000,0,0,'0000-00-00',0.00000000,0,0.00000000,0.00000000,0.00000000,0,1,1,0,1,0,'0000-00-00 00:00:00','0000-00-00 00:00:00'),(1153,'C68188','001446','','','','','','Санкт-Петербург',100500,7,'catalog/images/image_koirat_21_141_item_0.jpg',13,1,67.9000,0,0,'0000-00-00',0.00000000,0,0.00000000,0.00000000,0.00000000,0,1,1,0,1,0,'0000-00-00 00:00:00','0000-00-00 00:00:00'),(1154,'104630','104630','','','','','','Санкт-Петербург',100500,7,'catalog/images/image_kissat_21_58_item_0.jpg',87,1,12.9900,0,0,'0000-00-00',0.00000000,0,0.00000000,0.00000000,0.00000000,0,1,1,0,1,0,'0000-00-00 00:00:00','0000-00-00 00:00:00'),(1155,'C162528','109059','','','','','','Санкт-Петербург',100500,7,'catalog/images/image_tarjoukset_21_5_item_20.jpg',62,1,4.5000,0,0,'0000-00-00',0.00000000,0,0.00000000,0.00000000,0.00000000,0,1,1,0,1,0,'0000-00-00 00:00:00','0000-00-00 00:00:00'),(1156,'033564','033564','','','','','','Санкт-Петербург',100500,7,'catalog/images/image_koirat_21_42_item_0.jpg',46,1,10.9000,0,0,'0000-00-00',0.00000000,0,0.00000000,0.00000000,0.00000000,0,1,1,0,1,0,'0000-00-00 00:00:00','0000-00-00 00:00:00'),(1157,'033968','033968','','','','','','Санкт-Петербург',100500,7,'catalog/images/image_koirat_21_114_item_13.jpg',88,1,45.9000,0,0,'0000-00-00',0.00000000,0,0.00000000,0.00000000,0.00000000,0,1,1,0,1,0,'0000-00-00 00:00:00','0000-00-00 00:00:00'),(1158,'028291','028291','','','','','','Санкт-Петербург',100500,7,'catalog/images/image_lemmikinomistajille_21_1_item_15.jpg',0,1,3.9500,0,0,'0000-00-00',0.00000000,0,0.00000000,0.00000000,0.00000000,0,1,1,0,1,0,'0000-00-00 00:00:00','0000-00-00 00:00:00'),(1159,'C70051','029810','','','','','','Санкт-Петербург',100500,7,'catalog/images/image_koirat_21_141_item_13.jpg',13,1,28.9000,0,0,'0000-00-00',0.00000000,0,0.00000000,0.00000000,0.00000000,0,1,1,0,1,0,'0000-00-00 00:00:00','0000-00-00 00:00:00'),(1160,'021879','021879','','','','','','Санкт-Петербург',100500,7,'catalog/images/image_koirat_21_97_item_0.jpg',76,1,15.9000,0,0,'0000-00-00',0.00000000,0,0.00000000,0.00000000,0.00000000,0,1,1,0,1,0,'0000-00-00 00:00:00','0000-00-00 00:00:00'),(1161,'C68562','002602','','','','','','Санкт-Петербург',100500,7,'catalog/images/image_koirat_21_91_item_6.jpg',35,1,13.9000,0,0,'0000-00-00',0.00000000,0,0.00000000,0.00000000,0.00000000,0,1,1,0,1,0,'0000-00-00 00:00:00','0000-00-00 00:00:00'),(1162,'C79761','031230','','','','','','Санкт-Петербург',100500,7,'catalog/images/image_koirat_21_145_item_1.jpg',31,1,24.9000,0,0,'0000-00-00',0.00000000,0,0.00000000,0.00000000,0.00000000,0,1,1,0,1,0,'0000-00-00 00:00:00','0000-00-00 00:00:00'),(1163,'035039','035039','','','','','','Санкт-Петербург',100500,7,'catalog/images/image_kissat_21_12_item_10.jpg',22,1,2.9900,0,0,'0000-00-00',0.00000000,0,0.00000000,0.00000000,0.00000000,0,1,1,0,1,0,'0000-00-00 00:00:00','0000-00-00 00:00:00'),(1164,'C152763','106018','','','','','','Санкт-Петербург',100500,7,'catalog/images/image_tarjoukset_21_2_item_16.jpg',42,1,28.9000,0,0,'0000-00-00',0.00000000,0,0.00000000,0.00000000,0.00000000,0,1,1,0,1,0,'0000-00-00 00:00:00','0000-00-00 00:00:00'),(1165,'C79910','031316','','','','','','Санкт-Петербург',100500,7,'catalog/images/image_pienelaimet_21_5_item_9.jpg',16,1,2.9000,0,0,'0000-00-00',0.00000000,0,0.00000000,0.00000000,0.00000000,0,1,1,0,1,0,'0000-00-00 00:00:00','0000-00-00 00:00:00'),(1166,'016910','016910','','','','','','Санкт-Петербург',100500,7,'catalog/images/image_koirat_21_95_item_1.jpg',35,1,38.9000,0,0,'0000-00-00',0.00000000,0,0.00000000,0.00000000,0.00000000,0,1,1,0,1,0,'0000-00-00 00:00:00','0000-00-00 00:00:00'),(1167,'C176637','116601','','','','','','Санкт-Петербург',100500,7,'catalog/images/image_kissat_21_11_item_3.jpg',148,1,1.1900,0,0,'0000-00-00',0.00000000,0,0.00000000,0.00000000,0.00000000,0,1,1,0,1,0,'0000-00-00 00:00:00','0000-00-00 00:00:00'),(1168,'C74901','026521','','','','','','Санкт-Петербург',100500,7,'catalog/images/image_koirat_21_10_item_7.jpg',80,1,1.7900,0,0,'0000-00-00',0.00000000,0,0.00000000,0.00000000,0.00000000,0,1,1,0,1,0,'0000-00-00 00:00:00','0000-00-00 00:00:00'),(1169,'033986','033986','','','','','','Санкт-Петербург',100500,7,'catalog/images/image_koirat_21_115_item_6.jpg',88,1,24.9000,0,0,'0000-00-00',0.00000000,0,0.00000000,0.00000000,0.00000000,0,1,1,0,1,0,'0000-00-00 00:00:00','0000-00-00 00:00:00'),(1170,'109664','109664','','','','','','Санкт-Петербург',100500,7,'catalog/images/image_koirat_21_34_item_2.jpg',79,1,1.9900,0,0,'0000-00-00',0.00000000,0,0.00000000,0.00000000,0.00000000,0,1,1,0,1,0,'0000-00-00 00:00:00','0000-00-00 00:00:00'),(1171,'C170136','113329','','','','','','Санкт-Петербург',100500,7,'catalog/images/image_pennut_21_4_item_1.jpg',42,1,14.9000,0,0,'0000-00-00',0.00000000,0,0.00000000,0.00000000,0.00000000,0,1,1,0,1,0,'0000-00-00 00:00:00','0000-00-00 00:00:00'),(1172,'C154125','106679','','','','','','Санкт-Петербург',100500,7,'catalog/images/image_kissat_21_21_item_13.jpg',68,1,5.9900,0,0,'0000-00-00',0.00000000,0,0.00000000,0.00000000,0.00000000,0,1,1,0,1,0,'0000-00-00 00:00:00','0000-00-00 00:00:00'),(1173,'C132171','101027','','','','','','Санкт-Петербург',100500,7,'catalog/images/image_pennut_21_1_item_16.jpg',86,1,5.9000,0,0,'0000-00-00',0.00000000,0,0.00000000,0.00000000,0.00000000,0,1,1,0,1,0,'0000-00-00 00:00:00','0000-00-00 00:00:00'),(1174,'102069','102069','','','','','','Санкт-Петербург',100500,7,'catalog/images/image_koirat_21_118_item_11.jpg',118,1,6.4900,0,0,'0000-00-00',0.00000000,0,0.00000000,0.00000000,0.00000000,0,1,1,0,1,0,'0000-00-00 00:00:00','0000-00-00 00:00:00'),(1175,'028923','028923','','','','','','Санкт-Петербург',100500,7,'catalog/images/image_koirat_21_85_item_18.jpg',141,1,15.9000,0,0,'0000-00-00',0.00000000,0,0.00000000,0.00000000,0.00000000,0,1,1,0,1,0,'0000-00-00 00:00:00','0000-00-00 00:00:00'),(1176,'C75807','027540','','','','','','Санкт-Петербург',100500,7,'catalog/images/image_koirat_21_77_item_10.jpg',99,1,0.0000,0,0,'0000-00-00',0.00000000,0,0.00000000,0.00000000,0.00000000,0,1,1,0,1,0,'0000-00-00 00:00:00','0000-00-00 00:00:00'),(1177,'C68953','021522','','','','','','Санкт-Петербург',100500,7,'catalog/images/image_kissat_21_58_item_5.jpg',130,1,1.2900,0,0,'0000-00-00',0.00000000,0,0.00000000,0.00000000,0.00000000,0,1,1,0,1,0,'0000-00-00 00:00:00','0000-00-00 00:00:00'),(1178,'034246','034246','','','','','','Санкт-Петербург',100500,7,'catalog/images/image_koirat_21_15_item_8.jpg',0,1,3.9900,0,0,'0000-00-00',0.00000000,0,0.00000000,0.00000000,0.00000000,0,1,1,0,1,1,'0000-00-00 00:00:00','0000-00-00 00:00:00'),(1179,'032786','032786','','','','','','Санкт-Петербург',100500,7,'catalog/images/image_kissat_21_30_item_7.jpg',72,1,1.3900,0,0,'0000-00-00',0.00000000,0,0.00000000,0.00000000,0.00000000,0,1,1,0,1,0,'0000-00-00 00:00:00','0000-00-00 00:00:00'),(1180,'034062','034062','','','','','','Санкт-Петербург',100500,7,'catalog/images/image_kissat_21_4_item_1.jpg',0,1,19.9000,0,0,'0000-00-00',0.00000000,0,0.00000000,0.00000000,0.00000000,0,1,1,0,1,0,'0000-00-00 00:00:00','0000-00-00 00:00:00'),(1181,'113071','113071','','','','','','Санкт-Петербург',100500,7,'catalog/images/image_koirat_21_127_item_6.jpg',16,1,29.9900,0,0,'0000-00-00',0.00000000,0,0.00000000,0.00000000,0.00000000,0,1,1,0,1,0,'0000-00-00 00:00:00','0000-00-00 00:00:00'),(1182,'101110','101110','','','','','','Санкт-Петербург',100500,7,'catalog/images/image_koirat_21_18_item_20.jpg',42,1,12.9000,0,0,'0000-00-00',0.00000000,0,0.00000000,0.00000000,0.00000000,0,1,1,0,1,0,'0000-00-00 00:00:00','0000-00-00 00:00:00'),(1183,'002203','002203','','','','','','Санкт-Петербург',100500,7,'catalog/images/image_koirat_21_90_item_16.jpg',84,1,29.9000,0,0,'0000-00-00',0.00000000,0,0.00000000,0.00000000,0.00000000,0,1,1,0,1,0,'0000-00-00 00:00:00','0000-00-00 00:00:00'),(1184,'034386','034386','','','','','','Санкт-Петербург',100500,7,'catalog/images/image_koirat_21_10_item_4.jpg',80,1,1.9950,0,0,'0000-00-00',0.00000000,0,0.00000000,0.00000000,0.00000000,0,1,1,0,1,0,'0000-00-00 00:00:00','0000-00-00 00:00:00'),(1185,'032514','032514','','','','','','Санкт-Петербург',100500,7,'catalog/images/image_kissat_21_3_item_7.jpg',148,1,2.2900,0,0,'0000-00-00',0.00000000,0,0.00000000,0.00000000,0.00000000,0,1,1,0,1,0,'0000-00-00 00:00:00','0000-00-00 00:00:00'),(1186,'100849','100849','','','','','','Санкт-Петербург',100500,7,'catalog/images/image_koirat_21_17_item_20.jpg',29,1,3.9000,0,0,'0000-00-00',0.00000000,0,0.00000000,0.00000000,0.00000000,0,1,1,0,1,0,'0000-00-00 00:00:00','0000-00-00 00:00:00'),(1187,'106240','106240','','','','','','Санкт-Петербург',100500,7,'catalog/images/image_koirat_21_27_item_1.jpg',42,1,9.9000,0,0,'0000-00-00',0.00000000,0,0.00000000,0.00000000,0.00000000,0,1,1,0,1,0,'0000-00-00 00:00:00','0000-00-00 00:00:00'),(1188,'C157471','108002','','','','','','Санкт-Петербург',100500,7,'catalog/images/image_tarjoukset_21_6_item_9.jpg',39,1,36.9000,0,0,'0000-00-00',0.00000000,0,0.00000000,0.00000000,0.00000000,0,1,1,0,1,0,'0000-00-00 00:00:00','0000-00-00 00:00:00'),(1189,'C131040','101786','','','','','','Санкт-Петербург',100500,7,'catalog/images/image_koirat_21_88_item_10.jpg',39,1,47.9000,0,0,'0000-00-00',0.00000000,0,0.00000000,0.00000000,0.00000000,0,1,1,0,1,0,'0000-00-00 00:00:00','0000-00-00 00:00:00'),(1190,'108716','108716','','','','','','Санкт-Петербург',100500,7,'catalog/images/image_pienelaimet_21_12_item_5.jpg',30,1,6.9000,0,0,'0000-00-00',0.00000000,0,0.00000000,0.00000000,0.00000000,0,1,1,0,1,0,'0000-00-00 00:00:00','0000-00-00 00:00:00'),(1191,'C129112','103201','','','','','','Санкт-Петербург',100500,7,'catalog/images/image_koirat_21_120_item_3.jpg',17,1,24.9000,0,0,'0000-00-00',0.00000000,0,0.00000000,0.00000000,0.00000000,0,1,1,0,1,0,'0000-00-00 00:00:00','0000-00-00 00:00:00'),(1192,'106205','106205','','','','','','Санкт-Петербург',100500,7,'catalog/images/image_kissat_21_22_item_2.jpg',20,1,7.9000,0,0,'0000-00-00',0.00000000,0,0.00000000,0.00000000,0.00000000,0,1,1,0,1,0,'0000-00-00 00:00:00','0000-00-00 00:00:00'),(1193,'053739','053739','','','','','','Санкт-Петербург',100500,7,'catalog/images/image_koirat_21_54_item_10.jpg',0,1,1.7900,0,0,'0000-00-00',0.00000000,0,0.00000000,0.00000000,0.00000000,0,1,1,0,1,0,'0000-00-00 00:00:00','0000-00-00 00:00:00'),(1194,'C170595','113519','','','','','','Санкт-Петербург',100500,7,'catalog/images/image_koirat_21_126_item_14.jpg',14,1,18.9000,0,0,'0000-00-00',0.00000000,0,0.00000000,0.00000000,0.00000000,0,1,1,0,1,0,'0000-00-00 00:00:00','0000-00-00 00:00:00'),(1195,'113748','113748','','','','','','Санкт-Петербург',100500,7,'catalog/images/image_koirat_21_128_item_9.jpg',16,1,9.9000,0,0,'0000-00-00',0.00000000,0,0.00000000,0.00000000,0.00000000,0,1,1,0,1,0,'0000-00-00 00:00:00','0000-00-00 00:00:00'),(1196,'C83503','033584','','','','','','Санкт-Петербург',100500,7,'catalog/images/image_kissat_21_17_item_14.jpg',72,1,4.9000,0,0,'0000-00-00',0.00000000,0,0.00000000,0.00000000,0.00000000,0,1,1,0,1,0,'0000-00-00 00:00:00','0000-00-00 00:00:00'),(1197,'C163270','109355','','','','','','Санкт-Петербург',100500,7,'catalog/images/image_koirat_21_87_item_3.jpg',39,1,32.9000,0,0,'0000-00-00',0.00000000,0,0.00000000,0.00000000,0.00000000,0,1,1,0,1,0,'0000-00-00 00:00:00','0000-00-00 00:00:00'),(1198,'C73847','023913','','','','','','Санкт-Петербург',100500,7,'catalog/images/image_royal-canin_koirat_lisaravinteet_21_1_item_0.jpg',13,1,3.9900,0,0,'0000-00-00',0.00000000,0,0.00000000,0.00000000,0.00000000,0,1,1,0,1,0,'0000-00-00 00:00:00','0000-00-00 00:00:00'),(1199,'109418','109418','','','','','','Санкт-Петербург',100500,7,'catalog/images/image_koirat_21_132_item_18.jpg',17,1,29.9000,0,0,'0000-00-00',0.00000000,0,0.00000000,0.00000000,0.00000000,0,1,1,0,1,0,'0000-00-00 00:00:00','0000-00-00 00:00:00'),(1200,'C148024','103948','','','','','','Санкт-Петербург',100500,7,'catalog/images/image_koirat_21_84_item_7.jpg',23,1,21.9000,0,0,'0000-00-00',0.00000000,0,0.00000000,0.00000000,0.00000000,0,1,1,0,1,0,'0000-00-00 00:00:00','0000-00-00 00:00:00'),(1201,'100723','100723','','','','','','Санкт-Петербург',100500,7,'catalog/images/image_pennut_21_1_item_20.jpg',0,1,4.0900,0,0,'0000-00-00',0.00000000,0,0.00000000,0.00000000,0.00000000,0,1,1,0,1,0,'0000-00-00 00:00:00','0000-00-00 00:00:00'),(1202,'106253','106253','','','','','','Санкт-Петербург',100500,7,'catalog/images/image_koirat_21_27_item_11.jpg',0,1,15.9000,0,0,'0000-00-00',0.00000000,0,0.00000000,0.00000000,0.00000000,0,1,1,0,1,0,'0000-00-00 00:00:00','0000-00-00 00:00:00'),(1203,'108117','108117','','','','','','Санкт-Петербург',100500,7,'catalog/images/image_koirat_21_65_item_5.jpg',0,1,3.7900,0,0,'0000-00-00',0.00000000,0,0.00000000,0.00000000,0.00000000,0,1,1,0,1,0,'0000-00-00 00:00:00','0000-00-00 00:00:00'),(1204,'C128676','100786','','','','','','Санкт-Петербург',100500,7,'catalog/images/image_koirat_21_16_item_13.jpg',0,1,9.9000,0,0,'0000-00-00',0.00000000,0,0.00000000,0.00000000,0.00000000,0,1,1,0,1,0,'0000-00-00 00:00:00','0000-00-00 00:00:00'),(1205,'C125071','103187','','','','','','Санкт-Петербург',100500,7,'catalog/images/image_koirat_21_116_item_15.jpg',17,1,39.9000,0,0,'0000-00-00',0.00000000,0,0.00000000,0.00000000,0.00000000,0,1,1,0,1,0,'0000-00-00 00:00:00','0000-00-00 00:00:00'),(1206,'C68127','022057','','','','','','Санкт-Петербург',100500,7,'catalog/images/image_koirat_21_140_item_0.jpg',0,1,27.9000,0,0,'0000-00-00',0.00000000,0,0.00000000,0.00000000,0.00000000,0,1,1,0,1,0,'0000-00-00 00:00:00','0000-00-00 00:00:00'),(1207,'102735','102735','','','','','','Санкт-Петербург',100500,7,'catalog/images/image_kissat_21_19_item_9.jpg',22,1,9.9000,0,0,'0000-00-00',0.00000000,0,0.00000000,0.00000000,0.00000000,0,1,1,0,1,0,'0000-00-00 00:00:00','0000-00-00 00:00:00'),(1208,'030724','030724','','','','','','Санкт-Петербург',100500,7,'catalog/images/image_koirat_21_11_item_19.jpg',0,1,5.9900,0,0,'0000-00-00',0.00000000,0,0.00000000,0.00000000,0.00000000,0,1,1,0,1,0,'0000-00-00 00:00:00','0000-00-00 00:00:00'),(1209,'C69570','012035','','','','','','Санкт-Петербург',100500,7,'catalog/images/image_pienelaimet_21_3_item_5.jpg',171,1,6.9000,0,0,'0000-00-00',0.00000000,0,0.00000000,0.00000000,0.00000000,0,1,1,0,1,0,'0000-00-00 00:00:00','0000-00-00 00:00:00'),(1210,'C81444','032358','','','','','','Санкт-Петербург',100500,7,'catalog/images/image_koirat_21_5_item_8.jpg',69,1,14.9000,0,0,'0000-00-00',0.00000000,0,0.00000000,0.00000000,0.00000000,0,1,1,0,1,0,'0000-00-00 00:00:00','0000-00-00 00:00:00'),(1211,'113725','113725','','','','','','Санкт-Петербург',100500,7,'catalog/images/image_koirat_21_36_item_10.jpg',0,1,8.9900,0,0,'0000-00-00',0.00000000,0,0.00000000,0.00000000,0.00000000,0,1,1,0,1,0,'0000-00-00 00:00:00','0000-00-00 00:00:00'),(1212,'C70434','025529','','','','','','Санкт-Петербург',100500,7,'catalog/images/image_koirat_21_141_item_20.jpg',95,1,15.9000,0,0,'0000-00-00',0.00000000,0,0.00000000,0.00000000,0.00000000,0,1,1,0,1,0,'0000-00-00 00:00:00','0000-00-00 00:00:00'),(1213,'C125025','100244','','','','','','Санкт-Петербург',100500,7,'catalog/images/image_royal-canin_koirat_sporting-life-urban-life_21_1_item_9.jpg',13,1,24.9000,0,0,'0000-00-00',0.00000000,0,0.00000000,0.00000000,0.00000000,0,1,1,0,1,0,'0000-00-00 00:00:00','0000-00-00 00:00:00'),(1214,'C77916','029585','','','','','','Санкт-Петербург',100500,7,'catalog/images/image_koirat_21_111_item_18.jpg',172,1,13.9000,0,0,'0000-00-00',0.00000000,0,0.00000000,0.00000000,0.00000000,0,1,1,0,1,0,'0000-00-00 00:00:00','0000-00-00 00:00:00'),(1215,'C157819','106749','','','','','','Санкт-Петербург',100500,7,'catalog/images/image_koirat_21_25_item_9.jpg',79,1,19.9000,0,0,'0000-00-00',0.00000000,0,0.00000000,0.00000000,0.00000000,0,1,1,0,1,0,'0000-00-00 00:00:00','0000-00-00 00:00:00'),(1216,'C125049','012034','','','','','','Санкт-Петербург',100500,7,'catalog/images/image_pienelaimet_21_8_item_3.jpg',84,1,26.9000,0,0,'0000-00-00',0.00000000,0,0.00000000,0.00000000,0.00000000,0,1,1,0,1,0,'0000-00-00 00:00:00','0000-00-00 00:00:00'),(1217,'003924','003924','','','','','','Санкт-Петербург',100500,7,'catalog/images/image_pienelaimet_21_2_item_18.jpg',53,1,79.9000,0,0,'0000-00-00',0.00000000,0,0.00000000,0.00000000,0.00000000,0,1,1,0,1,0,'0000-00-00 00:00:00','0000-00-00 00:00:00'),(1218,'053299','053299','','','','','','Санкт-Петербург',100500,7,'catalog/images/image_kissat_21_23_item_13.jpg',41,1,1.6900,0,0,'0000-00-00',0.00000000,0,0.00000000,0.00000000,0.00000000,0,1,1,0,1,0,'0000-00-00 00:00:00','0000-00-00 00:00:00'),(1219,'C171655','114032','','','','','','Санкт-Петербург',100500,7,'catalog/images/image_koirat_21_79_item_10.jpg',11,1,7.9000,0,0,'0000-00-00',0.00000000,0,0.00000000,0.00000000,0.00000000,0,1,1,0,1,0,'0000-00-00 00:00:00','0000-00-00 00:00:00'),(1220,'113775','113775','','','','','','Санкт-Петербург',100500,7,'catalog/images/image_koirat_21_127_item_14.jpg',16,1,9.9900,0,0,'0000-00-00',0.00000000,0,0.00000000,0.00000000,0.00000000,0,1,1,0,1,1,'0000-00-00 00:00:00','0000-00-00 00:00:00'),(1221,'002202','002202','','','','','','Санкт-Петербург',100500,7,'catalog/images/image_kissat_21_36_item_20.jpg',84,1,12.9000,0,0,'0000-00-00',0.00000000,0,0.00000000,0.00000000,0.00000000,0,1,1,0,1,0,'0000-00-00 00:00:00','0000-00-00 00:00:00'),(1222,'C129411','101084','','','','','','Санкт-Петербург',100500,7,'catalog/images/image_koirat_21_119_item_9.jpg',78,1,8.9000,0,0,'0000-00-00',0.00000000,0,0.00000000,0.00000000,0.00000000,0,1,1,0,1,0,'0000-00-00 00:00:00','0000-00-00 00:00:00'),(1223,'114054','114054','','','','','','Санкт-Петербург',100500,7,'catalog/images/image_koirat_21_36_item_1.jpg',42,1,6.9000,0,0,'0000-00-00',0.00000000,0,0.00000000,0.00000000,0.00000000,0,1,1,0,1,0,'0000-00-00 00:00:00','0000-00-00 00:00:00'),(1224,'C158433','108371','','','','','','Санкт-Петербург',100500,7,'catalog/images/image_koirat_21_122_item_20.jpg',44,1,19.9000,0,0,'0000-00-00',0.00000000,0,0.00000000,0.00000000,0.00000000,0,1,1,0,1,0,'0000-00-00 00:00:00','0000-00-00 00:00:00'),(1225,'113040','113040','','','','','','Санкт-Петербург',100500,7,'catalog/images/image_kissat_21_48_item_18.jpg',16,1,6.9900,0,0,'0000-00-00',0.00000000,0,0.00000000,0.00000000,0.00000000,0,1,1,0,1,0,'0000-00-00 00:00:00','0000-00-00 00:00:00'),(1226,'103725','103725','','','','','','Санкт-Петербург',100500,7,'catalog/images/image_kissat_21_15_item_5.jpg',132,1,29.9000,0,0,'0000-00-00',0.00000000,0,0.00000000,0.00000000,0.00000000,0,1,1,0,1,0,'0000-00-00 00:00:00','0000-00-00 00:00:00'),(1227,'107648','107648','','','','','','Санкт-Петербург',100500,7,'catalog/no_product_image.jpg',58,1,24.9000,0,0,'0000-00-00',0.00000000,0,0.00000000,0.00000000,0.00000000,0,1,1,0,1,0,'0000-00-00 00:00:00','0000-00-00 00:00:00'),(1228,'C170227','113389','','','','','','Санкт-Петербург',100500,7,'catalog/images/image_koirat_21_41_item_2.jpg',42,1,12.9000,0,0,'0000-00-00',0.00000000,0,0.00000000,0.00000000,0.00000000,0,1,1,0,1,0,'0000-00-00 00:00:00','0000-00-00 00:00:00'),(1229,'C100738','050022','','','','','','Санкт-Петербург',100500,7,'catalog/no_product_image.jpg',31,1,28.9000,0,0,'0000-00-00',0.00000000,0,0.00000000,0.00000000,0.00000000,0,1,1,0,1,0,'0000-00-00 00:00:00','0000-00-00 00:00:00'),(1230,'101167','101167','','','','','','Санкт-Петербург',100500,7,'catalog/images/image_koirat_21_54_item_16.jpg',138,1,7.9000,0,0,'0000-00-00',0.00000000,0,0.00000000,0.00000000,0.00000000,0,1,1,0,1,0,'0000-00-00 00:00:00','0000-00-00 00:00:00'),(1231,'117568','117568','','','','','','Санкт-Петербург',100500,7,'catalog/images/image_lemmikinomistajille_21_10_item_17.jpg',0,1,15.9500,0,0,'0000-00-00',0.00000000,0,0.00000000,0.00000000,0.00000000,0,1,1,0,1,0,'0000-00-00 00:00:00','0000-00-00 00:00:00'),(1232,'051774','051774','','','','','','Санкт-Петербург',100500,7,'catalog/images/image_kissat_21_15_item_0.jpg',59,1,2.1900,0,0,'0000-00-00',0.00000000,0,0.00000000,0.00000000,0.00000000,0,1,1,0,1,0,'0000-00-00 00:00:00','0000-00-00 00:00:00'),(1233,'117613','117613','','','','','','Санкт-Петербург',100500,7,'catalog/images/image_lemmikinomistajille_21_12_item_20.jpg',0,1,15.9500,0,0,'0000-00-00',0.00000000,0,0.00000000,0.00000000,0.00000000,0,1,1,0,1,0,'0000-00-00 00:00:00','0000-00-00 00:00:00'),(1234,'034728','034728','','','','','','Санкт-Петербург',100500,7,'catalog/images/image_kissat_21_33_item_8.jpg',153,1,17.9000,0,0,'0000-00-00',0.00000000,0,0.00000000,0.00000000,0.00000000,0,1,1,0,1,0,'0000-00-00 00:00:00','0000-00-00 00:00:00'),(1235,'C75758','027507','','','','','','Санкт-Петербург',100500,7,'catalog/images/image_koirat_21_43_item_17.jpg',173,1,9.9000,0,0,'0000-00-00',0.00000000,0,0.00000000,0.00000000,0.00000000,0,1,1,0,1,0,'0000-00-00 00:00:00','0000-00-00 00:00:00'),(1236,'107610','107610','','','','','','Санкт-Петербург',100500,7,'catalog/no_product_image.jpg',58,1,24.9000,0,0,'0000-00-00',0.00000000,0,0.00000000,0.00000000,0.00000000,0,1,1,0,1,0,'0000-00-00 00:00:00','0000-00-00 00:00:00'),(1237,'052056','052056','','','','','','Санкт-Петербург',100500,7,'catalog/no_product_image.jpg',174,1,4.9000,0,0,'0000-00-00',0.00000000,0,0.00000000,0.00000000,0.00000000,0,1,1,0,1,0,'0000-00-00 00:00:00','0000-00-00 00:00:00'),(1238,'114154','114154','','','','','','Санкт-Петербург',100500,7,'catalog/images/image_koirat_21_138_item_3.jpg',30,1,10.9900,0,0,'0000-00-00',0.00000000,0,0.00000000,0.00000000,0.00000000,0,1,1,0,1,0,'0000-00-00 00:00:00','0000-00-00 00:00:00'),(1239,'106645','106645','','','','','','Санкт-Петербург',100500,7,'catalog/images/image_koirat_21_25_item_1.jpg',0,1,19.9000,0,0,'0000-00-00',0.00000000,0,0.00000000,0.00000000,0.00000000,0,1,1,0,1,0,'0000-00-00 00:00:00','0000-00-00 00:00:00'),(1240,'104631','104631','','','','','','Санкт-Петербург',100500,7,'catalog/images/image_kissat_21_57_item_18.jpg',87,1,12.9900,0,0,'0000-00-00',0.00000000,0,0.00000000,0.00000000,0.00000000,0,1,1,0,1,0,'0000-00-00 00:00:00','0000-00-00 00:00:00'),(1241,'C171888','114172','','','','','','Санкт-Петербург',100500,7,'catalog/images/image_koirat_21_130_item_17.jpg',28,1,5.9000,0,0,'0000-00-00',0.00000000,0,0.00000000,0.00000000,0.00000000,0,1,1,0,1,0,'0000-00-00 00:00:00','0000-00-00 00:00:00'),(1242,'C129107','100921','','','','','','Санкт-Петербург',100500,7,'catalog/images/image_koirat_21_119_item_19.jpg',17,1,24.9000,0,0,'0000-00-00',0.00000000,0,0.00000000,0.00000000,0.00000000,0,1,1,0,1,0,'0000-00-00 00:00:00','0000-00-00 00:00:00'),(1243,'C162576','109096','','','','','','Санкт-Петербург',100500,7,'catalog/images/image_koirat_21_68_item_14.jpg',62,1,19.9000,0,0,'0000-00-00',0.00000000,0,0.00000000,0.00000000,0.00000000,0,1,1,0,1,0,'0000-00-00 00:00:00','0000-00-00 00:00:00'),(1244,'106466','106466','','','','','','Санкт-Петербург',100500,7,'catalog/images/image_koirat_21_56_item_20.jpg',41,1,6.9900,0,0,'0000-00-00',0.00000000,0,0.00000000,0.00000000,0.00000000,0,1,1,0,1,0,'0000-00-00 00:00:00','0000-00-00 00:00:00'),(1245,'108836','108836','','','','','','Санкт-Петербург',100500,7,'catalog/images/image_koirat_21_71_item_18.jpg',105,1,20.9300,0,0,'0000-00-00',0.00000000,0,0.00000000,0.00000000,0.00000000,0,1,1,0,1,0,'0000-00-00 00:00:00','0000-00-00 00:00:00'),(1246,'114149','114149','','','','','','Санкт-Петербург',100500,7,'catalog/images/image_koirat_21_138_item_8.jpg',30,1,7.9900,0,0,'0000-00-00',0.00000000,0,0.00000000,0.00000000,0.00000000,0,1,1,0,1,0,'0000-00-00 00:00:00','0000-00-00 00:00:00'),(1247,'019830','019830','','','','','','Санкт-Петербург',100500,7,'catalog/no_product_image.jpg',35,1,38.9000,0,0,'0000-00-00',0.00000000,0,0.00000000,0.00000000,0.00000000,0,1,1,0,1,0,'0000-00-00 00:00:00','0000-00-00 00:00:00'),(1248,'C72324','021869','','','','','','Санкт-Петербург',100500,7,'catalog/images/image_royal-canin_kissat_feline-breed-nutrition-roturuoat_21_1_item_5.jpg',13,1,7.9900,0,0,'0000-00-00',0.00000000,0,0.00000000,0.00000000,0.00000000,0,1,1,0,1,0,'0000-00-00 00:00:00','0000-00-00 00:00:00'),(1249,'C80981','032045','','','','','','Санкт-Петербург',100500,7,'catalog/images/image_koirat_21_101_item_4.jpg',17,1,27.9000,0,0,'0000-00-00',0.00000000,0,0.00000000,0.00000000,0.00000000,0,1,1,0,1,0,'0000-00-00 00:00:00','0000-00-00 00:00:00'),(1250,'006246','006246','','','','','','Санкт-Петербург',100500,7,'catalog/images/image_koirat_21_123_item_13.jpg',157,1,42.9000,0,0,'0000-00-00',0.00000000,0,0.00000000,0.00000000,0.00000000,0,1,1,0,1,0,'0000-00-00 00:00:00','0000-00-00 00:00:00'),(1251,'C153698','106526','','','','','','Санкт-Петербург',100500,7,'catalog/images/image_tarjoukset_21_3_item_5.jpg',0,1,39.9000,0,0,'0000-00-00',0.00000000,0,0.00000000,0.00000000,0.00000000,0,1,1,0,1,0,'0000-00-00 00:00:00','0000-00-00 00:00:00'),(1252,'027076','027076','','','','','','Санкт-Петербург',100500,7,'catalog/images/image_kissat_21_35_item_12.jpg',126,1,45.9000,0,0,'0000-00-00',0.00000000,0,0.00000000,0.00000000,0.00000000,0,1,1,0,1,0,'0000-00-00 00:00:00','0000-00-00 00:00:00'),(1253,'102145','102145','','','','','','Санкт-Петербург',100500,7,'catalog/images/image_lemmikinomistajille_21_6_item_17.jpg',0,1,19.9500,0,0,'0000-00-00',0.00000000,0,0.00000000,0.00000000,0.00000000,0,1,1,0,1,0,'0000-00-00 00:00:00','0000-00-00 00:00:00'),(1254,'C153932','106575','','','','','','Санкт-Петербург',100500,7,'catalog/images/image_koirat_21_28_item_0.jpg',40,1,3.9000,0,0,'0000-00-00',0.00000000,0,0.00000000,0.00000000,0.00000000,0,1,1,0,1,0,'0000-00-00 00:00:00','0000-00-00 00:00:00'),(1255,'C159093','108636','','','','','','Санкт-Петербург',100500,7,'catalog/images/image_koirat_21_71_item_1.jpg',75,1,9.9000,0,0,'0000-00-00',0.00000000,0,0.00000000,0.00000000,0.00000000,0,1,1,0,1,0,'0000-00-00 00:00:00','0000-00-00 00:00:00'),(1256,'108135','108135','','','','','','Санкт-Петербург',100500,7,'catalog/images/image_koirat_21_65_item_18.jpg',0,1,4.9900,0,0,'0000-00-00',0.00000000,0,0.00000000,0.00000000,0.00000000,0,1,1,0,1,0,'0000-00-00 00:00:00','0000-00-00 00:00:00'),(1257,'C157509','108031','','','','','','Санкт-Петербург',100500,7,'catalog/images/image_koirat_21_73_item_7.jpg',39,1,21.9000,0,0,'0000-00-00',0.00000000,0,0.00000000,0.00000000,0.00000000,0,1,1,0,1,0,'0000-00-00 00:00:00','0000-00-00 00:00:00'),(1258,'C157382','107926','','','','','','Санкт-Петербург',100500,7,'catalog/images/image_koirat_21_64_item_18.jpg',136,1,14.9000,0,0,'0000-00-00',0.00000000,0,0.00000000,0.00000000,0.00000000,0,1,1,0,1,0,'0000-00-00 00:00:00','0000-00-00 00:00:00'),(1259,'025891','025891','','','','','','Санкт-Петербург',100500,7,'catalog/images/image_koirat_21_98_item_9.jpg',16,1,5.9000,0,0,'0000-00-00',0.00000000,0,0.00000000,0.00000000,0.00000000,0,1,1,0,1,0,'0000-00-00 00:00:00','0000-00-00 00:00:00'),(1260,'107218','107218','','','','','','Санкт-Петербург',100500,7,'catalog/images/image_koirat_21_130_item_5.jpg',16,1,1.9900,0,0,'0000-00-00',0.00000000,0,0.00000000,0.00000000,0.00000000,0,1,1,0,1,0,'0000-00-00 00:00:00','0000-00-00 00:00:00'),(1261,'020436','020436','','','','','','Санкт-Петербург',100500,7,'catalog/images/image_koirat_21_109_item_11.jpg',63,1,21.9000,0,0,'0000-00-00',0.00000000,0,0.00000000,0.00000000,0.00000000,0,1,1,0,1,0,'0000-00-00 00:00:00','0000-00-00 00:00:00'),(1262,'C169741','113104','','','','','','Санкт-Петербург',100500,7,'catalog/images/image_koirat_21_131_item_5.jpg',16,1,6.9900,0,0,'0000-00-00',0.00000000,0,0.00000000,0.00000000,0.00000000,0,1,1,0,1,0,'0000-00-00 00:00:00','0000-00-00 00:00:00'),(1263,'C69482','019792','','','','','','Санкт-Петербург',100500,7,'catalog/images/image_kissat_21_58_item_10.jpg',130,1,1.3500,0,0,'0000-00-00',0.00000000,0,0.00000000,0.00000000,0.00000000,0,1,1,0,1,0,'0000-00-00 00:00:00','0000-00-00 00:00:00'),(1264,'C150698','104975','','','','','','Санкт-Петербург',100500,7,'catalog/images/image_tarjoukset_21_8_item_15.jpg',17,1,29.9000,0,0,'0000-00-00',0.00000000,0,0.00000000,0.00000000,0.00000000,0,1,1,0,1,0,'0000-00-00 00:00:00','0000-00-00 00:00:00'),(1265,'117816','117816','','','','','','Санкт-Петербург',100500,7,'catalog/images/image_kissat_21_27_item_16.jpg',23,1,2.9900,0,0,'0000-00-00',0.00000000,0,0.00000000,0.00000000,0.00000000,0,1,1,0,1,0,'0000-00-00 00:00:00','0000-00-00 00:00:00'),(1266,'C129490','101108','','','','','','Санкт-Петербург',100500,7,'catalog/images/image_koirat_21_16_item_11.jpg',42,1,12.9000,0,0,'0000-00-00',0.00000000,0,0.00000000,0.00000000,0.00000000,0,1,1,0,1,0,'0000-00-00 00:00:00','0000-00-00 00:00:00'),(1267,'C152857','106086','','','','','','Санкт-Петербург',100500,7,'catalog/images/image_koirat_21_23_item_7.jpg',16,1,9.9000,0,0,'0000-00-00',0.00000000,0,0.00000000,0.00000000,0.00000000,0,1,1,0,1,0,'0000-00-00 00:00:00','0000-00-00 00:00:00'),(1268,'010165','010165','','','','','','Санкт-Петербург',100500,7,'catalog/images/image_koirat_21_93_item_4.jpg',164,1,2.9900,0,0,'0000-00-00',0.00000000,0,0.00000000,0.00000000,0.00000000,0,1,1,0,1,0,'0000-00-00 00:00:00','0000-00-00 00:00:00'),(1269,'117455','117455','','','','','','Санкт-Петербург',100500,7,'catalog/images/image_kissat_21_26_item_9.jpg',146,1,22.9000,0,0,'0000-00-00',0.00000000,0,0.00000000,0.00000000,0.00000000,0,1,1,0,1,0,'0000-00-00 00:00:00','0000-00-00 00:00:00'),(1270,'003192','003192','','','','','','Санкт-Петербург',100500,7,'catalog/images/image_koirat_21_106_item_13.jpg',175,1,12.9000,0,0,'0000-00-00',0.00000000,0,0.00000000,0.00000000,0.00000000,0,1,1,0,1,0,'0000-00-00 00:00:00','0000-00-00 00:00:00'),(1271,'C73551','023619','','','','','','Санкт-Петербург',100500,7,'catalog/images/image_koirat_21_110_item_0.jpg',37,1,6.9000,0,0,'0000-00-00',0.00000000,0,0.00000000,0.00000000,0.00000000,0,1,1,0,1,0,'0000-00-00 00:00:00','0000-00-00 00:00:00'),(1272,'C130013','101311','','','','','','Санкт-Петербург',100500,7,'catalog/images/image_pennut_21_1_item_19.jpg',40,1,6.9000,0,0,'0000-00-00',0.00000000,0,0.00000000,0.00000000,0.00000000,0,1,1,0,1,0,'0000-00-00 00:00:00','0000-00-00 00:00:00'),(1273,'C129487','101105','','','','','','Санкт-Петербург',100500,7,'catalog/images/image_koirat_21_16_item_9.jpg',42,1,14.9000,0,0,'0000-00-00',0.00000000,0,0.00000000,0.00000000,0.00000000,0,1,1,0,1,0,'0000-00-00 00:00:00','0000-00-00 00:00:00'),(1274,'C161641','108784','','','','','','Санкт-Петербург',100500,7,'catalog/images/image_koirat_21_30_item_14.jpg',0,1,42.9000,0,0,'0000-00-00',0.00000000,0,0.00000000,0.00000000,0.00000000,0,1,1,0,1,0,'0000-00-00 00:00:00','0000-00-00 00:00:00'),(1275,'C81761','032570','','','','','','Санкт-Петербург',100500,7,'catalog/images/image_koirat_21_6_item_3.jpg',47,1,15.9000,0,0,'0000-00-00',0.00000000,0,0.00000000,0.00000000,0.00000000,0,1,1,0,1,0,'0000-00-00 00:00:00','0000-00-00 00:00:00'),(1276,'029088','029088','','','','','','Санкт-Петербург',100500,7,'catalog/images/image_koirat_21_48_item_2.jpg',45,1,2.4900,0,0,'0000-00-00',0.00000000,0,0.00000000,0.00000000,0.00000000,0,1,1,0,1,0,'0000-00-00 00:00:00','0000-00-00 00:00:00'),(1277,'026946','026946','','','','','','Санкт-Петербург',100500,7,'catalog/images/image_pienelaimet_21_6_item_19.jpg',53,1,2.9000,0,0,'0000-00-00',0.00000000,0,0.00000000,0.00000000,0.00000000,0,1,1,0,1,0,'0000-00-00 00:00:00','0000-00-00 00:00:00'),(1278,'C80552','031751','','','','','','Санкт-Петербург',100500,7,'catalog/images/image_koirat_21_12_item_14.jpg',21,1,15.9000,0,0,'0000-00-00',0.00000000,0,0.00000000,0.00000000,0.00000000,0,1,1,0,1,0,'0000-00-00 00:00:00','0000-00-00 00:00:00'),(1279,'027145','027145','','','','','','Санкт-Петербург',100500,7,'catalog/images/image_koirat_21_2_item_4.jpg',80,1,4.9900,0,0,'0000-00-00',0.00000000,0,0.00000000,0.00000000,0.00000000,0,1,1,0,1,0,'0000-00-00 00:00:00','0000-00-00 00:00:00'),(1280,'C68061','001259','','','','','','Санкт-Петербург',100500,7,'catalog/images/image_kissat_21_40_item_14.jpg',13,1,7.9900,0,0,'0000-00-00',0.00000000,0,0.00000000,0.00000000,0.00000000,0,1,1,0,1,0,'0000-00-00 00:00:00','0000-00-00 00:00:00'),(1281,'025990','025990','','','','','','Санкт-Петербург',100500,7,'catalog/images/image_kissat_21_35_item_6.jpg',53,1,19.9000,0,0,'0000-00-00',0.00000000,0,0.00000000,0.00000000,0.00000000,0,1,1,0,1,0,'0000-00-00 00:00:00','0000-00-00 00:00:00'),(1282,'C170146','113339','','','','','','Санкт-Петербург',100500,7,'catalog/images/image_pennut_21_4_item_8.jpg',42,1,18.9000,0,0,'0000-00-00',0.00000000,0,0.00000000,0.00000000,0.00000000,0,1,1,0,1,0,'0000-00-00 00:00:00','0000-00-00 00:00:00'),(1283,'C80406','031661','','','','','','Санкт-Петербург',100500,7,'catalog/images/image_koirat_21_27_item_7.jpg',0,1,9.9000,0,0,'0000-00-00',0.00000000,0,0.00000000,0.00000000,0.00000000,0,1,1,0,1,0,'0000-00-00 00:00:00','0000-00-00 00:00:00'),(1284,'025733','025733','','','','','','Санкт-Петербург',100500,7,'catalog/images/image_koirat_21_2_item_3.jpg',86,1,3.2500,0,0,'0000-00-00',0.00000000,0,0.00000000,0.00000000,0.00000000,0,1,1,0,1,0,'0000-00-00 00:00:00','0000-00-00 00:00:00'),(1285,'031158','031158','','','','','','Санкт-Петербург',100500,7,'catalog/images/image_lemmikinomistajille_21_1_item_10.jpg',43,1,99.9000,0,0,'0000-00-00',0.00000000,0,0.00000000,0.00000000,0.00000000,0,1,1,0,1,0,'0000-00-00 00:00:00','0000-00-00 00:00:00'),(1286,'024213','024213','','','','','','Санкт-Петербург',100500,7,'catalog/images/image_royal-canin_kissat_sailykkeet_21_1_item_0.jpg',13,1,17.9000,0,0,'0000-00-00',0.00000000,0,0.00000000,0.00000000,0.00000000,0,1,1,0,1,0,'0000-00-00 00:00:00','0000-00-00 00:00:00'),(1287,'C170685','113567','','','','','','Санкт-Петербург',100500,7,'catalog/images/image_tarjoukset_21_6_item_19.jpg',137,1,54.9000,0,0,'0000-00-00',0.00000000,0,0.00000000,0.00000000,0.00000000,0,1,1,0,1,0,'0000-00-00 00:00:00','0000-00-00 00:00:00'),(1288,'C69748','012769','','','','','','Санкт-Петербург',100500,7,'catalog/images/image_koirat_21_108_item_8.jpg',63,1,169.0000,0,0,'0000-00-00',0.00000000,0,0.00000000,0.00000000,0.00000000,0,1,1,0,1,0,'0000-00-00 00:00:00','0000-00-00 00:00:00'),(1289,'C75922','027624','','','','','','Санкт-Петербург',100500,7,'catalog/images/image_kissat_21_1_item_11.jpg',0,1,35.9000,0,0,'0000-00-00',0.00000000,0,0.00000000,0.00000000,0.00000000,0,1,1,0,1,0,'0000-00-00 00:00:00','0000-00-00 00:00:00'),(1290,'C158957','108584','','','','','','Санкт-Петербург',100500,7,'catalog/images/image_kissat_21_23_item_5.jpg',99,1,2.4900,0,0,'0000-00-00',0.00000000,0,0.00000000,0.00000000,0.00000000,0,1,1,0,1,0,'0000-00-00 00:00:00','0000-00-00 00:00:00'),(1291,'112989','112989','','','','','','Санкт-Петербург',100500,7,'catalog/images/image_kissat_21_53_item_18.jpg',75,1,6.9000,0,0,'0000-00-00',0.00000000,0,0.00000000,0.00000000,0.00000000,0,1,1,0,1,0,'0000-00-00 00:00:00','0000-00-00 00:00:00'),(1292,'113654','113654','','','','','','Санкт-Петербург',100500,7,'catalog/images/image_kissat_21_11_item_11.jpg',29,1,1.1900,0,0,'0000-00-00',0.00000000,0,0.00000000,0.00000000,0.00000000,0,1,1,0,1,0,'0000-00-00 00:00:00','0000-00-00 00:00:00'),(1293,'C81531','032403','','','','','','Санкт-Петербург',100500,7,'catalog/images/image_koirat_21_5_item_15.jpg',69,1,6.9000,0,0,'0000-00-00',0.00000000,0,0.00000000,0.00000000,0.00000000,0,1,1,0,1,0,'0000-00-00 00:00:00','0000-00-00 00:00:00'),(1294,'C162459','109042','','','','','','Санкт-Петербург',100500,7,'catalog/images/image_koirat_21_30_item_6.jpg',78,1,29.9000,0,0,'0000-00-00',0.00000000,0,0.00000000,0.00000000,0.00000000,0,1,1,0,1,0,'0000-00-00 00:00:00','0000-00-00 00:00:00'),(1295,'102711','102711','','','','','','Санкт-Петербург',100500,7,'catalog/images/image_pienelaimet_21_2_item_7.jpg',123,1,3.9000,0,0,'0000-00-00',0.00000000,0,0.00000000,0.00000000,0.00000000,0,1,1,0,1,0,'0000-00-00 00:00:00','0000-00-00 00:00:00'),(1296,'109740','109740','','','','','','Санкт-Петербург',100500,7,'catalog/images/image_koirat_21_32_item_8.jpg',0,1,5.9000,0,0,'0000-00-00',0.00000000,0,0.00000000,0.00000000,0.00000000,0,1,1,0,1,0,'0000-00-00 00:00:00','0000-00-00 00:00:00'),(1297,'C178857','117754','','','','','','Санкт-Петербург',100500,7,'catalog/images/image_koirat_21_137_item_7.jpg',101,1,9.9000,0,0,'0000-00-00',0.00000000,0,0.00000000,0.00000000,0.00000000,0,1,1,0,1,0,'0000-00-00 00:00:00','0000-00-00 00:00:00'),(1298,'108680','108680','','','','','','Санкт-Петербург',100500,7,'catalog/images/image_pienelaimet_21_10_item_15.jpg',30,1,7.9000,0,0,'0000-00-00',0.00000000,0,0.00000000,0.00000000,0.00000000,0,1,1,0,1,0,'0000-00-00 00:00:00','0000-00-00 00:00:00'),(1299,'113200','113200','','','','','','Санкт-Петербург',100500,7,'catalog/images/image_pennut_21_8_item_15.jpg',16,1,3.5000,0,0,'0000-00-00',0.00000000,0,0.00000000,0.00000000,0.00000000,0,1,1,0,1,0,'0000-00-00 00:00:00','0000-00-00 00:00:00'),(1300,'024250','024250','','','','','','Санкт-Петербург',100500,7,'catalog/images/image_koirat_21_97_item_19.jpg',35,1,5.9000,0,0,'0000-00-00',0.00000000,0,0.00000000,0.00000000,0.00000000,0,1,1,0,1,0,'0000-00-00 00:00:00','0000-00-00 00:00:00'),(1301,'113020','113020','','','','','','Санкт-Петербург',100500,7,'catalog/images/image_koirat_21_32_item_19.jpg',0,1,3.9000,0,0,'0000-00-00',0.00000000,0,0.00000000,0.00000000,0.00000000,0,1,1,0,1,0,'0000-00-00 00:00:00','0000-00-00 00:00:00'),(1302,'002204','002204','','','','','','Санкт-Петербург',100500,7,'catalog/images/image_koirat_21_90_item_15.jpg',84,1,39.9000,0,0,'0000-00-00',0.00000000,0,0.00000000,0.00000000,0.00000000,0,1,1,0,1,0,'0000-00-00 00:00:00','0000-00-00 00:00:00'),(1303,'101605','101605','','','','','','Санкт-Петербург',100500,7,'catalog/images/image_pienelaimet_21_9_item_1.jpg',19,1,3.9000,0,0,'0000-00-00',0.00000000,0,0.00000000,0.00000000,0.00000000,0,1,1,0,1,0,'0000-00-00 00:00:00','0000-00-00 00:00:00'),(1304,'C149222','104223','','','','','','Санкт-Петербург',100500,7,'catalog/images/image_pennut_21_2_item_13.jpg',0,1,7.9000,0,0,'0000-00-00',0.00000000,0,0.00000000,0.00000000,0.00000000,0,1,1,0,1,0,'0000-00-00 00:00:00','0000-00-00 00:00:00'),(1305,'026577','026577','','','','','','Санкт-Петербург',100500,7,'catalog/images/image_koirat_21_110_item_9.jpg',88,1,289.0000,0,0,'0000-00-00',0.00000000,0,0.00000000,0.00000000,0.00000000,0,1,1,0,1,0,'0000-00-00 00:00:00','0000-00-00 00:00:00'),(1306,'C159091','108635','','','','','','Санкт-Петербург',100500,7,'catalog/images/image_koirat_21_71_item_0.jpg',75,1,9.9000,0,0,'0000-00-00',0.00000000,0,0.00000000,0.00000000,0.00000000,0,1,1,0,1,0,'0000-00-00 00:00:00','0000-00-00 00:00:00'),(1307,'028643','028643','','','','','','Санкт-Петербург',100500,7,'catalog/images/image_kissat_21_55_item_16.jpg',13,1,17.9000,0,0,'0000-00-00',0.00000000,0,0.00000000,0.00000000,0.00000000,0,1,1,0,1,0,'0000-00-00 00:00:00','0000-00-00 00:00:00'),(1308,'102130','102130','','','','','','Санкт-Петербург',100500,7,'catalog/images/image_lemmikinomistajille_21_7_item_15.jpg',0,1,7.9500,0,0,'0000-00-00',0.00000000,0,0.00000000,0.00000000,0.00000000,0,1,1,0,1,0,'0000-00-00 00:00:00','0000-00-00 00:00:00'),(1309,'107759','107759','','','','','','Санкт-Петербург',100500,7,'catalog/images/image_koirat_21_63_item_8.jpg',58,1,24.9000,0,0,'0000-00-00',0.00000000,0,0.00000000,0.00000000,0.00000000,0,1,1,0,1,0,'0000-00-00 00:00:00','0000-00-00 00:00:00'),(1310,'003731','003731','','','','','','Санкт-Петербург',100500,7,'catalog/images/image_pienelaimet_21_2_item_17.jpg',120,1,6.9000,0,0,'0000-00-00',0.00000000,0,0.00000000,0.00000000,0.00000000,0,1,1,0,1,0,'0000-00-00 00:00:00','0000-00-00 00:00:00'),(1311,'113955','113955','','','','','','Санкт-Петербург',100500,7,'catalog/images/image_pienelaimet_21_14_item_0.jpg',16,1,4.9900,0,0,'0000-00-00',0.00000000,0,0.00000000,0.00000000,0.00000000,0,1,1,0,1,0,'0000-00-00 00:00:00','0000-00-00 00:00:00'),(1312,'C72354','021898','','','','','','Санкт-Петербург',100500,7,'catalog/images/image_royal-canin_koirat_medium_21_1_item_4.jpg',13,1,28.9000,0,0,'0000-00-00',0.00000000,0,0.00000000,0.00000000,0.00000000,0,1,1,0,1,0,'0000-00-00 00:00:00','0000-00-00 00:00:00'),(1313,'C83734','033801','','','','','','Санкт-Петербург',100500,7,'catalog/images/image_kissat_21_17_item_20.jpg',59,1,4.9900,0,0,'0000-00-00',0.00000000,0,0.00000000,0.00000000,0.00000000,0,1,1,0,1,0,'0000-00-00 00:00:00','0000-00-00 00:00:00'),(1314,'107742','107742','','','','','','Санкт-Петербург',100500,7,'catalog/images/image_koirat_21_62_item_16.jpg',58,1,6.9000,0,0,'0000-00-00',0.00000000,0,0.00000000,0.00000000,0.00000000,0,1,1,0,1,0,'0000-00-00 00:00:00','0000-00-00 00:00:00'),(1315,'029261','029261','','','','','','Санкт-Петербург',100500,7,'catalog/images/image_kissat_21_2_item_11.jpg',80,1,4.9932,0,0,'0000-00-00',0.00000000,0,0.00000000,0.00000000,0.00000000,0,1,1,0,1,0,'0000-00-00 00:00:00','0000-00-00 00:00:00'),(1316,'C79230','030830','','','','','','Санкт-Петербург',100500,7,'catalog/images/image_tarjoukset_21_4_item_3.jpg',39,1,19.9500,0,0,'0000-00-00',0.00000000,0,0.00000000,0.00000000,0.00000000,0,1,1,0,1,0,'0000-00-00 00:00:00','0000-00-00 00:00:00'),(1317,'114355','114355','','','','','','Санкт-Петербург',100500,7,'catalog/images/image_kissat_21_26_item_14.jpg',22,1,5.9000,0,0,'0000-00-00',0.00000000,0,0.00000000,0.00000000,0.00000000,0,1,1,0,1,0,'0000-00-00 00:00:00','0000-00-00 00:00:00'),(1318,'C69853','013352','','','','','','Санкт-Петербург',100500,7,'catalog/images/image_koirat_21_94_item_3.jpg',164,1,2.9900,0,0,'0000-00-00',0.00000000,0,0.00000000,0.00000000,0.00000000,0,1,1,0,1,0,'0000-00-00 00:00:00','0000-00-00 00:00:00'),(1319,'C68192','001450','','','','','','Санкт-Петербург',100500,7,'catalog/images/image_koirat_21_145_item_9.jpg',13,1,29.9000,0,0,'0000-00-00',0.00000000,0,0.00000000,0.00000000,0.00000000,0,1,1,0,1,0,'0000-00-00 00:00:00','0000-00-00 00:00:00'),(1320,'113988','113988','','','','','','Санкт-Петербург',100500,7,'catalog/images/image_pennut_21_4_item_16.jpg',29,1,3.5900,0,0,'0000-00-00',0.00000000,0,0.00000000,0.00000000,0.00000000,0,1,1,0,1,0,'0000-00-00 00:00:00','0000-00-00 00:00:00'),(1321,'031293','031293','','','','','','Санкт-Петербург',100500,7,'catalog/images/image_koirat_21_43_item_8.jpg',124,1,24.9000,0,0,'0000-00-00',0.00000000,0,0.00000000,0.00000000,0.00000000,0,1,1,0,1,0,'0000-00-00 00:00:00','0000-00-00 00:00:00'),(1322,'C69057','007133','','','','','','Санкт-Петербург',100500,7,'catalog/images/image_koirat_21_107_item_14.jpg',37,1,11.9000,0,0,'0000-00-00',0.00000000,0,0.00000000,0.00000000,0.00000000,0,1,1,0,1,0,'0000-00-00 00:00:00','0000-00-00 00:00:00'),(1323,'030160','030160','','','','','','Санкт-Петербург',100500,7,'catalog/images/image_pienelaimet_21_7_item_13.jpg',53,1,79.9000,0,0,'0000-00-00',0.00000000,0,0.00000000,0.00000000,0.00000000,0,1,1,0,1,0,'0000-00-00 00:00:00','0000-00-00 00:00:00'),(1324,'C157051','107717','','','','','','Санкт-Петербург',100500,7,'catalog/images/image_koirat_21_62_item_2.jpg',58,1,6.9000,0,0,'0000-00-00',0.00000000,0,0.00000000,0.00000000,0.00000000,0,1,1,0,1,0,'0000-00-00 00:00:00','0000-00-00 00:00:00'),(1325,'027625','027625','','','','','','Санкт-Петербург',100500,7,'catalog/images/image_kissat_21_1_item_12.jpg',0,1,29.9000,0,0,'0000-00-00',0.00000000,0,0.00000000,0.00000000,0.00000000,0,1,1,0,1,0,'0000-00-00 00:00:00','0000-00-00 00:00:00'),(1326,'C156962','107659','','','','','','Санкт-Петербург',100500,7,'catalog/images/image_koirat_21_60_item_17.jpg',58,1,18.9000,0,0,'0000-00-00',0.00000000,0,0.00000000,0.00000000,0.00000000,0,1,1,0,1,0,'0000-00-00 00:00:00','0000-00-00 00:00:00'),(1327,'C76473','028164','','','','','','Санкт-Петербург',100500,7,'catalog/images/image_koirat_21_46_item_9.jpg',39,1,46.9000,0,0,'0000-00-00',0.00000000,0,0.00000000,0.00000000,0.00000000,0,1,1,0,1,0,'0000-00-00 00:00:00','0000-00-00 00:00:00'),(1328,'102708','102708','','','','','','Санкт-Петербург',100500,7,'catalog/images/image_pienelaimet_21_2_item_10.jpg',123,1,2.9000,0,0,'0000-00-00',0.00000000,0,0.00000000,0.00000000,0.00000000,0,1,1,0,1,0,'0000-00-00 00:00:00','0000-00-00 00:00:00'),(1329,'033693','033693','','','','','','Санкт-Петербург',100500,7,'catalog/images/image_koirat_21_10_item_0.jpg',80,1,6.9900,0,0,'0000-00-00',0.00000000,0,0.00000000,0.00000000,0.00000000,0,1,1,0,1,0,'0000-00-00 00:00:00','0000-00-00 00:00:00'),(1330,'102080','102080','','','','','','Санкт-Петербург',100500,7,'catalog/images/image_koirat_21_119_item_2.jpg',118,1,4.9900,0,0,'0000-00-00',0.00000000,0,0.00000000,0.00000000,0.00000000,0,1,1,0,1,0,'0000-00-00 00:00:00','0000-00-00 00:00:00'),(1331,'C163637','109591','','','','','','Санкт-Петербург',100500,7,'catalog/images/image_koirat_21_133_item_6.jpg',113,1,24.9000,0,0,'0000-00-00',0.00000000,0,0.00000000,0.00000000,0.00000000,0,1,1,0,1,0,'0000-00-00 00:00:00','0000-00-00 00:00:00'),(1332,'C74486','025708','','','','','','Санкт-Петербург',100500,7,'catalog/images/image_koirat_21_46_item_5.jpg',124,1,11.9000,0,0,'0000-00-00',0.00000000,0,0.00000000,0.00000000,0.00000000,0,1,1,0,1,0,'0000-00-00 00:00:00','0000-00-00 00:00:00'),(1333,'C163684','109624','','','','','','Санкт-Петербург',100500,7,'catalog/images/image_koirat_21_125_item_5.jpg',44,1,16.9000,0,0,'0000-00-00',0.00000000,0,0.00000000,0.00000000,0.00000000,0,1,1,0,1,0,'0000-00-00 00:00:00','0000-00-00 00:00:00'),(1334,'104629','104629','','','','','','Санкт-Петербург',100500,7,'catalog/images/image_kissat_21_57_item_1.jpg',87,1,12.9900,0,0,'0000-00-00',0.00000000,0,0.00000000,0.00000000,0.00000000,0,1,1,0,1,0,'0000-00-00 00:00:00','0000-00-00 00:00:00'),(1335,'105829','105829','','','','','','Санкт-Петербург',100500,7,'catalog/images/image_kissat_21_9_item_11.jpg',80,1,5.2900,0,0,'0000-00-00',0.00000000,0,0.00000000,0.00000000,0.00000000,0,1,1,0,1,0,'0000-00-00 00:00:00','0000-00-00 00:00:00'),(1336,'029104','029104','','','','','','Санкт-Петербург',100500,7,'catalog/images/image_kissat_21_14_item_5.jpg',45,1,3.9900,0,0,'0000-00-00',0.00000000,0,0.00000000,0.00000000,0.00000000,0,1,1,0,1,0,'0000-00-00 00:00:00','0000-00-00 00:00:00'),(1337,'033771','033771','','','','','','Санкт-Петербург',100500,7,'catalog/images/image_koirat_21_6_item_6.jpg',86,1,20.9300,0,0,'0000-00-00',0.00000000,0,0.00000000,0.00000000,0.00000000,0,1,1,0,1,0,'0000-00-00 00:00:00','0000-00-00 00:00:00'),(1338,'C69096','019376','','','','','','Санкт-Петербург',100500,7,'catalog/images/image_koirat_21_141_item_6.jpg',0,1,27.9000,0,0,'0000-00-00',0.00000000,0,0.00000000,0.00000000,0.00000000,0,1,1,0,1,0,'0000-00-00 00:00:00','0000-00-00 00:00:00'),(1339,'C81458','032368','','','','','','Санкт-Петербург',100500,7,'catalog/images/image_koirat_21_5_item_10.jpg',69,1,9.9000,0,0,'0000-00-00',0.00000000,0,0.00000000,0.00000000,0.00000000,0,1,1,0,1,0,'0000-00-00 00:00:00','0000-00-00 00:00:00'),(1340,'107773','107773','','','','','','Санкт-Петербург',100500,7,'catalog/no_product_image.jpg',58,1,24.9000,0,0,'0000-00-00',0.00000000,0,0.00000000,0.00000000,0.00000000,0,1,1,0,1,0,'0000-00-00 00:00:00','0000-00-00 00:00:00'),(1341,'034057','034057','','','','','','Санкт-Петербург',100500,7,'catalog/images/image_koirat_21_15_item_2.jpg',21,1,12.9000,0,0,'0000-00-00',0.00000000,0,0.00000000,0.00000000,0.00000000,0,1,1,0,1,0,'0000-00-00 00:00:00','0000-00-00 00:00:00'),(1342,'C68665','003542','','','','','','Санкт-Петербург',100500,7,'catalog/images/image_koirat_21_91_item_14.jpg',176,1,69.9000,0,0,'0000-00-00',0.00000000,0,0.00000000,0.00000000,0.00000000,0,1,1,0,1,0,'0000-00-00 00:00:00','0000-00-00 00:00:00'),(1343,'031337','031337','','','','','','Санкт-Петербург',100500,7,'catalog/images/image_pienelaimet_21_5_item_20.jpg',16,1,13.9000,0,0,'0000-00-00',0.00000000,0,0.00000000,0.00000000,0.00000000,0,1,1,0,1,0,'0000-00-00 00:00:00','0000-00-00 00:00:00'),(1344,'002239','002239','','','','','','Санкт-Петербург',100500,7,'catalog/images/image_koirat_21_89_item_19.jpg',120,1,11.9000,0,0,'0000-00-00',0.00000000,0,0.00000000,0.00000000,0.00000000,0,1,1,0,1,0,'0000-00-00 00:00:00','0000-00-00 00:00:00'),(1345,'C157568','108065','','','','','','Санкт-Петербург',100500,7,'catalog/images/image_koirat_21_67_item_4.jpg',11,1,11.9000,0,0,'0000-00-00',0.00000000,0,0.00000000,0.00000000,0.00000000,0,1,1,0,1,0,'0000-00-00 00:00:00','0000-00-00 00:00:00'),(1346,'C73703','023754','','','','','','Санкт-Петербург',100500,7,'catalog/images/image_koirat_21_142_item_19.jpg',31,1,25.9000,0,0,'0000-00-00',0.00000000,0,0.00000000,0.00000000,0.00000000,0,1,1,0,1,0,'0000-00-00 00:00:00','0000-00-00 00:00:00'),(1347,'C149273','104247','','','','','','Санкт-Петербург',100500,7,'catalog/images/image_kissat_21_20_item_19.jpg',41,1,3.9000,0,0,'0000-00-00',0.00000000,0,0.00000000,0.00000000,0.00000000,0,1,1,0,1,0,'0000-00-00 00:00:00','0000-00-00 00:00:00'),(1348,'109147','109147','','','','','','Санкт-Петербург',100500,7,'catalog/images/image_kissat_21_24_item_6.jpg',49,1,2.9900,0,0,'0000-00-00',0.00000000,0,0.00000000,0.00000000,0.00000000,0,1,1,0,1,0,'0000-00-00 00:00:00','0000-00-00 00:00:00'),(1349,'032995','032995','','','','','','Санкт-Петербург',100500,7,'catalog/images/image_kissat_21_59_item_2.jpg',90,1,1.3000,0,0,'0000-00-00',0.00000000,0,0.00000000,0.00000000,0.00000000,0,1,1,0,1,0,'0000-00-00 00:00:00','0000-00-00 00:00:00'),(1350,'032209','032209','','','','','','Санкт-Петербург',100500,7,'catalog/images/image_kissat_21_56_item_6.jpg',90,1,1.3000,0,0,'0000-00-00',0.00000000,0,0.00000000,0.00000000,0.00000000,0,1,1,0,1,0,'0000-00-00 00:00:00','0000-00-00 00:00:00'),(1351,'104709','104709','','','','','','Санкт-Петербург',100500,7,'catalog/images/image_kissat_21_46_item_6.jpg',0,1,36.5000,0,0,'0000-00-00',0.00000000,0,0.00000000,0.00000000,0.00000000,0,1,1,0,1,0,'0000-00-00 00:00:00','0000-00-00 00:00:00'),(1352,'020854','020854','','','','','','Санкт-Петербург',100500,7,'catalog/images/image_koirat_21_96_item_12.jpg',35,1,1.9000,0,0,'0000-00-00',0.00000000,0,0.00000000,0.00000000,0.00000000,0,1,1,0,1,0,'0000-00-00 00:00:00','0000-00-00 00:00:00'),(1353,'C69597','012114','','','','','','Санкт-Петербург',100500,7,'catalog/images/image_kissat_21_41_item_9.jpg',177,1,18.9000,0,0,'0000-00-00',0.00000000,0,0.00000000,0.00000000,0.00000000,0,1,1,0,1,0,'0000-00-00 00:00:00','0000-00-00 00:00:00'),(1354,'034948','034948','','','','','','Санкт-Петербург',100500,7,'catalog/images/image_koirat_21_49_item_20.jpg',20,1,5.9000,0,0,'0000-00-00',0.00000000,0,0.00000000,0.00000000,0.00000000,0,1,1,0,1,0,'0000-00-00 00:00:00','0000-00-00 00:00:00'),(1355,'C127303','100580','','','','','','Санкт-Петербург',100500,7,'catalog/images/image_koirat_21_117_item_5.jpg',26,1,16.9000,0,0,'0000-00-00',0.00000000,0,0.00000000,0.00000000,0.00000000,0,1,1,0,1,0,'0000-00-00 00:00:00','0000-00-00 00:00:00'),(1356,'108058','108058','','','','','','Санкт-Петербург',100500,7,'catalog/images/image_koirat_21_68_item_8.jpg',11,1,11.9000,0,0,'0000-00-00',0.00000000,0,0.00000000,0.00000000,0.00000000,0,1,1,0,1,0,'0000-00-00 00:00:00','0000-00-00 00:00:00'),(1357,'102143','102143','','','','','','Санкт-Петербург',100500,7,'catalog/images/image_lemmikinomistajille_21_7_item_3.jpg',0,1,16.9500,0,0,'0000-00-00',0.00000000,0,0.00000000,0.00000000,0.00000000,0,1,1,0,1,0,'0000-00-00 00:00:00','0000-00-00 00:00:00'),(1358,'C70000','014038','','','','','','Санкт-Петербург',100500,7,'catalog/images/image_pienelaimet_21_6_item_2.jpg',178,1,3.9000,0,0,'0000-00-00',0.00000000,0,0.00000000,0.00000000,0.00000000,0,1,1,0,1,0,'0000-00-00 00:00:00','0000-00-00 00:00:00'),(1359,'113035','113035','','','','','','Санкт-Петербург',100500,7,'catalog/images/image_kissat_21_48_item_14.jpg',13,1,17.9000,0,0,'0000-00-00',0.00000000,0,0.00000000,0.00000000,0.00000000,0,1,1,0,1,0,'0000-00-00 00:00:00','0000-00-00 00:00:00'),(1360,'034568','034568','','','','','','Санкт-Петербург',100500,7,'catalog/images/image_koirat_21_8_item_12.jpg',0,1,69.9000,0,0,'0000-00-00',0.00000000,0,0.00000000,0.00000000,0.00000000,0,1,1,0,1,0,'0000-00-00 00:00:00','0000-00-00 00:00:00'),(1361,'028457','028457','','','','','','Санкт-Петербург',100500,7,'catalog/images/image_lemmikinomistajille_21_3_item_15.jpg',0,1,3.9500,0,0,'0000-00-00',0.00000000,0,0.00000000,0.00000000,0.00000000,0,1,1,0,1,0,'0000-00-00 00:00:00','0000-00-00 00:00:00'),(1362,'113023','113023','','','','','','Санкт-Петербург',100500,7,'catalog/images/image_koirat_21_36_item_11.jpg',0,1,9.9000,0,0,'0000-00-00',0.00000000,0,0.00000000,0.00000000,0.00000000,0,1,1,0,1,0,'0000-0